date,price,ret_1d,ret_5d,log_ret_1d,mom_10,mom_20,mom_60,ma_20,ma_50,ma_100,ma_ratio_20_100,vol_10,vol_20,vol_60,vol_of_vol_20,zscore_20,zscore_60,drawdown,regime,entries,exits,size_pct
2016-01-04,100.48238201023452,,,,,,,,,,,,,,,,,0.0,low_vol_meanrev,False,False,1.0
2016-01-05,99.6000414144248,-0.008781047763376626,,-0.008819828353001786,,,,,,,,,,,,,,-0.008781047763376626,low_vol_meanrev,False,False,1.0
2016-01-06,99.64243931606644,0.00042568156638855825,,0.00042559098969421785,,,,,,,,,,,,,,-0.00835910412715457,low_vol_meanrev,False,False,1.0
2016-01-07,100.27214081580428,0.006319611443276862,,0.006299726431938245,,,,,,,,,,,,,,-0.0020923189739752157,low_vol_meanrev,False,False,1.0
2016-01-08,100.81996529710682,0.005463376735008296,,0.005448506628410193,,,,,,,,,,,,,,0.0,low_vol_meanrev,False,False,1.0
2016-01-11,100.32673329624004,-0.004892205620318113,-0.0015490149703918377,-0.004904211631489631,,,,,,,,,,,,,,-0.004892205620318113,low_vol_meanrev,False,False,1.0
2016-01-12,100.2076477106092,-0.0011869776052531034,0.006100462284510666,-0.001187682621118037,,,,,,,,,,,,,,-0.0060733762870596175,low_vol_meanrev,False,False,1.0
2016-01-13,100.13208145976158,-0.0007540966440590102,0.0049139919401408605,-0.0007543811179561657,,,,,,,,,,,,,,-0.006822893018442411,low_vol_meanrev,False,False,1.0
2016-01-14,100.54788443038196,0.004152544964197702,0.0027499524028733457,0.0041439469435841265,,,,,,,,,,,,,,-0.002698680424289668,low_vol_meanrev,False,False,1.0
2016-01-15,101.00010254654192,0.004497539841060272,0.0017867219940441714,0.004487456132033369,,,,,,,,,,,,,,0.0,low_vol_meanrev,False,False,1.0
2016-01-18,101.3931714477051,0.0038917673472860237,0.010629650905867205,0.003884214011617576,0.009064170447092179,,,,,,,0.0779945901970823,,,,,,0.0,low_vol_meanrev,False,False,1.0
2016-01-19,100.58069155828646,-0.008013161811766478,0.0037227083580944065,-0.008045439740694113,0.00984588088453986,,,,,,,0.07537326396788309,,,,,,-0.008013161811766478,low_vol_meanrev,False,False,1.0
2016-01-20,101.11337940569862,0.005296124327236917,0.009800035429518017,0.005282149181814769,0.014762184664772748,,,,,,,0.07826159517825994,,,,,,-0.002759476185738796,low_vol_meanrev,False,False,1.0
2016-01-21,101.34378587385422,0.0022786941699488583,0.007915645843581398,0.0022761018836603263,0.01068736589576269,,,,,,,0.0737606234979052,,,,,,-0.00048707001808656614,low_vol_meanrev,False,False,1.0
2016-01-22,102.02122062296948,0.006684521831052281,0.010110069699751145,0.00666227947963516,0.01191485557768912,,,,,,,0.07601588726922293,,,,,,0.0,low_vol_meanrev,False,False,1.0
2016-01-25,102.12957028129055,0.0010620306016675407,0.007262805010150641,0.0010614670461416178,0.017969656997873118,,,,,,,0.06813200090660142,,,,,,0.0,low_vol_meanrev,False,False,1.0
2016-01-26,100.9383349834238,-0.011663960737187007,0.0035557861016504155,-0.01173251835085725,0.007291731614385011,,,,,,,0.09568309841576988,,,,,,-0.011663960737187007,low_vol_meanrev,False,False,1.0
2016-01-27,100.4648807637402,-0.00469052931932501,-0.006413578952360499,-0.004701564372320929,0.0033236031761942897,,,,,,,0.09937709233073845,,,,,,-0.016299779906694845,low_vol_meanrev,False,False,1.0
2016-01-28,100.03934725936344,-0.004235644347973411,-0.012871421797035043,-0.004244640100352903,-0.005057661569902283,,,,,,,0.09931017889320715,,,,,,-0.020466384184033237,low_vol_meanrev,False,False,1.0
2016-01-29,99.86077621104148,-0.0017850081314404465,-0.021176421912379895,-0.001786603156826568,-0.01128044731415423,,,100.64582883522725,,,,0.09540804989950512,,,,-1.1129216066716738,,-0.022214859653283958,low_vol_meanrev,True,False,1.0
2016-02-01,100.33750529704666,0.004773937316466359,-0.017546974684296557,0.00476257821512841,-0.010411609929796062,-0.0014418120897362607,,100.63858499956785,,,,0.09679759015373647,0.08700658878810652,,,-0.42531137750318115,,-0.017546974684296557,low_vol_meanrev,False,False,1.0
2016-02-02,100.13044325084938,-0.002063655515295859,-0.00800381473210443,-0.002065787786359094,-0.004476488483638685,0.00532531742851039,,100.66510509138908,,,,0.08907827240090295,0.08114390166946693,,,-0.7907166763618987,,-0.01957441928850845,low_vol_meanrev,False,False,1.0
2016-02-03,98.69193304286226,-0.014366362130079913,-0.017647437665778143,-0.014470557452968848,-0.02394783338336226,-0.009539171057315943,,100.61757977772888,,,,0.1066197721699547,0.09635006339387156,,,-2.476308820205822,,-0.03365956822260363,low_vol_meanrev,True,False,1.0
2016-02-04,99.1029282462223,0.004164425507620306,-0.009360507028433163,0.004155778286541859,-0.02211144579127111,-0.011660393007164038,,100.55911914924977,,,,0.10932302713989979,0.09462655571690305,,,-1.7214379468464438,,-0.029635315479465074,low_vol_meanrev,True,False,1.0
2016-02-05,98.86041907953484,-0.0024470434020370524,-0.010017518083301646,-0.0024500423060405587,-0.030981804806234692,-0.019436092958347917,,100.46114183837118,,,,0.09748554988397107,0.0920693088596972,,,-1.732400427967353,,-0.03200983997829088,low_vol_meanrev,True,False,1.0
2016-02-08,98.7213465643928,-0.0014067562775568199,-0.016107224590338975,-0.0014077466881221993,-0.03337156621251458,-0.01600158481296232,,100.38087250177881,,,,0.09527923950470689,0.09092149969340303,,,-1.6551155385067589,,-0.03337156621251458,low_vol_meanrev,True,False,1.0
2016-02-09,98.47193866459116,-0.0025263826769112985,-0.016563439973028893,-0.0025295793668027497,-0.02443468400026283,-0.017321123543690087,,100.29408704947791,,,,0.08330194392383658,0.09112303421839116,,,-1.6720335164957376,,-0.03581363954264516,low_vol_meanrev,True,False,1.0
2016-02-10,98.95779814860904,0.004933989221769908,0.002693888928402277,0.004921856987459884,-0.0150010889743184,-0.011727343465085416,,100.23537288392029,,,,0.0898354811084055,0.0934167082137805,,,-1.1307332991126804,,-0.03105635443237109,low_vol_meanrev,True,False,1.0
2016-02-11,99.3267626467444,0.0037285035140057765,0.002258605315536011,0.0037215698741681087,-0.007123043403827745,-0.012144679030845706,,100.17431679473842,,,,0.09190681893142244,0.0931439273403755,,,-0.7402348398271775,,-0.02744364464499871,low_vol_meanrev,False,False,1.0
2016-02-12,99.30080167988866,-0.00026136930434417227,0.004454589657358454,-0.0002614034672536859,-0.005607552358389389,-0.01682474397360345,,100.08935175140574,,,,0.09172098651955242,0.09120507025533427,,,-0.6895784139573921,,-0.0276978410230333,low_vol_meanrev,False,False,1.0
2016-02-15,97.0748491711152,-0.022416259195461086,-0.01667823070265395,-0.022671322449699785,-0.03251681528529582,-0.04258987281818216,,99.87343563757625,,,,0.13762714541458707,0.11722742599119271,,,-2.180428480217975,,-0.04949321823496733,low_vol_meanrev,True,False,1.0
2016-02-16,96.49391237411228,-0.005984421319871425,-0.020087207759931558,-0.006002399731951615,-0.03631793447300302,-0.040631846141223726,,99.66909667836754,,,,0.1380746375640301,0.11609684831882296,,,-2.151386827225741,,-0.055181451284444405,low_vol_meanrev,True,False,1.0
2016-02-17,96.365454324797,-0.0013312554766899964,-0.026196458210590023,-0.001332142384483395,-0.023573139630924667,-0.04695644739408278,,99.43170042432247,,,,0.12461870183050625,0.11287651129957821,,,-1.9076570870167826,,-0.05643924615190021,low_vol_meanrev,True,False,1.0
2016-02-18,97.18640304289876,0.008519118431536521,-0.021548669732223358,0.008483035526975165,-0.019338734356687426,-0.04102257277155874,,99.22383128277468,,,,0.13265541451922935,0.11833247067040809,,,-1.2609056272744341,,-0.04840094034251852,low_vol_meanrev,True,False,1.0
2016-02-19,96.46209573282088,-0.007452763837325738,-0.02858693886700714,-0.007480674442300935,-0.02425969229186109,-0.054489888046850066,,98.94587503826726,,,,0.13556131484382722,0.1150628484814444,,,-1.5648829948460123,,-0.055492983401966955,low_vol_meanrev,True,False,1.0
2016-02-22,95.43160915219865,-0.010682813521660006,-0.01692755675592139,-0.010740284441237879,-0.03332346576176781,-0.06558297573018312,,98.61097698181266,,,,0.14148850176120994,0.11740055923360429,,,-2.0037391206591346,,-0.06558297573018312,low_vol_meanrev,True,False,1.0
2016-02-23,94.71584850859928,-0.0075002470351079875,-0.01842669471851599,-0.007528515322694577,-0.038143761633307904,-0.06164641487147959,,98.29985265807143,,,,0.14287670762663848,0.11438594268026522,,,-2.0940752649223864,,-0.07259133424601727,low_vol_meanrev,True,False,1.0
2016-02-24,94.42353496929682,-0.0030862157062966356,-0.02015161313882252,-0.003090987891180199,-0.0458201704579454,-0.060133906978405705,,97.99778536834927,,,,0.13450613949211707,0.1142413210673823,,,-1.9449108284968064,,-0.07545351743642281,low_vol_meanrev,True,False,1.0
2016-02-25,95.71658675335212,0.013694168349826619,-0.015123682362211288,0.013601250553353421,-0.03634645685807636,-0.043210602872128634,,97.78164734304869,,,,0.15896124403574774,0.12863877283699937,,,-1.1228042460129908,,-0.06279262225695714,low_vol_meanrev,True,False,1.0
2016-02-26,95.89396899752003,0.0018532027748232593,-0.005889637074384502,0.0018514877131387611,-0.034308209246397436,-0.03972337652511504,,97.58330698237263,,,,0.16056976477089824,0.12943081130217168,,0.01485641979165304,-0.9297706169581077,,-0.06105578694393898,low_vol_meanrev,False,False,1.0
2016-02-29,96.48740116868927,0.006188420162112518,0.011063336622636255,0.006169350523579237,-0.006051495391874662,-0.03837153531931303,,97.39080177595477,,,,0.1265015142064031,0.13050457278141583,,0.01530173849523355,-0.5281118715540918,,-0.055245205644764095,low_vol_meanrev,False,False,1.0
2016-03-01,95.45462291525536,-0.010703762780679638,0.007799902743720999,-0.010761460138086498,-0.010770518401487794,-0.046697289892945304,,97.15701075917505,,,,0.1341366610740199,0.13418075603270094,,0.015196757833595741,-1.0416554039797863,,-0.06535763684945228,mid_vol_neutral,False,False,0.6
2016-03-02,95.02188000690496,-0.004533493456200466,0.006336820982212776,-0.004543800901948746,-0.01394248932157327,-0.03718696070491778,,96.9735081073772,,,,0.13528285409236676,0.12684470135976353,,0.0153306419962386,-1.1765636657455898,,-0.06959483188668303,low_vol_meanrev,True,False,1.0
2016-03-03,94.78737495973574,-0.002467905782880586,-0.009707949532413052,-0.002470956081957802,-0.024684811949507668,-0.04354617328525878,,96.75773044305286,,,,0.12352603003616534,0.1248338553402753,,0.015110087481220098,-1.1957301317082256,,-0.07189098418149176,low_vol_meanrev,True,False,1.0
2016-03-04,95.01642203320316,0.002416430179279727,-0.009151221640847584,0.002413515306653824,-0.01498696134098032,-0.03888307456231921,,96.56553059073627,,,,0.12230642675516618,0.12589241452142305,,0.01457498267522883,-0.9601010788851647,,-0.06964827354600633,low_vol_meanrev,False,False,1.0
2016-03-07,96.89315739600929,0.01975169473494076,0.004205276776090505,0.019559161126325105,0.0153151377912919,-0.018518681440300777,,96.47412113231711,,,,0.15039856667805887,0.14763171525072263,,0.015288763623469261,0.2730251729397943,,-0.05127225024896187,mid_vol_neutral,False,False,0.6
2016-03-08,95.529229366095,-0.014076618685670672,0.0007815907554931112,-0.014176633976573465,0.00858758983109209,-0.02988373478173756,,96.3269856673923,,,,0.16445889078109804,0.15484342722970665,,0.016197680360318985,-0.5415878222262727,,-0.06462712901872159,mid_vol_neutral,False,False,0.6
2016-03-09,95.2133549048878,-0.0033065739491803248,0.002015061141380503,-0.0033120527455182923,0.008364651205314377,-0.037838788996679806,,96.13976350520622,,,,0.16461222580657267,0.1530755613511061,,0.01647543910739673,-0.6841076673621513,,-0.06772000858667826,mid_vol_neutral,False,False,0.6
2016-03-10,95.99467418365136,0.008205984124223464,0.012736920127057516,0.008172498102283408,0.0029053212168526077,-0.03354673377349082,,95.97315908205158,,,,0.1546557674540977,0.15604860740605053,,0.016421329267649477,0.01908306994573011,,-0.06006973377780944,mid_vol_neutral,False,False,0.6
2016-03-11,94.5238282031432,-0.015322162328445632,-0.005184302034524357,-0.015440759662319527,-0.014288080978400952,-0.04810609175286196,,95.73431040821431,98.39009322979146,,,0.17288672544661948,0.16325114611707156,,0.016186250523051844,-1.4082656801970004,-1.6287291313293288,-0.07447149789428498,mid_vol_neutral,False,False,0.6
2016-03-14,94.55747521896798,0.00035596332125353847,-0.0241057494647966,0.00035589998134117744,-0.020001844037100702,-0.025932298361955874,,95.60844171060694,98.27159509396611,,,0.1681473035755515,0.14526182489788894,,0.01623210623458239,-1.2557247290611342,-1.5380997711913698,-0.07414204369476063,mid_vol_neutral,False,False,0.6
2016-03-15,95.4507193048078,0.00944657293113349,-0.0008218433437405803,0.0094022330820863,-4.089493340742045e-05,-0.010810972875262448,,95.55628205714171,98.18860865177378,,,0.1692574218678281,0.14890536160433532,,0.016257527920324408,-0.13017090231584236,-1.122392312677326,-0.06539585898665301,mid_vol_neutral,False,False,0.6
2016-03-16,94.60141846356107,-0.008897794038980611,-0.006427002198777787,-0.008937615801575568,-0.004424891859783675,-0.018305687173852725,,95.46808026407993,98.08778823472366,,,0.17391818773047035,0.1518575247981153,,0.01604288209604628,-1.0643821511958471,-1.4047608731913732,-0.0737117741413682,mid_vol_neutral,False,False,0.6
2016-03-17,94.20802406059298,-0.004158440849590717,-0.018611971322911813,-0.0041671112098755686,-0.006112110388001191,-0.030646046041966413,,95.31916131496463,97.96650589961945,,,0.1746892198045331,0.1480708847646532,,0.015789859882570742,-1.474578911640734,-1.491007680154793,-0.0775636889382737,mid_vol_neutral,False,False,0.6
2016-03-18,94.846689709745,0.006779312649007885,0.003415662619037585,0.006756436440790722,-0.0017863472421519866,-0.01674653666607262,,95.23839101381084,97.8470403878722,,,0.17810905888524775,0.14911419837286585,,0.015178639610727422,-0.5517826436111789,-1.1885798756765444,-0.07131020478678873,mid_vol_neutral,False,False,0.6
2016-03-21,94.86661404064095,0.00021006880637508552,0.00326932186965756,0.0002100467450129282,-0.02091523704904885,-0.00592041899510054,,95.21014125823297,97.73783800276024,,,0.1399909409805202,0.14448223373711283,,0.01441214529467492,-0.4817887552762049,-1.1335527554838176,-0.07111511603001552,mid_vol_neutral,False,False,0.6
2016-03-22,94.61712229113932,-0.0026299215169073298,-0.008733271155417,-0.002633385835757365,-0.009547937118389416,-0.0010423410550030043,,95.20520494735997,97.62602749437083,,,0.12331666617717171,0.14226135913782315,,0.013139688481571841,-0.8202474850964375,-1.1822555203599512,-0.07355801037309817,mid_vol_neutral,False,False,0.6
2016-03-23,94.79246402565974,0.00185317128945095,0.0020194788323628643,0.0018514562860068053,-0.0044205025613108795,0.0039071726819259744,,95.22365140017811,97.5192351456888,,,0.12325457015941563,0.14192666128634787,,0.011536272370576433,-0.6156818973080007,-1.0694160533405663,-0.0718411546765797,mid_vol_neutral,False,False,0.6
2016-03-24,95.7149130179348,0.009731248172063278,0.01599533556051047,0.009684204525948946,-0.002914340489153844,-1.748636755749544e-05,,95.22356771340725,97.42257571743986,,,0.12643866702806753,0.13757175395039078,,0.011143607155239127,0.7016419538335922,-0.6765440567121429,-0.06280901060964195,mid_vol_neutral,False,False,0.6
2016-03-25,96.46521585593858,0.007838933498933276,0.017064656142947054,0.007808368686180379,0.02053860587007872,0.005957067627822665,,95.25213005632817,97.33187798362778,,,0.09986558217944085,0.1402360945136909,,0.010715045522634017,1.6401750994255244,-0.3503223151284427,-0.05546243276801144,mid_vol_neutral,False,False,0.6
2016-03-28,96.73941744026456,0.002842491792435009,0.019741438213672247,0.002838459551906482,0.023075301199020348,0.002611908586227507,-0.03724995860059055,95.26473086990694,97.23880290347897,,,0.09946179727528617,0.13887986618229806,0.11982685327912738,0.010344267704113706,1.9314292087948755,-0.20768307020551624,-0.05277759248550795,mid_vol_neutral,False,False,0.6
2016-03-29,97.52999061322258,0.00817219282353232,0.030785847757240914,0.008138981273862403,0.02178371544561042,0.02174192966861055,-0.02078363394036109,95.3684992548053,97.1777888845777,,,0.0970755863032128,0.13540326446632087,0.11992272672370442,0.010288152802603085,2.3586535186352133,0.14947577917155855,-0.04503670832452911,mid_vol_neutral,False,False,0.6
2016-03-30,97.40549737943556,-0.0012764610455129333,0.027565834274214884,-0.0012772764158461253,0.02964098172539109,0.025084931726854665,-0.02244969063367963,95.48768012343183,97.10363124405244,,,0.07849820374126024,0.13408981550672394,0.11992814256025135,0.009773681851110522,1.883367388436642,0.1319811612620021,-0.046255681766247614,mid_vol_neutral,False,False,0.6
2016-03-31,98.90954131825094,0.015441058043741629,0.0333764948385582,0.015323058053183725,0.049905698633844864,0.04348855910680327,-0.013589013722728582,95.69378844135758,97.05494635294039,,,0.08975166239840532,0.14228121544782343,0.12349862050288833,0.00867245573781102,2.5561651134716508,0.8353976046813656,-0.031528860389511526,mid_vol_neutral,False,False,0.6
2016-04-01,98.6748994994913,-0.0023722869971124494,0.022906532929472423,-0.0023751053280529543,0.040362081180288056,0.03850363324573203,-0.021276200515386146,95.876712314672,96.9880199304708,,,0.0959209825498971,0.14318322765598002,0.12300739765193024,0.007435316072354019,1.9830707843375817,0.7975004342574771,-0.03382635188108807,mid_vol_neutral,False,False,0.6
2016-04-04,98.89949610648976,0.0022761270407942735,0.02232883682144382,0.0022735405876284868,0.0425110783876097,0.020706712056873355,-0.014225891174349248,95.97702925019601,96.9234184469748,,,0.0941918459842676,0.12683723184008694,0.12274851980517276,0.008553071721469501,1.883713606281778,0.9874325932961154,-0.031627217914501626,low_vol_meanrev,False,True,1.0
2016-04-05,100.18005837092394,0.012948117178022134,0.027171824184940352,0.012865006953945633,0.058794179584825246,0.04868487933683263,-0.0002753216976505435,96.20957070043747,96.90825291472478,,,0.09507928540319534,0.1201753178899397,0.12565156295246846,0.009843080017009606,2.195937103245844,1.6584127941316718,-0.019088613660051323,low_vol_meanrev,False,True,1.0
2016-04-06,99.20907364404448,-0.00969239529971444,0.018516165033101162,-0.009739672295951681,0.0465924128440125,0.0419659484023871,-0.00921790301630765,96.40935663739529,96.88313677233089,,,0.12213025299291907,0.12618927855479142,0.12721418722062836,0.01024338155772662,1.4657347634258977,1.2024901641690788,-0.028595994570449035,low_vol_meanrev,False,True,1.0
2016-04-07,99.08073334458685,-0.001293634692307588,0.0017307938552164615,-0.0012944721599955768,0.03516505652594981,0.032148233088758804,-0.01459156594001687,96.56365959544208,96.86396449403533,,,0.12167659459535707,0.12457535493738021,0.12692173015794217,0.010356366755781334,1.2601121231202876,1.1624977630845579,-0.029852636492119222,low_vol_meanrev,False,True,1.0
2016-04-08,99.16734511037404,0.0008741534591389932,0.004990586394114205,0.0008737716095178395,0.02801143635516068,0.049125358076392844,-0.018146094805431723,96.79583544080361,96.850095872022,,,0.11971122079533193,0.10746440209815046,0.12656401443063733,0.011298758080366358,1.175359746708743,1.227954947734982,-0.029004578818434212,low_vol_meanrev,False,True,1.0
2016-04-11,99.85610423079837,0.006945422605170393,0.009672527787993657,0.006921414258891865,0.03221734090406647,0.05603606694827956,-0.01515947469598089,97.06076689139513,96.84046785069702,,,0.12151794138494634,0.10832588299951203,0.12714667444082767,0.012863027514823691,1.3597193134006818,1.6125748187081619,-0.022260605270642886,low_vol_meanrev,False,True,1.0
2016-04-12,99.76597566789988,-0.0009025844097639846,-0.004133384525400241,-0.000902991984337785,0.022926128061927287,0.045209259757508446,-0.008100122178166247,97.27652970954975,96.83317849903804,,,0.11965030916737351,0.10604793530107809,0.12611679323458522,0.014043956181955634,1.1832896042306154,1.5787599136137356,-0.023143097605137664,low_vol_meanrev,False,True,1.0
2016-04-13,99.9973570074615,0.0023192409838384,0.007945678096394015,0.0023165556955534934,0.026608966616427754,0.05703866423502779,-0.011037336550282717,97.54632663674475,96.85928697833002,,,0.11799539059112707,0.09756619284646881,0.1257192500836339,0.015472744724038446,1.173496552590566,1.657591618887473,-0.020877531041758046,low_vol_meanrev,False,True,1.0
2016-04-14,100.12044134157428,0.0012308758730852354,0.010493543617319467,0.0012301189664195322,0.012242499633348336,0.06275916876442,-0.01207123378835162,97.84194750079382,96.87963724023706,,,0.09400120373880762,0.09429225368495074,0.12565096737566533,0.01690771962851051,1.1346197484083838,1.6852908725226297,-0.01967235281792168,low_vol_meanrev,False,True,1.0
2016-04-15,102.13032071295176,0.020074615577457378,0.02987854115969224,0.019875777147583092,0.03501823899479395,0.07679372918018035,0.0010693862445094737,98.20612905095416,96.9450352729054,,,0.13038888685668573,0.11148229320618493,0.13162607219884123,0.016529345710719946,1.8731710047564802,2.537384974299286,0.0,low_vol_meanrev,False,True,1.0
2016-04-18,100.79763519037544,-0.013048872394339828,0.009428877351362663,-0.01313475687830597,0.019192606217546926,0.06251958299253335,-0.013041620436144208,98.50268010844088,96.98656104542506,,,0.1547613167792971,0.12602065492200445,0.13431277053104804,0.01595812290463621,1.1385844928673243,1.8142065296420045,-0.013048872394339828,low_vol_meanrev,False,True,1.0
2016-04-19,102.05614770774238,0.01248553614368042,0.022955441717585234,0.012408234606329246,0.018727173524615948,0.07862240191276348,0.011074214018907291,98.87463137927104,97.05824522628808,,,0.1538552554369499,0.12835873221779057,0.13461432614718577,0.015473103487580703,1.6348656701272801,2.2607988502953305,-0.0007262584185733223,low_vol_meanrev,False,True,1.0
2016-04-20,100.37416341226836,-0.0164809698705336,0.0037681636403523733,-0.01661829194574517,0.011743782352047205,0.058883366351756505,-0.000902975754136115,99.15371634860146,97.08657253156127,,,0.17099547276127783,0.14720401160384816,0.1385617172094794,0.015826084256312236,0.7110082247219975,1.4648392972705695,-0.017195258845992156,mid_vol_neutral,False,False,0.6
2016-04-21,99.87744368072538,-0.0049486811611350046,-0.002427053432773829,-0.0049609664311003185,0.008041021793487424,0.04348884130533137,-0.0016183989907322394,99.361842881741,97.0975861522409,,,0.17346666083725473,0.1473987895431777,0.138662975584725,0.016385827299510502,0.33953728584841547,1.231731708808525,-0.022058846153615197,mid_vol_neutral,False,False,0.6
2016-04-22,97.51833940578048,-0.023619990540468372,-0.04515780695660154,-0.023903414393188185,-0.016628515190743598,0.0109171325694708,-0.023457025812723464,99.4144990592331,97.06193690675873,,,0.21256365343910485,0.17165918424327017,0.1468494075111527,0.019164235848903498,-1.3274764632561327,0.20417656987280397,-0.04515780695660154,mid_vol_neutral,False,False,0.6
2016-04-25,96.1281590312793,-0.014255578827245485,-0.04632525505461471,-0.014358165715176207,-0.03733317285143267,-0.006318607504151141,-0.04195187286454549,99.38393613878382,97.04300310396201,,,0.21533959556330023,0.1792560739115185,0.1491716447449663,0.02235656243070538,-2.1796849893759447,-0.40855356772477797,-0.05876963510711164,high_vol_defensive,True,False,0.3
2016-04-26,99.52025724348688,0.035287248256817394,-0.02484799319995412,0.034678922759393736,-0.0024629481420694876,0.02040671405534278,-0.00609391097804135,99.48344947029705,97.1035300013495,,,0.2916756446200705,0.2178504573978477,0.16633419375356676,0.029936840139659228,0.02576574784842439,1.0670646424527337,-0.025556205554281397,high_vol_defensive,False,True,0.3
2016-04-27,99.73568520062209,0.0021646643919752684,-0.006360981650465614,0.0021623248815719146,-0.0026167872298854533,0.023922549382500158,0.010575860919721958,99.59995886135638,97.170934618866,,,0.2916408403002342,0.21769506151804427,0.16368526646109527,0.03542856999878091,0.10109228771801931,1.11880300280159,-0.0234468617704634,high_vol_defensive,False,True,0.3
2016-04-28,99.65129780203644,-0.0008461103808120596,-0.0022642337484312103,-0.0008464685342394582,-0.00468579176491335,0.007499342064471115,0.005533333530283846,99.63704668554564,97.22023251404875,,,0.2915596005344716,0.21121508981435244,0.16349251105101462,0.03911134529117385,0.0106931649536873,1.0482825258749018,-0.024273133518133982,high_vol_defensive,False,True,0.3
2016-04-29,99.41591991682014,-0.002362015251260341,0.019458704102247815,-0.002364809209732699,-0.02657781525782854,0.007509715450307208,0.00561904190228435,99.67409770641208,97.27930899772875,,,0.2684574262813398,0.21121326787799025,0.1634868482961241,0.04218192466618196,-0.1963696059251892,0.9142768582240687,-0.02657781525782854,high_vol_defensive,False,True,0.3
2016-05-02,99.28011066995458,-0.0013660714197403223,0.032789056509962666,-0.001367005345939059,-0.015055159950476349,0.0038484985105990965,0.005660013006379749,99.69312843458532,97.35627902808386,,,0.26200820005485875,0.21119306605735533,0.16348521974358185,0.0445235316950259,-0.31632500487410636,0.8227762125115018,-0.027907579483746003,high_vol_defensive,False,True,0.3
2016-05-03,98.98364609874734,-0.002986142634276434,-0.005391979076447395,-0.002990610053977499,-0.030105992416975647,-0.011942619036483304,0.005196479739259852,99.6333078209765,97.44163497988683,,,0.2503096031193566,0.20602256063633903,0.16352003175561863,0.04579357146597136,-0.4960789032682771,0.6653276883585146,-0.03081038610510667,high_vol_defensive,False,True,0.3
2016-05-04,99.14615550581652,0.0016417803695274458,-0.005910920385413743,0.0016404341214309411,-0.012234302779770334,-0.0006341974167978215,0.0019034109563009771,99.6301619140651,97.53608739061721,,,0.23914523357171905,0.20324010303299886,0.16324661015246686,0.04669131253473918,-0.3692615750482365,0.7036371403732381,-0.02921918962266412,high_vol_defensive,False,True,0.3
2016-05-05,99.20572541932148,0.0006008292828001416,-0.004471315402234999,0.0006006488571529973,-0.006725425047432676,0.0012615174566779075,-0.0012185761842796738,99.63641151780183,97.6058701639366,,,0.238284503277305,0.20318577168276974,0.16307408245152272,0.047177144075674256,-0.32920038463013945,0.7002204884137819,-0.028635916084608803,high_vol_defensive,False,True,0.3
2016-05-06,99.22469693450162,0.00019123407545240667,-0.0019234643956271835,0.00019121579254743873,0.017497811582094958,0.0005783337656539711,-0.0007664061528160904,99.63927910900821,97.67248472267623,,,0.20084138601308948,0.20316752055798792,0.1630732496371805,0.046379115373810724,-0.31713835269331625,0.6800756282767293,-0.02845015817209373,high_vol_defensive,False,True,0.3
2016-05-09,99.6668708773715,0.00445628917528218,0.00389564641706186,0.004446389318861175,0.036812437497536266,-0.0018950604460744591,0.026701269467720667,99.62981744133687,97.73607411684986,,,0.17980336026134552,0.20224621797540385,0.15643251696328467,0.045062065534312114,0.02836535077394268,0.8420444698920422,-0.02412065112870887,high_vol_defensive,False,True,0.3
2016-05-10,100.02915074105005,0.003634907572490187,0.010562397764775078,0.0036283172612466084,0.005113466460582972,0.0026379241157949984,0.03663690568614775,99.64297619499438,97.82756467336576,,,0.03934865611100831,0.2026240585526982,0.15597438695818913,0.04299627064295152,0.2950017384507047,0.9608205606357835,-0.020573419893659906,high_vol_defensive,False,True,0.3
2016-05-11,100.25844629890308,0.0022922873597779336,0.011218698167487773,0.0022896640772214747,0.0052414649503780275,0.0026109619219445435,0.040398211178301224,99.65603065956645,97.93229599920575,,,0.03950356815475211,0.20262035736726575,0.15595485440195145,0.03934640790239627,0.45843468150917904,1.020174175053344,-0.018328292724251627,high_vol_defensive,False,True,0.3
2016-05-12,100.92223073341664,0.006620733304948612,0.01730248236016485,0.006598912510356867,0.0127538021020559,0.00800824867628136,0.038439818467907116,99.69612012915857,98.05499311467935,,,0.04890719541153634,0.20388082613483002,0.15559683429033577,0.034075121723488026,0.914366212841818,1.2617031272861878,-0.011828906157365204,high_vol_defensive,False,True,0.3
2016-05-13,100.65478201274595,-0.002650047652802523,0.014412592050428108,-0.002653565244982527,0.012461405547143256,-0.014447606645170197,0.04346459869105379,99.62234319414827,98.1677603142702,,,0.04952400018865333,0.19042205119507277,0.15483462367969725,0.02930301013550838,0.8349769213608621,1.1011796945989925,-0.014447606645170197,high_vol_defensive,False,True,0.3
2016-05-16,100.48603938431964,-0.0016764491964718076,0.008219065169167816,-0.0016778560099467163,0.01214673015800738,-0.0030913007578728946,0.05296390029492182,99.60676340384549,98.23961795403642,,,0.05000412959746902,0.18480433467975302,0.15308295866141985,0.02529305667002577,0.7190754154473143,0.9877734525461804,-0.01609983516309077,high_vol_defensive,False,True,0.3
2016-05-17,100.62121159665594,0.001345183999334587,0.0059188831577565715,0.0013442800498999568,0.01654379852076726,-0.01406026136902272,0.062348204456200484,99.53501659829116,98.34145759864765,,,0.044212733440138506,0.17888522390223432,0.15207833018870504,0.02067621463716504,0.9801103103484633,1.006795121095992,-0.014776308404409466,high_vol_defensive,False,True,0.3
2016-05-18,100.51261696320988,-0.0010792419582599244,0.0025351546297558425,-0.0010798247592220607,0.013782293931842826,0.0013793743951104886,0.06448690992021233,99.54193927583825,98.44744283981407,,,0.046281087719386625,0.16887915609535684,0.15190050547919803,0.018504765742796907,0.8712101374532947,0.9224303175637332,-0.015839603150651138,mid_vol_neutral,False,False,0.6
2016-05-19,99.97141105304392,-0.005384457459346126,-0.00942131058204887,-0.005399005897543449,0.0077181597179603045,0.0009408267658403968,0.044452319540560614,99.54663764445418,98.52697757720192,,,0.05747782445360435,0.169059692555492,0.15015942218778366,0.015979999312622558,0.3806698331827675,0.6505024295700362,-0.021138772940659578,mid_vol_neutral,False,False,0.6
2016-05-20,102.49407913304378,0.025233894904827858,0.018273320785344493,0.024920776710010552,0.03294927875365827,0.05102363060715076,0.0688271661348634,99.79542463081734,98.68638259579993,98.53823791279571,0.012758364109719755,0.13523598005291046,0.16707477868676252,0.15830465407773156,0.016389590531624258,2.2641087340326758,1.7203562589839607,0.0,mid_vol_neutral,True,False,0.6
2016-05-23,102.29702256007242,-0.001922614209895701,0.018022236589766205,-0.0019244648049630878,0.026389427695959533,0.06417332435114909,0.060211191523607877,100.10386780725699,98.84117354262202,98.55638431829408,0.01570150426749839,0.13745446429024152,0.15599613982132826,0.15807648642553962,0.01839688659514217,2.2595650470351907,1.5786107981018498,-0.001922614209895701,mid_vol_neutral,True,False,0.6
2016-05-24,102.1837098363852,-0.0011076834970507043,0.015528517446128598,-0.0011082974318210059,0.021539312084261963,0.026762919094771798,0.07049513911027572,100.2370404369019,98.97583335325358,98.58222100251368,0.016786185354314975,0.1385520727159409,0.10004022306057928,0.15624856253679142,0.027495986562167406,1.8287187520869368,1.4691889573285186,-0.0030281680589149262,low_vol_trend,True,False,1.0
2016-05-25,103.1787136077358,0.009737401127281275,0.02652499482230941,0.009690298163718615,0.0291273944154935,0.034521529582796084,0.0858416356342151,100.4091918572576,99.14737925613707,98.61758374543037,0.018167227828782107,0.14368602728070648,0.1043851346396527,0.15675474330592304,0.03261533838965675,2.228723533566238,1.8580681398128125,0.0,low_vol_trend,True,False,1.0
2016-05-26,104.41430527578592,0.01197525753953066,0.04444164762648639,0.011904121494780357,0.03460163847937037,0.0477967430309989,0.10156342361142023,100.64734223094507,99.35150488044093,98.6590053900302,0.020153627467197177,0.14993450693340676,0.10997837111826585,0.15801377420742213,0.0358645972767743,2.4846697605910686,2.32713050216277,0.0,low_vol_trend,True,False,1.0
2016-05-27,104.24927807553104,-0.0015805037424613255,0.017124881332988062,-0.001581754056091869,0.035711130568341076,0.04861754699604348,0.09717116099258605,100.88901013888062,99.53955664775665,98.69329851781444,0.022247828920925583,0.1488085899389227,0.1095675704230568,0.15814452088224323,0.0381787370626977,1.9939325912513846,2.1559002887771452,-0.0015805037424613255,low_vol_trend,True,False,1.0
2016-05-30,105.54747209347536,0.012452786646673486,0.03177462502874073,0.012375888438901627,0.05036951142832624,0.06312806644984414,0.08931812039208586,101.20237821005665,99.75317380881333,98.74550590578677,0.02488085185987088,0.1517768685052778,0.11415377458237749,0.15524622924888856,0.03933369893078631,2.2460080031080087,2.5869495536463956,0.0,low_vol_trend,True,False,1.0
2016-05-31,105.50448371948,-0.0004072894702517038,0.032498075166892626,-0.00040737243513590667,0.04853123954021599,0.06587792910989965,0.10442096539015311,101.5284200910933,99.97092103738015,98.79847426587548,0.027631457322623065,0.15319611939596334,0.11269091515918458,0.15188936089899108,0.04023767775653585,1.9073108300650248,2.4490756893357704,-0.0004072894702517038,low_vol_trend,True,False,1.0
2016-06-01,106.71569370647732,0.01148017547972402,0.03428013371235061,0.011414778303319856,0.06171440890388835,0.07634726895907451,0.12080593959828057,101.90689700112632,100.20938563099651,98.86431038834263,0.03077537890905524,0.1526919777555836,0.11622092896749306,0.15282705457046183,0.040514353000854625,2.086356378379172,2.79258196135011,0.0,low_vol_trend,True,False,1.0
2016-06-02,106.69439315248594,-0.00019960095138371603,0.021836930013351186,-0.0001996208743047461,0.067249046788735,0.07548624539069149,0.1114615895082316,102.28133038778455,100.42897523368752,98.92577547556368,0.033919925278217855,0.14378086317810054,0.11653928882712053,0.152326969412213,0.04028469195840434,1.8035520086513785,2.5959761890859085,-0.00019960095138371603,low_vol_trend,True,False,1.0
2016-06-03,107.7487680193087,0.009882195639988822,0.03356848132072621,0.009833686070220806,0.051268218912860375,0.0859067485026821,0.1399111744368151,102.70753394202491,100.65464627695494,98.99326213029136,0.03752045070345256,0.10277838404320415,0.11777225126857474,0.1489409805671641,0.03950248716543065,1.9222948358774448,2.7727736475691955,0.0,low_vol_trend,True,False,1.0
2016-06-06,107.00117992420586,-0.006938251906220105,0.013773023663163242,-0.00696243349284868,0.04598528135431312,0.0735882343076506,0.13159937568575963,103.07424939436662,100.85988152663376,99.04934221505637,0.040635375150410935,0.11467540242869988,0.12415801955813247,0.1500783845984177,0.038043702939465726,1.4614863014649548,2.3191927084068067,-0.006938251906220105,low_vol_trend,True,False,1.0
2016-06-07,106.5779657453172,-0.003955229084281475,0.010174752654981134,-0.003963071689199199,0.04300348769845996,0.06546906532497077,0.11657582595031246,103.40169014457997,101.04084102927564,99.10931495692667,0.04330950314325954,0.11938883537037488,0.12700842935176082,0.14979167528250587,0.03597706347199223,1.1784307294911796,2.032790492166416,-0.010866038614768092,low_vol_trend,True,False,1.0
2016-06-08,108.10375155854808,0.014316146893598614,0.01300706394589568,0.014214638521450306,0.04773308154951672,0.07825081625796981,0.14272865369548215,103.79395540756222,101.25480611285789,99.17921867845516,0.04652927085530201,0.12724147717212198,0.13289604637367766,0.15020990881770863,0.03324204236530617,1.5484683164517368,2.4033191969636856,0.0,low_vol_trend,True,False,1.0
2016-06-09,108.21980366512824,0.0010735252468763168,0.014297007251938831,0.001072949430713756,0.03644614001205082,0.0723088746520868,0.14873233723194468,104.15883405414782,101.44101135979545,99.2479788563679,0.04948065698029924,0.12143064878408823,0.1327970841911666,0.14963515894819518,0.029687390313449625,1.417864486422019,2.2641713647371318,0.0,low_vol_trend,True,False,1.0
2016-06-10,106.20194834857315,-0.018645897037468995,-0.014355799135061575,-0.018821923321782962,0.018730779810555154,0.05511080770235788,0.11972224516826202,104.43619237093917,101.5915523367771,99.28978613362393,0.051832181714936976,0.16445970868612614,0.15323561039317646,0.15538747292759156,0.02720411551428108,0.6365070351643713,1.516136325846427,-0.018645897037468995,mid_vol_neutral,True,False,0.6
2016-06-13,105.44616698354687,-0.007116454799357075,-0.014532670964567673,-0.00714189754376384,-0.0009598061224883603,0.04936136034038219,0.11152029668070185,104.68419875090053,101.72248575431823,99.3229521006465,0.05397792289561987,0.15855384902708297,0.15649246918746085,0.1564562783253252,0.02512251092542458,0.290846308513629,1.2155133038052601,-0.02562965915336546,mid_vol_neutral,True,False,0.6
2016-06-14,106.33559626428288,0.008434913341845762,-0.002274104964749446,0.008399538245021104,0.007877509234703872,0.05679105406256957,0.12385151534291561,104.96991798428189,101.84559651218541,99.3769247134551,0.05628060323816331,0.16411333247455093,0.15784152722646447,0.15675776617396872,0.023505493130823698,0.5551225505646233,1.4375751690327696,-0.017410929765459437,mid_vol_neutral,True,False,0.6
2016-06-15,107.19032046026418,0.008037987522607093,-0.008449578160931837,0.008005854973408555,0.004447581581508597,0.06643647035375166,0.13078947321433065,105.3038031591346,102.00522144850979,99.44417911042034,0.058923751004147595,0.15868026025361934,0.1581774811132244,0.15724543798295648,0.02273923305315431,0.831399102161725,1.6258931912336334,-0.009512891079064056,mid_vol_neutral,True,False,0.6
2016-06-16,107.55660302314747,0.0034171234987498966,-0.006128274303961567,0.0034112983985330175,0.008081116965811708,0.07587361116748581,0.12371833846825742,105.68306275763977,102.17473884208101,99.51935166805819,0.06193479947639058,0.15927838875426972,0.1548419094491322,0.156466911642556,0.021712282734458296,0.9651895178029829,1.6533943502135837,-0.006128274303961567,mid_vol_neutral,True,False,0.6
2016-06-17,107.51226762281344,-0.000412205286220213,0.012337996568006382,-0.0004122902661727998,-0.0021949243675145613,0.04896076468237487,0.11451849942856662,105.93397218212826,102.34163729232979,99.5958665821759,0.06363823939141922,0.15110783638609246,0.13273882592095232,0.1560635265899684,0.02000807860644771,0.8632810665873155,1.5615829993851824,-0.006537953483118253,low_vol_trend,True,False,1.0
2016-06-20,106.68338024220448,-0.00770970047359576,0.011733126903044733,-0.00773957385657063,-0.0029700577341903456,0.04287864467957747,0.1027912206322743,106.15329006623486,102.47818281255792,99.65932533162749,0.06516163653524631,0.15212031416538346,0.13678137419565975,0.1572722608103975,0.019103473646402157,0.327162971949626,1.2563581762815614,-0.014197248293648879,mid_vol_neutral,True,False,0.6
2016-06-21,105.9348832721994,-0.007016059749004544,-0.0037683805438732954,-0.007040788027470785,-0.006033915815718771,0.03671009245818646,0.08617751940844887,106.34084873802558,102.60156096464392,99.71736973184098,0.06642252020883022,0.15495404608415458,0.14020515688691582,0.15767411163894077,0.018045353557250572,-0.3058873404692362,0.9924166117218088,-0.021113699300353783,mid_vol_neutral,True,False,0.6
2016-06-22,106.66843397001269,0.0069245434096381064,-0.004868783748481764,0.006900678862977152,-0.013277222740582184,0.033822096053107265,0.09509665100824938,106.51533475613942,102.73498250389494,99.79713474111247,0.0673185661337361,0.13866883073064784,0.13844860024091143,0.15796901901218396,0.017037743306603785,0.13925475106205384,1.1618092629753876,-0.014335358618059013,mid_vol_neutral,True,False,0.6
2016-06-23,107.26138733516432,0.005558845696734593,-0.0027447472278352425,0.005543452333865972,-0.008856200967889527,0.027267164703710822,0.08443923513951512,106.65768885910833,102.87780142376674,99.87871933200189,0.06787201089926675,0.14259209293309108,0.13393277506609388,0.1555406015156713,0.016221175462832478,0.6084783564953877,1.2804442803957794,-0.008856200967889527,mid_vol_neutral,True,False,0.6
2016-06-24,109.34190543625232,0.019396710715543053,0.01701794459268413,0.019210992231864222,0.029565908502669602,0.048850480835287424,0.10810252648715402,106.91232022714439,103.02203311823274,99.98353419556908,0.06929927099818767,0.1374647377848754,0.14776755969499933,0.15963056874636697,0.015509952830570823,2.4417926711805724,1.784648915482365,0.0,mid_vol_neutral,True,False,0.6
2016-06-27,110.96173720067566,0.014814372933785291,0.040103312706796235,0.014705711959389092,0.052306976867062316,0.05129696618792812,0.12196463651541678,107.1830334825044,103.22531515843873,100.10593810193191,0.07069605974189375,0.13657221330251273,0.1501115349431304,0.1618557434155527,0.015013781739284,2.917172911950624,2.0914021644427447,0.0,mid_vol_neutral,True,False,0.6
2016-06-28,113.17661529513134,0.01996073737066717,0.06836022091348637,0.019764133781458165,0.06433423304314778,0.07271853579275689,0.12973197595959363,107.56664006128696,103.44772451018653,100.2529848682373,0.07295199442352773,0.1553169005956157,0.1617547769171157,0.16450354987359805,0.014834412492660966,3.104518623622343,2.4611286604803393,0.0,mid_vol_neutral,True,False,0.6
2016-06-29,111.40990717831885,-0.015610186894222222,0.04445057484990467,-0.015733308846921795,0.03936537086498304,0.043988033144900074,0.12298102467976002,107.80135073487904,103.66843938550754,100.3775059585344,0.0739592471983852,0.18950149535049118,0.17240599795965358,0.16674533236268654,0.015501700167226679,1.8164246313564532,1.895638975932849,-0.015610186894222222,mid_vol_neutral,True,False,0.6
2016-06-30,111.87766621348896,0.0041985407493558835,0.04303765775376345,0.004189751469987319,0.040174783034115924,0.048580557120702306,0.12915662245248472,108.06051438792922,103.9084438361628,100.50301499420186,0.07519674304460766,0.18948259872505854,0.17229729999373256,0.16666339296377586,0.01563910003358395,1.7633425988145617,1.8941655429794777,-0.011477186150646967,mid_vol_neutral,True,False,0.6
2016-07-01,110.03679713077383,-0.016454303571208917,0.0063552184475754725,-0.01659117916296148,0.023481315795674806,0.021234851715939085,0.10960716966156547,108.17491584350246,104.15881299066268,100.6103749487107,0.07518648945149065,0.21531853655370375,0.18226378468333126,0.17092810561778482,0.016344309974937497,0.8434646767063333,1.4023014860493788,-0.02774264061678977,high_vol_trend,False,True,0.3
2016-07-04,110.58783720436584,0.005007780015053642,-0.0033696299800498597,0.004995282789586386,0.03659854940195029,0.03351979186304854,0.10747197736417924,108.35424870751046,104.4480065541244,100.74550482904323,0.07552440073012345,0.20792628263066856,0.18018504139100996,0.17072457786558443,0.016782802431537076,0.9917000662131945,1.488597186474842,-0.0228737896429817,high_vol_trend,False,True,0.3
2016-07-05,111.24006292754302,0.0058978070253048465,-0.017110887814928533,0.0058804830437448954,0.0500796290275034,0.043743536946150297,0.1150100240370322,108.58735356662176,104.68240266780553,100.89296633457751,0.07626287056055436,0.19925392702533165,0.17946843257160128,0.17084048729835738,0.016916803808689596,1.1535888137051329,1.5719901816808064,-0.017110887814928533,high_vol_trend,False,True,0.3
2016-07-06,110.67951218497907,-0.005039108463369635,-0.006555924978653205,-0.005051847584316767,0.03760323523727749,0.023826745966683438,0.10682437513543985,108.7161415979433,104.90127920749268,101.03610691317932,0.07601277324910649,0.20493695974974468,0.17524381384821555,0.1714229201486168,0.01682155156857916,0.8380656688663858,1.37781481563599,-0.022063772658694192,high_vol_trend,False,True,0.3
2016-07-07,111.53146873023556,0.007697509037016825,-0.003094428896941559,0.0076680343720355966,0.039810051885011744,0.030601285097086484,0.11397300327243909,108.88172485119867,105.13888262605666,101.1795575700527,0.07612374936323785,0.205738394626178,0.17673343526788857,0.17185100272584708,0.016518773112242716,1.094247279086697,1.5124419398603843,-0.014536099711108363,high_vol_trend,False,True,0.3
2016-07-08,111.36624073601138,-0.0014814473090444258,0.012081809357442186,-0.0014825457370853741,0.018513810342726034,0.04862709646802443,0.09043269382280861,109.13993947057057,105.37788904244047,101.3285990200846,0.0770891981733377,0.18787285611059007,0.16044844822618118,0.1677197965282585,0.01648692105700389,0.9291987449506875,1.4142432574517405,-0.01599601255435179,mid_vol_neutral,True,False,0.6
2016-07-11,108.62204219006432,-0.024641206597357024,-0.01777586996903413,-0.024949882443713333,-0.021085601844714863,0.030118450934427887,0.07762490642673314,109.29873323089643,105.56472767284268,101.46050335046326,0.07725400152371109,0.2144523863014598,0.18452386928982545,0.17359411564097532,0.017477338003946262,-0.30232376411367384,0.7339955693590594,-0.0402430581016231,high_vol_trend,False,True,0.3
2016-07-12,106.23954289274252,-0.021933847396764627,-0.04495250994291167,-0.022177970536243943,-0.061294220403207644,-0.0009033040196778641,0.040991113999130135,109.29393056231943,105.70984560872257,101.5757402943047,0.0759845829885375,0.19644062241555596,0.20030618387324997,0.17839119718293284,0.0196679188547008,-1.3604778003050246,0.13058592275831532,-0.061294220403207644,high_vol_trend,False,False,0.3
2016-07-13,106.09018711352948,-0.0014058398139366046,-0.04146499185666308,-0.001406828933865967,-0.0477490754594635,-0.010263364658402274,0.05694716156969215,109.23892389498272,105.84872624087684,101.69240681574703,0.0742092484142789,0.19030659490600715,0.19809190494218754,0.17481789963817482,0.02122995974352534,-1.3620147606222424,0.06121725586942069,-0.06261389036173715,high_vol_trend,False,False,0.3
2016-07-14,107.2383241455554,0.010822273607617117,-0.038492675058947934,0.010764131912011242,-0.04146799110986643,-0.002959175621450094,0.07369912758640762,109.22300995110308,106.00937821540153,101.80762418966906,0.0728372341507455,0.20165752517752733,0.2017158732393719,0.1755186820795902,0.02270991436148519,-0.85360243762838,0.3208595470820961,-0.052469241407252065,high_vol_trend,False,False,0.3
2016-07-15,107.24970753227169,0.00010615036002281641,-0.036963923506206364,0.00010614472647201536,-0.025328705225669323,-0.0024421407560939468,0.09979013368960588,109.209881946576,106.1698784273569,101.92118157501658,0.07151310707867697,0.19018099018880386,0.20171264397112734,0.16772406332166717,0.022586518688705506,-0.8391323035683903,0.2913580007954042,-0.0523686606760948,high_vol_trend,False,False,0.3
2016-07-18,104.86096643431569,-0.02227270500702505,-0.034625345647318895,-0.022524487305760236,-0.05178571997449344,-0.017082452803345305,0.09084546600122456,109.11876125618156,106.27376033849579,102.00491722767283,0.0697402068630748,0.2084662566705119,0.215223103125361,0.17172657359521848,0.023363040419339908,-1.722885044556538,-0.39340346345297866,-0.07347497395226821,high_vol_trend,False,False,0.3
2016-07-19,105.41348711777532,0.0052690786881668394,-0.007775407842268045,0.005255245663310473,-0.05237839368684005,-0.004921855184230051,0.05921638506088289,109.09269144846034,106.3814470660303,102.10450586969804,0.06844150039451113,0.2075488369311258,0.2149146416064668,0.15688411250028045,0.023705576562891406,-1.4663255893123177,-0.2782202900902326,-0.06859304068346683,high_vol_trend,False,False,0.3
2016-07-20,106.07910093323414,0.006314313601210708,-0.00010449769763787309,0.006294461846063743,-0.04156515655811932,-0.005524905680571068,0.06360226753194742,109.06322479662143,106.49786015871692,102.21507807896133,0.0669974219690943,0.21559914941278513,0.21465863440300528,0.15724493682098287,0.023239213968235774,-1.17377012199835,-0.12442401619586134,-0.06271184505199212,high_vol_trend,False,False,0.3
2016-07-21,105.7455948289204,-0.0031439378857824885,-0.01391973744954178,-0.0031488904415733405,-0.051876604577938634,-0.01413176301279273,0.06115622336390114,108.98743517130922,106.59432744062698,102.32466027765317,0.06511406806117814,0.20554924343973152,0.21378858679599563,0.15743533845371607,0.021486907458244078,-1.2372107349427803,-0.2595287653564561,-0.06565862079222828,high_vol_trend,False,False,0.3
2016-07-22,104.91184048489774,-0.00788453027638214,-0.02179835359150495,-0.007915777540260578,-0.057956524422993705,-0.04051571018155853,0.05528209740126089,108.7659319237415,106.67946861007003,102.42361446217012,0.06192241403386434,0.20478559824976056,0.20148022861329262,0.1583489399645664,0.01985967517130353,-1.3905578783729269,-0.5582711200454784,-0.07302546368506868,high_vol_trend,False,False,0.3
2016-07-25,104.27001811359378,-0.006117730547262168,-0.005635541429918733,-0.006136520534703918,-0.040065754507316975,-0.06030654580488248,0.05026089727304561,108.43134596938742,106.75514818465552,102.49738306934596,0.05789379906437975,0.17640686962603305,0.1917940315553983,0.1589436120987659,0.017765802759305022,-1.4380131790685058,-0.8125085061849231,-0.07869644412241672,high_vol_trend,False,False,0.3
2016-07-26,104.597107608841,0.003136946757704484,-0.007744545136071701,0.0031320368057163833,-0.015459735981353862,-0.075806363919945,0.05671099955737735,108.00237058507291,106.83466610489921,102.58806185177343,0.05277718123890929,0.14769858586841786,0.1734607593933964,0.15880490305349826,0.016962670458498943,-1.2217086566554383,-0.7596649815113534,-0.075806363919945,mid_vol_neutral,False,False,0.6
2016-07-27,103.88779372201968,-0.006781391025399319,-0.020657294339190058,-0.006804489141651052,-0.02075963339713005,-0.0675174555550031,0.04782473099448614,107.62626491225794,106.90216964007541,102.67480623994474,0.048224670234506606,0.1500314056093257,0.16829394371442208,0.15958878966590034,0.01721700029805086,-1.3300855684625594,-1.0635781657665169,-0.0820736823493895,mid_vol_neutral,False,False,0.6
2016-07-28,103.62386353121764,-0.002540531291946202,-0.020064488749014897,-0.002543763917787654,-0.033704933783111235,-0.07377524899850096,0.044535112194599824,107.21357477814438,106.9752186896389,102.75109813342041,0.04342996547763911,0.13180611183067245,0.16592298938539193,0.15973772940087916,0.01762261131642832,-1.3010481055512786,-1.243276350392395,-0.0844057028830818,mid_vol_neutral,False,False,0.6
2016-07-29,103.49362505042625,-0.0012568386890163818,-0.013518163706942588,-0.0012576291731716167,-0.035021843586055756,-0.05946349085907432,0.043022838545352826,106.88641617412699,106.99520960798654,102.84079610189323,0.03933866933726793,0.13096833469990743,0.15914777607136643,0.1597879430241931,0.018871306318012822,-1.2141344788280646,-1.3138130763965372,-0.08555645721914107,mid_vol_neutral,False,False,0.6
2016-08-01,103.64559613458432,0.0014684100985353776,-0.005988509355864813,0.0014673330386747675,-0.011590302293205235,-0.06277581011872291,0.03992023851243598,106.53930412063792,107.02218107947678,102.93167731104941,0.035048751791799004,0.0802182009144561,0.15726688748299675,0.159609335343275,0.02008247375406562,-1.055675238470483,-1.2872082078516551,-0.08421367908638122,mid_vol_neutral,False,False,0.6
2016-08-02,103.96965329360842,0.0031265887901623657,-0.0059987730978093845,0.0031217111756496616,-0.013696860464863958,-0.06535783460200162,0.03939354201616019,106.1757836389412,107.05789994862124,103.0168666509374,0.03066407560916673,0.07602659076001286,0.15544014941881718,0.15957284050568593,0.021284231909764778,-0.861412608641465,-1.2028105621531906,-0.08135039184122861,mid_vol_neutral,False,False,0.6
2016-08-03,102.75967095432756,-0.011637841436903607,-0.0108590502047885,-0.011706091149867592,-0.03129202594765412,-0.07155652454823846,0.02494776996610848,105.7797915774086,107.04951909555308,103.09844917584508,0.02600759199578473,0.07860303514615553,0.15814492330712593,0.16151871301407006,0.02208873155690518,-1.2391062283385306,-1.6620269529978777,-0.092041490317054,mid_vol_neutral,False,False,0.6
2016-08-04,101.80357865523774,-0.009304158822333708,-0.017566271068743866,-0.009347712874418075,-0.03727830156953793,-0.08722103443761642,0.008732941349157919,105.29339707365871,106.9973045631421,103.1744047217915,0.02053796537601582,0.08442825020628088,0.15339742242415838,0.16222076835947732,0.023174379436849,-1.5957789185763127,-1.952035558770887,-0.10048928049523365,mid_vol_neutral,False,False,0.6
2016-08-05,102.9251658201211,0.01101716835202482,-0.005492698028773946,0.010956921449070085,-0.018936610544570742,-0.07579563483604934,0.0225561444968172,104.87134332786422,106.97082231803391,103.25518948289528,0.015652035050854884,0.1085627455270333,0.16279583555401916,0.16360865294817536,0.02305184792070711,-1.133259020474636,-1.5011988433700734,-0.0905792194639986,mid_vol_neutral,False,False,0.6
2016-08-08,102.7800085918031,-0.0014103181390223707,-0.008351416510328669,-0.001411313573678778,-0.01428991333028673,-0.053783131678181606,0.022828735429704095,104.57924164795115,106.91547304800046,103.33432342840692,0.01204748023929092,0.10596943590537915,0.14321501335019077,0.16359496745292218,0.024840637840481676,-1.1738931058669477,-1.5023940793915902,-0.09186179208679246,mid_vol_neutral,False,False,0.6
2016-08-09,102.6520067278774,-0.001245396509296448,-0.012673376547770121,-0.0012461726600063118,-0.018596124935286285,-0.03376836973486441,0.020182574816947962,104.3998648397079,106.85842350816841,103.41467227277428,0.009526622724626455,0.10293494235578321,0.12393523973195551,0.1636191164922072,0.027673971856768495,-1.1363823893571778,-1.4962233144710546,-0.0929927842408862,low_vol_trend,True,False,1.0
2016-08-10,102.7160423933344,0.0006238130894680172,-0.00042456890517439394,0.0006236185989623336,-0.011279008694906167,-0.031804494006446915,0.02192187903067966,104.23115760369815,106.77843048190554,103.49390805645102,0.007123603322091165,0.09967525868628917,0.12420542441750654,0.1635912267348434,0.029801746366216735,-0.9916054145881745,-1.4146018721387144,-0.09242698126745386,low_vol_trend,True,False,1.0
2016-08-11,103.85106360365468,0.011050087054307323,0.02011211172989147,0.01098948090246848,0.0021925458547353838,-0.031586287541226055,0.03880762019606032,104.06179457660309,106.72156389092893,103.57526956230824,0.004697308694931124,0.11621307189557518,0.12450952729804957,0.16456753395148063,0.031133173911032225,-0.155519281281675,-0.9893330029674644,-0.0823982204023187,low_vol_trend,True,False,1.0
2016-08-12,103.86633724135817,0.00014707252071843868,0.009144230312749135,0.00014706170661555535,0.003601305788161646,-0.03154666216591273,0.013388657373399226,103.89262606205743,106.6439152753699,103.64928077616241,0.0023477759235062123,0.1159190177628548,0.12451693647231471,0.15641437764156813,0.03192194441543155,-0.02329942323040964,-0.9495174691554435,-0.08226326639557746,low_vol_trend,True,False,1.0
2016-08-15,104.39207857393896,0.005061710526665708,0.015684664792530834,0.005048943135040883,0.0072022591136946534,-0.004471519539832158,0.02048012700111812,103.86918166903858,106.59173324836458,103.72580738749917,0.0013822430998660096,0.11824084967331434,0.09954489900784103,0.1566510324251862,0.0332356450562755,0.47028359917187773,-0.7476802414002753,-0.07761794871038419,low_vol_trend,True,False,1.0
2016-08-16,104.84418749379296,0.004330873817535608,0.021355459438088253,0.004321522573175013,0.008411437111508713,-0.005400633633780627,0.026036221053900466,103.84071668783947,106.5570576833341,103.79894935630487,0.00040238684296523,0.11907226328861817,0.09891427822076733,0.15682595786702805,0.03354779076343408,0.9317280910871509,-0.5801742740825279,-0.07362322843468905,low_vol_trend,True,False,1.0
2016-08-17,105.22660552771724,0.003647489127109882,0.02444178217818238,0.003640853170135708,0.024006836052308245,-0.008036412432015805,0.019848007872700357,103.79809191756362,106.49951476271748,103.8771604377877,-0.0007611732924815984,0.09677425317202784,0.09700060381097987,0.15578311430744768,0.03298010507895618,1.4318097325198136,-0.4315511902093385,-0.07024427923279741,low_vol_meanrev,False,True,1.0
2016-08-18,105.10667124822491,-0.0011397714379443036,0.012090464950481605,-0.0011404214713829873,0.032445741462323596,-0.006042082242094016,0.006630949376239981,103.76614573852885,106.43725211437942,103.93913173708742,-0.0016643009775773043,0.0754820740243786,0.09650433554223545,0.1539194281219976,0.03140001927382734,1.4250971637216565,-0.45174671472947847,-0.07130398824759321,low_vol_meanrev,False,True,1.0
2016-08-19,104.51799623287609,-0.005600738833775654,0.006274015324172266,-0.005616481780456822,0.015475616678031212,-0.0037540495925085793,0.00257765005480759,103.74645352592776,106.40357307206547,103.99756270442127,-0.002414567918357924,0.0734143405659613,0.09443752447228211,0.15433316414735002,0.030181357080631036,0.8392825908255874,-0.637501513776325,-0.07650537206538754,low_vol_meanrev,False,True,1.0
2016-08-22,105.39332618235888,0.00837492088474856,0.009591222074486705,0.008340045816833988,0.025426321970206445,0.010773068702657707,-0.001460441525117484,103.80261892936603,106.40251625604171,104.06250100517997,-0.002497365268983809,0.0786278595762668,0.09632682890611956,0.15315971148171223,0.02884930936101125,1.6150436340300183,-0.341159384146583,-0.0687711776189448,low_vol_meanrev,False,True,1.0
2016-08-23,104.83841013735596,-0.005265191498394883,-5.510421297638679e-05,-0.005279101466399234,0.021299178449326828,0.0023069713305778894,-0.006313225359170782,103.81468405579176,106.37257253350317,104.10908452284428,-0.0028278076634890015,0.08624552497096843,0.09794157728252259,0.1535409069259831,0.02832933605444627,1.0272341636618072,-0.5171839900507013,-0.07367427569760576,low_vol_meanrev,False,True,1.0
2016-08-24,104.52172156310486,-0.0030207304158483828,-0.006698723778813753,-0.0030253020307029403,0.017579329651895126,0.006102043544994551,-0.020559039323747474,103.84638044784603,106.31920055556,104.1622110020349,-0.00303210301654111,0.08988323354256782,0.09529409196088265,0.15175156412327054,0.027844278235277155,0.669293498267086,-0.6041222216786402,-0.07647245598798891,low_vol_meanrev,False,True,1.0
2016-08-25,104.3584414478127,-0.0015621644271672785,-0.007118766026232182,-0.001563385878253393,0.00488562973311879,0.007088887555073198,-0.021893856234176612,103.88310934367578,106.25523732405331,104.21498808306714,-0.0031845586272756243,0.07433077415252821,0.09496711176646228,0.15177336241907882,0.02705576673460787,0.468830522322054,-0.6359580649603704,-0.07791515786475367,low_vol_meanrev,False,True,1.0
2016-08-26,104.97544371127957,0.005912336892990311,0.004376734102175428,0.005894927615196771,0.01067820912317452,0.014317970407658587,-0.02573880294883879,103.95720027671845,106.20450084582262,104.27306906907621,-0.003029246143589681,0.07905428935650408,0.09673122168392272,0.15084839641622122,0.02623909013216441,0.9811848991720278,-0.4121120457635539,-0.0724634816341303,low_vol_meanrev,False,True,1.0
2016-08-29,104.62679235285476,-0.0033212658703660747,-0.007273077501869563,-0.003326793516438546,0.0022483868711318244,0.009466839449660203,-0.02219029335034428,104.00626008763197,106.16336908803561,104.32077595029676,-0.003014891902401451,0.07841183580014428,0.09773435846742556,0.15035910001079864,0.025112177258641247,0.5935680053549612,-0.5139446803689406,-0.07554407701609689,low_vol_meanrev,False,True,1.0
2016-08-30,103.62087644134728,-0.009614324293867549,-0.011613431512491612,-0.009660840296409274,-0.011667895776464543,-0.003354602436503318,-0.0277457848185646,103.9888212450189,106.11708895141857,104.35932495803125,-0.003550269352176727,0.08860517998044716,0.10346992309000327,0.15138570606948865,0.02354066063886693,-0.35076665044393923,-0.8289725128544573,-0.08443209605505086,low_vol_meanrev,False,False,1.0
2016-08-31,103.58450979023988,-0.00035095872913204484,-0.008966669883055278,-0.00035102032956004875,-0.015605328417106712,0.008026873074349572,-0.04180467100497087,104.03006318681453,106.05541046782314,104.39519648585903,-0.0034976063203632224,0.08472037432452853,0.09418641418031667,0.14823741720096986,0.02151046643153289,-0.4395203008769791,-0.8151541788775017,-0.08475342260305341,low_vol_meanrev,False,False,1.0
2016-09-01,104.73116026213756,0.011069709884418799,0.0035715253040766726,0.01100888908010642,-0.003572665575152012,0.02875715810358881,-0.03223664509488311,104.17644226715952,106.0048059263626,104.44130367506466,-0.002535983357017213,0.10592750864967006,0.09406269620263394,0.15014246864674907,0.019334179738597163,0.6321391772666513,-0.4200979168201583,-0.07462190851856199,low_vol_meanrev,False,True,1.0
2016-09-02,106.1947684235243,0.013974906395798348,0.01161533277819049,0.013878157718592707,0.016042904103444444,0.031766794615783134,-6.760634018965206e-05,104.33992239732967,105.94186318610802,104.48194815217039,-0.0013593329503568397,0.12291479266935726,0.0985383078078682,0.14817573403416487,0.014481887600335351,1.9841441579530141,0.08448437756987723,-0.0616898363093864,low_vol_meanrev,False,True,1.0
2016-09-05,105.94904906359716,-0.0023138556030101176,0.01263784047094818,-0.0023165367034705766,0.0052728469758771546,0.030833238050991918,0.004769088288707035,104.49837442091939,105.84160942336646,104.5334622909026,-0.0003356616074340346,0.11808334567506658,0.09895367286942651,0.14751016263298436,0.011344950203439964,1.5682327590273755,0.0369896828207224,-0.06386095053900331,low_vol_meanrev,False,True,1.0
2016-09-06,106.62991432638424,0.006426346142836881,0.029038915596705683,0.006405785221183635,0.017088242626734917,0.03875138660515387,0.002767822558401578,104.69726980084474,105.71067540399152,104.57919995708902,0.0011289993020042743,0.11653499259461142,0.09983484202735937,0.1470835061080932,0.01017820134407975,2.0675515261219677,0.3394408926928923,-0.057844996969340645,low_vol_trend,True,False,1.0
2016-09-07,104.1175032327848,-0.02356197235523594,0.005145493700015935,-0.023843994432754458,-0.0038673141264327082,0.013644030735566304,-0.02866692826633055,104.76734284281724,105.56482732508083,104.6166333552942,0.0014405881998822423,0.17224014048836067,0.13479594157057118,0.15388826361841898,0.011603670219385043,-0.7882272223835978,-0.5591082731621922,-0.08004402710509628,mid_vol_neutral,True,False,0.6
2016-09-08,103.58397143927608,-0.005124323739456704,-0.010953653334787039,-0.005137498112122174,-0.0074212492807675945,-0.002571877023791913,-0.03693526452314999,104.75398823459832,105.39895342959659,104.65369863287968,0.0009582996399435384,0.1738717885750302,0.13050217231759798,0.1539698300050459,0.012275772405676826,-1.3895177724330692,-0.7447150082698663,-0.08475817933625651,low_vol_trend,True,False,1.0
2016-09-09,103.43760082697712,-0.0014130623711872126,-0.025963309092130404,-0.001414061685326054,-0.01464954878906799,-0.0041277706114232204,-0.03789955217139984,104.73255141387926,105.26696950352063,104.71289124709165,0.00018775306987972584,0.16992675561825207,0.1305810308835792,0.15397881611364408,0.012913965265856859,-1.4871071746243099,-0.7757232504281307,-0.0860514731135733,low_vol_trend,True,False,1.0
2016-09-12,102.87187163663408,-0.0054692798926122554,-0.029043936251999414,-0.005484291162795512,-0.01677314841405242,-0.014562474069602316,-0.0357272950755505,104.65654106701402,105.11265019216602,104.78032837314521,-0.0011813983412073403,0.17093779189393837,0.13033050279052463,0.1536048079943601,0.014301389871897253,-1.8523087346210374,-0.9945329688874744,-0.09105011341455582,low_vol_meanrev,True,False,1.0
2016-09-13,103.18285167214243,0.003022984131238582,-0.03232735087539007,0.003018424102328385,-0.00422718649221987,-0.015845759897265443,-0.02597852109758436,104.57347427593149,104.95150596705798,104.81695431743175,-0.002322907043863287,0.16613014041683996,0.12974212148483402,0.15317984940512716,0.015341594241780106,-1.367907170584897,-0.8470590118430938,-0.08830237233131699,low_vol_meanrev,True,False,1.0
2016-09-14,104.87156946499036,0.016366264020437615,0.007242454042713842,0.01623378027629723,0.012425213744379215,-0.0033740142138611873,-0.016845325633330965,104.55572247279515,104.83534711265821,104.86831316007545,-0.0029807925565003,0.1861807703795953,0.14269011529062378,0.15629665948774515,0.017274215550401265,0.31344559432482155,0.01889122058625655,-0.07338128825008472,mid_vol_neutral,False,True,0.6
2016-09-15,104.0485960246546,-0.00784744087014444,0.0044854872710773375,-0.007878394076229814,-0.006517298536314664,-0.010066679983342985,-0.029952915865898433,104.50281871161664,104.6856896585466,104.91228614230164,-0.0039029502238622227,0.18256316988027121,0.14528233392146148,0.15658848235329761,0.018945927483241243,-0.4519696345085403,-0.38409780521163206,-0.08065287379971164,mid_vol_neutral,False,True,0.6
2016-09-16,103.39862791404536,-0.006246774444272463,-0.00037677703871874524,-0.006266367176621584,-0.026330303752134077,-0.010709814186799615,-0.054354984015455576,104.4468502956751,104.52633740210727,104.95211322227388,-0.004814223469028156,0.16473018039304707,0.14560292200475397,0.15143436619945327,0.020107261829037593,-1.0129498635709577,-0.829492316621974,-0.08639582793307488,mid_vol_neutral,False,True,0.6
2016-09-19,103.51357127679444,0.0011116526888985678,0.006237853263008297,0.0011110352605830677,-0.022987254801511203,-0.017835616102597984,-0.06712373212408451,104.35286255039689,104.42416798384188,104.99444782834227,-0.0061106590987966,0.16580022048956533,0.14196958021905423,0.14792963617245702,0.020710937816044373,-0.8150950744774172,-0.7395099698536008,-0.08538021739860768,mid_vol_neutral,False,True,0.6
2016-09-20,104.18387628205024,0.006475527768850853,0.00970146292417362,0.0064546516131932805,-0.022939510547170694,-0.006243263842404478,-0.07945757159843214,104.32013585763158,104.38305465162804,105.0464501301753,-0.006914220058304221,0.16587264723425954,0.14325041294457316,0.14219414555706933,0.021200569866037855,-0.1330886633851504,-0.16549864209286771,-0.07945757159843214,mid_vol_neutral,False,True,0.6
2016-09-21,104.649972246566,0.004473782135480553,-0.002113034252799517,0.004463804519567889,0.005114116236447863,0.0012270242160496991,-0.06067624597274934,104.32654839180464,104.35425035428877,105.1014882975828,-0.007373253398505808,0.11785774581589724,0.1438137787465652,0.13951674249360968,0.021310493712001846,0.3153647760642981,0.2508681920690689,-0.07533926532729729,mid_vol_neutral,False,True,0.6
2016-09-22,104.66370068696622,0.0001311843673297286,0.0059117055473374425,0.00013117576341307077,0.010423709698397676,0.002925103469527901,-0.0644808367092391,104.34181135376232,104.30275788511699,105.15606805025925,-0.007743316306841663,0.11367020002445928,0.14367968821268196,0.13911730345055387,0.021099343516684237,0.31302380533826557,0.3269094240334856,-0.07521796429382466,mid_vol_neutral,False,True,0.6
2016-09-23,104.998593032755,0.0031996990703624384,0.01547375580302357,0.0031945909267397945,0.015091148608415539,0.00022052130152561134,-0.045786538952339306,104.3429688198361,104.25773559512665,105.21380701124178,-0.008276843278873458,0.11321729510832573,0.1425638662565973,0.13562259265836857,0.020661979330002356,0.637093887060413,0.7231305636600491,-0.07225894007388778,mid_vol_neutral,False,True,0.6
2016-09-26,106.13783974594806,0.010850114085220852,0.025351926677675385,0.010791673938874721,0.03174792153923356,0.014442260525366013,-0.04023948357172591,104.41852118949075,104.28327306135931,105.27851669992755,-0.008168765455615512,0.11463189827562421,0.14692784523020308,0.13720036039294994,0.020221462705518025,1.5576676146085597,1.7573692996880177,-0.06219284373214584,mid_vol_neutral,False,True,0.6
2016-09-27,103.16876171839968,-0.027973793650362344,-0.009743490066566607,-0.028372513620087032,-0.00013655325002570606,-0.00436316250619162,-0.07255750308592179,104.39591545334338,104.23837855337179,105.30991280970103,-0.008679119866040308,0.19385441936663053,0.17574497326769922,0.14747451222602934,0.022153582420453226,-1.090423858378342,-1.0148240680209344,-0.08842686760541585,high_vol_defensive,False,False,0.3
2016-09-28,102.56648628326644,-0.00583776935093161,-0.01990909236354732,-0.005854875734331639,-0.021980058022240567,-0.009827951196901386,-0.0733019665658925,104.34501427799471,104.16812626037243,105.33299320954467,-0.009379577105385395,0.17239649900694556,0.17689945730952256,0.14757209013849146,0.02270143714252154,-1.5003066150634563,-1.5314529856775496,-0.09374842129884164,high_vol_defensive,False,False,0.3
2016-09-29,101.38408088836198,-0.01152818467076,-0.03133483506772905,-0.011595149343216862,-0.02560837183868636,-0.03195877297069938,-0.09098228470762248,104.17766030930594,104.08089598156128,105.33761171109413,-0.011011749582566455,0.17672846007153487,0.17558997987279612,0.1478666702000026,0.02232017610316513,-2.0654268524290544,-2.4686477553470967,-0.10419585685627641,high_vol_defensive,True,False,0.3
2016-09-30,103.44197974548098,0.02029804717946826,-0.014825087101771217,0.020094787730289165,0.00041926892368104873,-0.025922074306567455,-0.07115496525840803,104.04002087540377,104.05149876677292,105.36548368842148,-0.012579668090712315,0.20849739747135634,0.18423350436725291,0.15449514043216908,0.022396599871117206,-0.4693191284483707,-0.559509135648229,-0.08601278209518193,high_vol_defensive,False,True,0.3
2016-10-03,106.36453435742791,0.028253080800830332,0.0021358510030209388,0.027861324283237215,0.027541925618719265,0.003921557555286448,-0.020783146653478246,104.0607951400953,104.09338909164961,105.42426863815255,-0.012933203290573458,0.25207561850343524,0.21177924070737938,0.1581769565925102,0.024762928536071253,1.7586833936197253,1.997176576748973,-0.060189827376790905,high_vol_defensive,False,True,0.3
2016-10-04,106.01942447592717,-0.0032445954244583186,0.027631064966238572,-0.0032498705376885558,0.017618351892644712,-0.005725315023590971,-0.002071906663205225,104.03027064757245,104.12183542899135,105.47825076694528,-0.013727760072283934,0.2528654658623303,0.2108369437819271,0.15176717235253082,0.025636973235822938,1.587803167393892,1.6254512613573397,-0.06323913116274349,high_vol_defensive,False,True,0.3
2016-10-05,106.49957467473504,0.004528888938808651,0.0383467205906447,0.0045186643802692696,0.017674179825018843,0.022878683871475847,0.0038588635984539987,104.14937421966995,104.17407104804565,105.53812034406053,-0.0131587157309907,0.2528815528648057,0.19232562020943395,0.15201777280016018,0.02654013152982452,1.7163338615781674,1.915208416320062,-0.05899664522555781,high_vol_defensive,False,True,0.3
2016-10-06,106.24730406495276,-0.0023687475800044933,0.04796831153350256,-0.0023715575007590577,0.015130397335393786,0.025711821903237286,-0.009241286531646242,104.2825408509538,104.22653985872036,105.6008792741796,-0.01248416142258535,0.25367237172100454,0.1913699172960821,0.15044285801137333,0.026804017379790653,1.3652165974521027,1.6215026277103828,-0.061225644644955834,high_vol_defensive,False,True,0.3
2016-10-07,105.8834275625901,-0.003424806921596857,0.023602098713852104,-0.003430684997509343,0.008427108442863318,0.0236454317971293,-0.01273924191607212,104.40483218773446,104.27433590896362,105.63477275847507,-0.011643330492628223,0.2546932732206486,0.19188617627235457,0.15059509398611837,0.026736555467471487,1.0077502100723643,1.2737635507108858,-0.06444076555499345,high_vol_defensive,False,True,0.3
2016-10-10,106.68077627006645,0.00753043914266005,0.002973189461590975,0.007502226930857099,0.00511539075430556,0.037025715317849484,0.017354501847841375,104.59527741940606,104.33503951167327,105.67861029557501,-0.010251202898476364,0.2516086158041949,0.19140674111535969,0.14416018373849993,0.026253160849062786,1.3861762293387263,1.7979481239724187,-0.05739559367565161,high_vol_defensive,False,True,0.3
2016-10-11,105.97725963159034,-0.006594596168808531,-0.0003977086703238486,-0.006616436590250094,0.02722236718180726,0.027082096629069463,0.005348200967729477,104.73499781737846,104.3751916384329,105.71654579352708,-0.009284714788786785,0.2014638216833944,0.19368164424443507,0.1444731146100889,0.025437233088941153,0.8303016573171422,1.2100667451022336,-0.0636116890823002,high_vol_defensive,False,True,0.3
2016-10-12,106.522159369709,0.005141666618035723,0.00021206371051651907,0.005128493385847595,0.03856691624901565,0.01573915516988289,0.004176679784962722,104.81752731261437,104.45044140674054,105.74998025114681,-0.008817523524051185,0.1958020269072696,0.18613482297709757,0.14427856061956887,0.024869037359593473,1.1006936002712484,1.549395441625459,-0.058797092562535735,high_vol_defensive,False,True,0.3
2016-10-13,107.1139024860386,0.005555117543907695,0.008156427390911158,0.005539744783826496,0.056515988974501274,0.02946033467532483,0.012939618518690077,104.9707926356836,104.55664788335656,105.77697622324933,-0.007621541249810737,0.17598945442169067,0.18389851777373906,0.14454177329336315,0.024195997253392144,1.3239832126306361,1.9177337201924347,-0.05356859977905304,high_vol_defensive,False,True,0.3
2016-10-14,108.5465979331865,0.013375438798288952,0.025151909339373724,0.01328677733246312,0.0493476459002955,0.049787604758359194,0.034645826738803676,105.22819113664063,104.66907652561784,105.81994942182588,-0.0055921240599572375,0.1626941372751161,0.18608932540399958,0.14598777500798935,0.023404012999395433,1.88677655855997,2.7175838717224723,-0.04090966450861877,high_vol_defensive,False,True,0.3
2016-10-17,108.8870857148336,0.0031367890669100618,0.020681415358112964,0.0031318796080303385,0.023716094585897407,0.051911207117667946,0.04427991559577471,105.4968668585426,104.79121806807846,105.85334555803948,-0.003367665874116521,0.09739074317423324,0.1860281140195234,0.1453971373007699,0.02209872373797924,1.7950080861999114,2.694371413486433,-0.03790120043007039,high_vol_defensive,False,True,0.3
2016-10-18,108.44660557577,-0.004045292755994856,0.0233007151983724,-0.004053497086155581,0.02289373963158936,0.04091544148520199,0.036803101490386014,105.71000332322858,104.90711004503632,105.88276677660237,-0.0016316484602096892,0.09875513820813969,0.18686687741866412,0.1456412447465312,0.020599944198047105,1.3881274489277,2.249182767515677,-0.041793171734521906,high_vol_defensive,False,True,0.3
2016-10-19,105.73427670751498,-0.025010730892447763,-0.007396420302178575,-0.025328814088392985,-0.007185925103995849,0.010361249388525895,0.017773820381979277,105.76421854627604,104.96747473131994,105.87295260661274,-0.001027023972219987,0.16741398435847565,0.20974995248636472,0.15415367092302534,0.019747683700494494,-0.01531086144961825,0.4961336565590892,-0.06575862485557582,high_vol_defensive,False,True,0.3
2016-10-20,108.13937610336936,0.022746638750907877,0.009573674317994607,0.022491791340335472,0.01780818868834455,0.033208030994416715,0.04357599126567391,105.93800231709619,105.05324098131422,105.88740243612159,0.00047786497553503615,0.20380040589613424,0.22396209474829445,0.16070703717018714,0.01940866510134409,1.0971637516589003,1.9284109506425429,-0.04450777378901416,high_vol_trend,False,True,0.3
2016-10-21,107.92510180861652,-0.001981464129661825,-0.005725615877455126,-0.0019834298267784934,0.01928228329045667,0.027871885625634807,0.042818837933554565,106.08432775588926,105.1344162726594,105.88916577401466,0.001843077905544277,0.2028829152028093,0.2242658737528641,0.16075276387431214,0.018024079549727016,0.9020189890048022,1.7002571687922126,-0.04640104736142192,high_vol_trend,False,True,0.3
2016-10-24,107.2389153012108,-0.006357988048253493,-0.015136509557609368,-0.006378286136673635,0.005231861359270562,0.010374015128801206,0.034669289392291525,106.13938153365241,105.19135300720484,105.8915431277847,0.0023404929095105498,0.20422928492041018,0.22303520673211816,0.1614021290773808,0.016047808047922486,0.5345240993770566,1.2303052013867233,-0.05246401810512502,high_vol_trend,False,True,0.3
2016-10-25,106.33667249159905,-0.008413389925453374,-0.019455962433944207,-0.008448982265896528,0.003391414924844627,0.030706104449001792,0.022766443120726843,106.29777707231237,105.22120270716096,105.88913019524753,0.003859195710752772,0.20621687455244375,0.1993351130259089,0.16236617698823008,0.015389121718345654,0.020105429116608252,0.6674313554369329,-0.060436007789203994,high_vol_trend,False,True,0.3
2016-10-26,106.55537390595376,0.002056688527393824,0.007765667142265675,0.002054576438987337,0.00031180870197600186,0.0388907504510867,0.036937671329380084,106.49722145344674,105.24777807472569,105.87364641872158,0.00588980408079065,0.20481357705599662,0.1973948548190678,0.16043405743727113,0.014683634665139729,0.0337353634733399,0.7774487953241461,-0.05850361730567166,high_vol_trend,False,True,0.3
2016-10-27,107.65889836458196,0.010356347297905133,-0.00444313400077434,0.010303087733979697,0.005088003199345659,0.06189154570656341,0.057515853437466236,106.81096232725774,105.2988226170528,105.86803736571612,0.008906606611439605,0.2097487934643439,0.19275898287874652,0.16028078091622083,0.013811675540065576,0.6782773056791843,1.375398629723114,-0.0487531537867677,high_vol_trend,False,True,0.3
2016-10-28,107.53639023604627,-0.0011379284982168114,-0.0036016789982700192,-0.001138576430430665,-0.009306673045267111,0.039581710449080765,0.04480171957151913,107.01568285178601,105.35919049711622,105.88138178459084,0.010712941671868537,0.1972518147263465,0.18208097221656208,0.15896082439493778,0.01393531654554724,0.5345047332186971,1.2506855661121263,-0.049835604681912615,high_vol_trend,False,True,0.3
2016-10-31,109.67705482649426,0.019906420382431955,0.022735585476925557,0.01971087836426925,0.007254938512446962,0.031143091906320253,0.06710493926969008,107.18130887523932,105.44486506999894,105.92369066302031,0.011872870028858173,0.2230541289793162,0.167987535456572,0.1636404051850462,0.015089319591796782,2.2140650145241216,2.294088048907581,-0.030921232796291553,mid_vol_neutral,True,False,0.6
2016-11-01,110.10878250024602,0.003936353637820966,0.03547327483794449,0.003928626469114581,0.015327145701344191,0.03857178101591541,0.07264130541681424,107.38577677645529,105.55027251725674,105.96142252537994,0.013442196387408734,0.22178257191694326,0.16717972354497457,0.16366298648932018,0.015970402322155016,2.148277467934028,2.329759777470363,-0.027106596065674116,mid_vol_neutral,True,False,0.6
2016-11-02,111.30020613544971,0.010820423295489823,0.04452926263187584,0.010762301408401353,0.052640729205831294,0.045076531764342676,0.08357179211834942,107.625808349491,105.68584220870362,106.0025213821318,0.015313663733595106,0.16770569164308338,0.16993745954671732,0.1648337767490261,0.016845156068806117,2.416995219858284,2.657632400144007,-0.0165794776137147,mid_vol_neutral,True,False,0.6
2016-11-03,111.34627596321742,0.00041392401117068545,0.034250560377725,0.00041383836825946354,0.029655246547590774,0.0479915414620542,0.07217270675404985,107.88075694440424,105.82559889901171,106.0404181115325,0.01735506956353272,0.13689712465806902,0.16921742733031686,0.16360856555179473,0.017649925656446165,2.045204913405287,2.4540370548781603,-0.016172416246420962,mid_vol_neutral,True,False,0.6
2016-11-04,111.271017806308,-0.0006758928959087473,0.03472896534897707,-0.0006761214144873083,0.03100220376557794,0.05088228033167108,0.07129047544772171,108.15013645659015,105.9515103809123,106.07800561336745,0.019534029050048085,0.13572951323337654,0.16824082972529006,0.1636401857414468,0.018408541248352846,1.7474161690595453,2.2408971995125175,-0.01683737832107901,mid_vol_neutral,True,False,0.6
2016-11-07,111.825009941863,0.004978763980746148,0.019584361731510347,0.004966410920372947,0.04276520913859372,0.04822081214307761,0.07120206312071309,108.40734814017996,106.09547473269245,106.12942191036403,0.021463663787218756,0.12515113741887599,0.1674786300503173,0.16363191463939344,0.019108219972485938,1.7726211370928615,2.2859433192198355,-0.011942443673048087,mid_vol_neutral,True,False,0.6
2016-11-08,112.49536433767786,0.00599467325031644,0.021674763658625418,0.005976776683724277,0.057916913344879806,0.0615047485540432,0.07297664302408635,108.73325337548434,106.27296449061907,106.19502672101882,0.02390155860249088,0.10342870643021489,0.16443504127185807,0.16380335463797327,0.019856961293028167,1.8413755290707434,2.3584394558792243,-0.006019361470361861,mid_vol_neutral,True,False,0.6
2016-11-09,111.70401823284246,-0.007034477460422406,0.00362813431721154,-0.007059336043685166,0.04831895509496231,0.048645830067607365,0.06155679614143805,108.99234631864101,106.4353546594711,106.24538256364713,0.02585490012564362,0.12090185511272637,0.1680121141765787,0.16459012376193596,0.02034464302273983,1.306049372536393,1.9383102579970184,-0.013011495868194833,mid_vol_neutral,True,False,0.6
2016-11-10,113.51718266590272,0.016231864007620445,0.019496895463324115,0.0161015357256802,0.054415235436293896,0.05978010352763263,0.08001881629202345,109.31251032763421,106.61107510754643,106.30794051695452,0.028262891709396998,0.13164318238741884,0.1747832129866192,0.16742927354690892,0.02051674200363186,1.8628200362534633,2.394088730880881,0.0,high_vol_trend,False,True,0.3
2016-11-11,113.4748329218981,-0.00037306901924505365,0.019805832273650292,-0.0003731386268044348,0.05522263368536673,0.045402021643691226,0.08569659782862016,109.5589220770698,106.7566763975139,106.34926979181097,0.03018029452898019,0.13064095866777994,0.1706872336875181,0.16684561273749185,0.020817532328948275,1.6105459468226113,2.208022780906368,-0.00037306901924505365,mid_vol_neutral,True,False,0.6
2016-11-14,114.83241159778058,0.011963698389552802,0.02689381970527971,0.011892699065320101,0.04700487973024026,0.054600835754915034,0.08956056097033627,109.85618837121714,106.93434364819757,106.387976535782,0.03259965973945045,0.11051403933679228,0.17411796754592118,0.16764424909825043,0.02097654879412508,1.8470164781231424,2.4324285318615155,0.0,high_vol_trend,False,True,0.3
2016-11-15,114.39599424572997,-0.003800471887494883,0.01689518425263259,-0.0038077120305736413,0.03893614703690296,0.05486007273693061,0.09116490889028128,110.15365780471515,107.08966524658449,106.400170325288,0.03527708149293307,0.11840786311215429,0.17399394998716783,0.16741905498767837,0.021115751801385037,1.4864181195867083,2.140357782944401,-0.003800471887494883,high_vol_trend,False,True,0.3
2016-11-16,114.90349216728129,0.004436325982369427,0.028642424731486926,0.004426514495525391,0.032374477612794994,0.08671942292782164,0.09932644094374621,110.61211857770346,107.30538502527443,106.43510617517762,0.03924468676388626,0.11205442203371972,0.1397498934234741,0.16725456819804485,0.022457228653436877,1.5093337407671685,2.1345229311525267,0.0,mid_vol_neutral,True,False,0.6
2016-11-17,114.6413771305445,-0.0022811755482173846,0.009903297793695698,-0.0022837813928385606,0.029593276818845604,0.06012611928665046,0.0985347762966935,110.93721862906223,107.52653313909977,106.46274328434816,0.04202855578090192,0.1147247487423429,0.12292994058569565,0.16731973490570398,0.02360266813277241,1.2701180948988222,1.9409699506552196,-0.0022811755482173846,low_vol_trend,True,False,1.0
2016-11-18,117.10228677344728,0.02146615562808951,0.031967034082754475,0.021239002693465004,0.052406000071733905,0.08503290533007468,0.11552076022198965,111.39607787730377,107.79982685802919,106.53339818077491,0.04564465021830477,0.1450105064295108,0.13773393196840567,0.17199414652759945,0.022153013154463132,1.8221682918531183,2.4106904063302568,0.0,mid_vol_neutral,True,False,0.6
2016-11-21,115.06507452726837,-0.017396861344989967,0.0020261085372197396,-0.01754996501799704,0.028974418040202732,0.07297872422595453,0.09976681822769073,111.78738583860664,108.04369091584185,106.57817055400393,0.048876944101448716,0.18403741883895855,0.15354308596628682,0.17618076027801258,0.018858272117223393,1.0665516736899514,1.788543698697057,-0.017396861344989967,mid_vol_neutral,True,False,0.6
2016-11-22,114.28498207998618,-0.006779576257062381,-0.0009704200437764543,-0.006802661984303609,0.015908368783414284,0.07474664574458134,0.10291464427706454,112.18480131802599,108.26573352399875,106.60861974552837,0.05230516618457126,0.18916376141864308,0.15195281958351467,0.17550133246170976,0.017663512703735857,0.7405521048852876,1.5203800233345295,-0.024058494253930474,mid_vol_neutral,True,False,0.6
2016-11-23,114.0397842008813,-0.002145495187926505,-0.007516812153477104,-0.0021478000600453407,0.02091031285168299,0.0702396324143475,0.10093472886837529,112.55902183277237,108.44909781871657,106.6422224656874,0.05548270872719985,0.1844165145280526,0.1532651838549368,0.17562913191636675,0.016192322486705556,0.5849354399778329,1.3939738453821566,-0.02615237205820642,mid_vol_neutral,True,False,0.6
2016-11-24,115.416723601872,0.012074202092185793,0.006763234102156623,0.01200189040281085,0.016733510217214365,0.07205930355165369,0.1020285014793012,112.94691309463687,108.67646037026093,106.68107501440376,0.05873429827537002,0.17652828715238217,0.15440979183897563,0.1758707958336994,0.014752297202364201,1.061249993860628,1.6529476011728808,-0.01439393899144148,mid_vol_neutral,True,False,0.6
2016-11-25,116.00961243927894,0.005136940461523576,-0.009330939337523714,0.005123791394297258,0.022337812289404013,0.07879399880016091,0.09242304645941912,113.3705742047985,108.92868006076559,106.72750873143643,0.06224323562239542,0.17686886071651253,0.15349769070419014,0.17415634060894605,0.014029198323085388,1.2907655222357055,1.7127557655211358,-0.009330939337523714,mid_vol_neutral,True,False,0.6
2016-11-28,116.06967641122836,0.0005177499578394862,0.00873072813872744,0.0005176159715756583,0.010774526078765057,0.058285861111488035,0.09552353170773786,113.69020528403522,109.17980216345426,106.80198507364808,0.06449524515520166,0.16843086461327297,0.14155172009484637,0.17398575484314718,0.014490435748527075,1.2307112430834792,1.648418328472135,-0.008818020473132737,mid_vol_neutral,True,False,0.6
2016-11-29,116.12796883200556,0.0005022192064245701,0.01612623739774932,0.0005020931365669557,0.015140168129971432,0.05466581497934642,0.08907495204909077,113.99116460062316,109.41868401445338,106.9008693330407,0.06632588969406084,0.16628056622181275,0.1417347106953229,0.17370442239906975,0.01483229014828327,1.1797762471023967,1.5863616340563877,-0.008320229845952376,mid_vol_neutral,True,False,0.6
2016-11-30,115.09822677792616,-0.008867304443850754,0.009281344966248106,-0.008906852953934327,0.001694766686128002,0.03412411148506189,0.10546472210912294,114.181065632747,109.62764910508056,106.99094972968467,0.06720302905272213,0.17309314640223233,0.14398972856918515,0.1671419789695224,0.014827809551741684,0.5361910506183503,1.2881009847725247,-0.017113756278716252,mid_vol_neutral,True,False,0.6
2016-12-01,114.25284413805872,-0.0073448797912286645,-0.01008414922457912,-0.007371986231391829,-0.003389116584349372,0.026103865169244234,0.10299733202483985,114.32639404148907,109.81943197410243,107.0610949296097,0.06786124424242201,0.17696724701843,0.14751260106272188,0.1675920967591853,0.014622896572078893,-0.04669537794817059,1.0469076562492319,-0.024332937587301373,mid_vol_neutral,True,False,0.6
2016-12-02,110.67607927100876,-0.03130569653677884,-0.045974924457762745,-0.031806193166633204,-0.05487687456412371,-0.0053467519847338885,0.06997917958421751,114.2966471147241,109.9329816988675,107.09535864699707,0.0672418353017854,0.19292600875448848,0.1876459809628595,0.18064457197111342,0.016103841761000024,-2.207506645823897,0.17783361563065384,-0.05487687456412371,high_vol_trend,True,False,0.3
2016-12-05,111.85043647246404,0.010610758975113876,-0.036350923593650664,0.01055485994517796,-0.02793756548641102,0.00022737785236293107,0.08727910451113607,114.29791844125415,110.04723363339781,107.16525334737857,0.0665576282524607,0.1960207007100756,0.19074737885764861,0.18111731335636455,0.017724278615694443,-1.4940904413053695,0.4344302123624441,-0.04484840087831732,high_vol_trend,False,False,0.3
2016-12-06,110.43074559803904,-0.01269276114782536,-0.049059871547467715,-0.01277400242344145,-0.033724785284995895,-0.01835292282303691,0.07024320231937731,114.1946875042722,110.19247331099061,107.21542593218119,0.06509568479917904,0.20158435504388275,0.19455826873581464,0.18338742365082789,0.019547330917544663,-2.07567182576995,0.059118152148390196,-0.05697191198593221,high_vol_trend,True,False,0.3
2016-12-07,110.53759566048532,0.0009675753058411285,-0.039623817369838776,0.0009671075065845792,-0.030710234721479823,-0.010442082485571547,0.05402823877243934,114.13636637565435,110.35189549853497,107.26001087945372,0.06410921870900022,0.20270841871156686,0.19325593026936458,0.1806420951268443,0.020937623098426002,-1.8805650471336197,0.047893153117675016,-0.0560594612952553,high_vol_trend,False,False,0.3
2016-12-08,110.8232154058883,0.002583914944922938,-0.030017884964213093,0.002580582376183328,-0.03979932935740682,-0.023731801624632842,0.06511014698966666,114.00166801265364,110.54067818888551,107.31078708522338,0.0623504971789699,0.1879567948282356,0.18345036422322852,0.17973715527998546,0.021343651524193985,-1.5508207565543541,0.07729580015327236,-0.05362039923017747,high_vol_trend,False,False,0.3
2016-12-09,112.22445639660454,0.01264393011504139,0.013990169653591789,0.012564663095789312,-0.03262795179714617,-0.011018976570374539,0.08535730754470006,113.93914918638896,110.71632772190799,107.38391324434046,0.06104485992359732,0.20145577545480362,0.18987516226639242,0.1805997597327412,0.0222374265477677,-0.8223134044252957,0.4289896363641324,-0.04165444169574306,high_vol_trend,False,False,0.3
2016-12-12,110.33610982179196,-0.016826515676218512,-0.013538853297589748,-0.01696968984521463,-0.04939762706947415,-0.039155337011798075,0.06590960451701666,113.71433409758951,110.79575923119526,107.44457416142244,0.05835343464387055,0.2109902033322811,0.19232514074380402,0.18443561670277464,0.023136712489832196,-1.5205285576090932,-0.1328609878277939,-0.05778005825578403,high_vol_trend,False,False,0.3
2016-12-13,110.86499923765156,0.004793439035632341,0.00393236174636713,0.004781987088297913,-0.045320430963255554,-0.030866421777790642,0.06412818560824096,113.5377843471856,110.89267072642973,107.50725307771054,0.05609418059557303,0.21516650264842035,0.19362852589740717,0.18425955243252842,0.02405357014288969,-1.1603075934921583,-0.008162023557907832,-0.05326358440687606,high_vol_trend,False,False,0.3
2016-12-14,110.49662587673215,-0.003322720096085141,-0.00037064116971574634,-0.0033282525891870454,-0.039979772321535934,-0.038352762021657605,0.05586865915636219,113.31744103265817,110.9726117504697,107.57334139925766,0.053397055057361476,0.21384313050452392,0.1924310516754433,0.18434308773464003,0.024215048184849836,-1.1873905481065385,-0.14288801415434338,-0.05640932452066294,high_vol_trend,False,False,0.3
2016-12-15,110.19502500347886,-0.0027295030129675935,-0.005668400795886597,-0.0027332348986588624,-0.03551613235707762,-0.0387848806282437,0.05284854519960103,113.09512342630487,111.05156616924022,107.63905301398026,0.05068857686453221,0.2130690014190158,0.19244992565168798,0.18449204209114944,0.02264560903031446,-1.1827261694374185,-0.2625024328445892,-0.05898485811239185,high_vol_trend,False,False,0.3
2016-12-16,111.31037820846596,0.01012162940161665,-0.008145089025053509,0.01007074875275728,0.005731129451234107,-0.049460251584895754,0.06011304526473005,112.8055279980558,111.16010518215771,107.71722054556068,0.04723764154630161,0.15557746297404956,0.17783506011484576,0.185399672534132,0.021429691857511864,-0.6527375730418336,0.047305014604717,-0.049460251584895754,high_vol_trend,False,False,0.3
2016-12-19,111.96136569202066,0.005848398810895272,0.014730045067328446,0.0058313633145502565,0.0009917638505052562,-0.02697350910342633,0.054867575598031904,112.65034255629341,111.2657169705968,107.80037824113504,0.044990234675333474,0.1486946115030451,0.17097183491382614,0.18455076053393765,0.02101207004824853,-0.3084217754097475,0.2235488956532945,-0.04390111605055613,mid_vol_neutral,False,False,0.6
2016-12-20,112.8884690261784,0.008280564714689076,0.018251655639209385,0.008246468930943347,0.022255789498019984,-0.012219567509144658,0.09421172790954668,112.58051690360303,111.40394115848858,107.88956639846074,0.043479185816889254,0.1346268795102248,0.1729288275594724,0.17498425834682246,0.02045629317416878,0.13987088081504861,0.49084939815793077,-0.03598407736837084,mid_vol_neutral,False,False,0.6
2016-12-21,113.43978205348586,0.004883696555222139,0.026635710850003935,0.004871809993730876,0.02625519738926263,-0.00526134060670036,0.10601216990303941,112.55051679623325,111.5422936121641,107.99636750945233,0.04216946728678006,0.13502843887970342,0.173870288977243,0.17442651510367035,0.01989999580477086,0.40702717574452385,0.642359976490461,-0.03127611612783543,mid_vol_neutral,False,False,0.6
2016-12-22,113.59513315332774,0.001369458729818751,0.03085536892197749,0.0013685218764362354,0.02501206752833629,-0.015782725342540438,0.12044348735983346,112.45943727380605,111.67191822550988,108.11428305443322,0.040190380924832514,0.13517700826238727,0.16789167478210665,0.17222490556336087,0.019408280082789994,0.5420631940650388,0.6637950168390633,-0.029949488748282738,mid_vol_neutral,False,False,0.6
2016-12-23,114.5384083108605,0.008303834251944142,0.029000261739736244,0.008269547099422707,0.020618963001062696,-0.012681743326989237,0.10727200497015121,112.38587706738512,111.79175443306337,108.23041547934062,0.03839458224049519,0.1276071412695643,0.16972861644341503,0.16848214931617397,0.01878649953773462,1.0833272500515132,0.9506293532842588,-0.021894350086834713,mid_vol_neutral,False,False,0.6
2016-12-26,114.7544248366858,0.0018859745740400502,0.02494663339806147,0.0018841983569093473,0.04004414349962149,-0.011331569236763372,0.0788786462512443,112.32011448865799,111.90910121550041,108.35015964178943,0.03664004612446736,0.07282556406295843,0.1699157011900785,0.15917869341072574,0.017045472789070745,1.2966625336767796,0.9851988009277978,-0.02004966770037364,mid_vol_neutral,False,False,0.6
2016-12-27,115.09141023856098,0.002936578718901295,0.019514315601815158,0.0029322753942577617,0.038122139809423805,-0.00892600295923629,0.08556909082914044,112.26828655898578,112.04199730875624,108.47455367689628,0.03497348229142805,0.07281530093653352,0.1703281584017591,0.15892617980797671,0.014975623940344655,1.5874415866340295,1.0594286473668477,-0.017171966408962236,mid_vol_neutral,False,False,0.6
2016-12-28,115.24874464340996,0.0013670386393116463,0.015946456852951263,0.0013661050926903108,0.0430069129167725,0.0013077340085718703,0.08215215877994009,112.27581245225994,112.23228666747413,108.59988069939703,0.033848395865533565,0.06322011469822637,0.16742408326436312,0.15879394149774836,0.012881772352623748,1.6596608465469767,1.0908978913193772,-0.01582840251124451,mid_vol_neutral,True,False,0.6
2016-12-29,115.27649819193384,0.00024081432391942492,0.0148013826995268,0.00024078533280434634,0.04611345374525344,0.008959549861517369,0.08498280691866977,112.32699515495372,112.37502910924542,108.71413504527982,0.03323266204683617,0.055335581825887034,0.16508794557780293,0.15862175463482842,0.011017948241273574,1.5824322999205411,1.0614271978159884,-0.015591399893374547,mid_vol_neutral,True,False,0.6
2016-12-30,115.35480185854618,0.0006792682623129043,0.007127683715229871,0.0006790376640462918,0.03633465014830595,0.042274018183105166,0.08945096049480772,112.56093128433058,112.523623110244,108.8290196914517,0.034291511615738735,0.04846478672525712,0.1147199124584316,0.15831019382202802,0.018299928471214873,1.4416740953659983,1.0531543368982166,-0.014922722374174247,low_vol_trend,True,False,1.0
2017-01-02,115.15566322020356,-0.001726314250765304,0.003496495965962021,-0.0017278060483329849,0.028530355167064148,0.029550414392466084,0.07944155682447063,112.72619262171756,112.68195806862386,108.93665553791436,0.03478661121998816,0.053219488539308364,0.11087073884354001,0.15793482111889226,0.023232558498146313,1.2065251420528689,0.9505317764722196,-0.01662327531664487,low_vol_trend,True,False,1.0
2017-01-03,114.16036254764148,-0.008643089230087164,-0.008089636654808774,-0.00868065735219789,0.01126681522422035,0.03377335659018388,0.07721564932418645,112.9126734691977,112.83843186974472,109.02981728845283,0.03561279177853027,0.0698335022775216,0.10476848472430265,0.15842851459933388,0.027217258952787947,0.6359676922590212,0.5410008978702597,-0.025122688094873835,low_vol_trend,True,False,1.0
2017-01-04,114.95992241129376,0.007003830802644773,-0.0025060770337225202,0.00697941790262015,0.013400416769940193,0.04000744474659612,0.07921134054652068,113.13378980673811,113.00652283985151,109.12715045728861,0.036715330077437214,0.07372713790843831,0.10640017140080077,0.1586676881228092,0.029889072484000224,0.9466550023295824,0.8543239000047567,-0.018294812348953138,low_vol_trend,True,False,1.0
2017-01-05,115.65232441486064,0.006022986002806041,0.0032602154716832032,0.006004920325865052,0.018109853868089276,0.043574886284302394,0.07971348004928647,113.37524525718672,113.1663913608571,109.23260698895496,0.037924923540922695,0.07738622872826621,0.10735307253691487,0.15872390758898813,0.032091410631730856,1.1817752961584065,1.13928351856529,-0.012382015744848873,low_vol_trend,True,False,1.0
2017-01-06,115.76825240919908,0.001002383609019164,0.0035841641959550863,0.0010018815580397874,0.010737394699957159,0.031577751645066154,0.0665304543257792,113.55243505781645,113.33102860432017,109.34510955071819,0.038477491351789794,0.06837890211203468,0.09996879705526672,0.15672571663988258,0.03400581575792781,1.1203985830041558,1.1857465163823675,-0.011392043665458873,low_vol_trend,True,False,1.0
2017-01-09,116.10280996569436,0.002889890358824365,0.008224925453120369,0.0028857226532254545,0.011750179837749508,0.052264849224940235,0.06626795274655572,113.84077006501157,113.45954370710415,109.45220438855155,0.040095726723609504,0.06889524612587085,0.07258098125520092,0.1567129772229796,0.03763016107308957,1.188626068540114,1.3066489326314885,-0.008535075063790698,low_vol_trend,True,False,1.0
2017-01-10,117.17755966731644,0.009256879329101908,0.026429463364885608,0.009214297006207971,0.018126021954473437,0.05693916450703429,0.08050924273002047,114.1563980864948,113.60091925044557,109.57559588385115,0.041804949046311934,0.07984897625042225,0.07604871871001599,0.15721137625009624,0.039598120358743404,1.5842241227540048,1.7610474368006208,0.0,low_vol_trend,True,False,1.0
2017-01-11,116.98624734987048,-0.0016326702654426706,0.017626359657125557,-0.0016340045240077867,0.01507610960827832,0.05873139945809758,0.10641743616860411,114.48087916015172,113.71464007473398,109.70024114171879,0.04357910218498917,0.08171241797077171,0.07446909632611677,0.1474739275699525,0.040799639044320574,1.391342464244858,1.5892983857246201,-0.0016326702654426706,low_vol_trend,True,False,1.0
2017-01-12,116.58883536243378,-0.0033970829600864505,0.008097640512729765,-0.003402866147431215,0.011384256037296758,0.058022677146750246,0.0781348992709896,114.80056967809946,113.81949126271832,109.82254508086503,0.04532789322601283,0.08525762266673388,0.0751690504736015,0.14115758357967156,0.04103183173332814,1.1538437731600182,1.33854760577746,-0.00502420690919092,low_vol_trend,True,False,1.0
2017-01-13,116.16169763271256,-0.003663624637757157,0.0033985588909366538,-0.003670352146905551,0.006994904079986597,0.04358371162085972,0.07631770261103843,115.04313564931181,113.9173048592464,109.93440762007934,0.04647069229578826,0.08864291925137238,0.07334971069133404,0.14136622748548147,0.04159251347844429,0.834555023079535,1.0886817052628297,-0.008669424738730336,low_vol_trend,True,False,1.0
2017-01-16,116.42624644492383,0.0022774186121810036,0.002785776496925685,0.002274829225080483,0.011033614754062393,0.039878762868836404,0.08567161573676696,115.26637968695698,114.00932958930761,110.05240216100005,0.04737722597212546,0.08783496254761772,0.07204228958185288,0.1404821546462591,0.04199268624713274,1.0001846454037004,1.1681856848242813,-0.006411750035806296,low_vol_trend,True,False,1.0
2017-01-17,116.22006307395672,-0.001770935482873659,-0.00817133072303422,-0.0017725054429216791,0.01804216875586473,0.02951226176170163,0.09294432814924214,115.43295938934588,114.0838235640332,110.17839402732612,0.04769143177669233,0.07177083219127642,0.06913532359301659,0.139151618929799,0.041812633723539,0.7624014523187241,1.0268658573327993,-0.00817133072303422,low_vol_trend,True,False,1.0
2017-01-18,116.72941610142252,0.004382660050198606,-0.002195396931400473,0.004373084164015453,0.015392265869822008,0.028998945417451738,0.09548126783777611,115.59744109174271,114.1843315214048,110.30984309043795,0.047934054234577195,0.06752912168862601,0.06882884753862571,0.13927151299045373,0.04088750266107697,1.182259780212564,1.2210041819510937,-0.0038244828375524342,low_vol_trend,True,False,1.0
2017-01-19,115.1813156443327,-0.013262299331170513,-0.012072508604495491,-0.013351029002467681,-0.004072626926531764,0.01396347226305883,0.06987269416668584,115.67675021629296,114.21761418097338,110.41434464425991,0.047660524445331864,0.0953291092068597,0.0863829673556389,0.14129593393412154,0.039022395039981034,-0.5887095260658969,0.46180079224507165,-0.017036060732544378,low_vol_trend,True,False,1.0
2017-01-20,115.17966950897434,-1.4291687407408382e-05,-0.008453975309858697,-1.4291789534545906e-05,-0.0050841477518750455,0.005598656446957451,0.07107621202600156,115.70881327619865,114.25171091271494,110.50419365511442,0.047098842577214306,0.09504900755016035,0.08159497616646066,0.14123645214564365,0.03655046416939761,-0.6553422398234102,0.4443444237989661,-0.01705010894589709,low_vol_trend,True,False,1.0
2017-01-23,115.46651661369329,0.002490431739748944,-0.00824324291588796,0.002487335753786207,-0.005480430251335711,0.006205353545372327,0.052786444679407074,115.74441786504903,114.26439301303317,110.59936833061536,0.04651970089967916,0.09467128219482973,0.08177961406462393,0.1357802385250935,0.033264283418447865,-0.35705896255300645,0.5741092930572602,-0.014602139338633191,low_vol_trend,True,False,1.0
2017-01-24,115.09931779166638,-0.003180132498977306,-0.009643302994743363,-0.003185199866451414,-0.01773583509974508,6.870671832936992e-05,0.04532368061929315,115.74481324270428,114.2784594839519,110.68406236526818,0.04572248948303992,0.07772992345351885,0.08206763821818353,0.13588237403827855,0.028853771858895982,-0.8297293134046451,0.3914151287791017,-0.01773583509974508,low_vol_trend,True,False,1.0
2017-01-25,114.98287794360913,-0.0010116467264211781,-0.014962279570522985,-0.0010121587863490139,-0.017124828359267652,-0.0023068945403565966,0.03308773573768309,115.73151990771426,114.28004719947845,110.79271611237644,0.04457697192230947,0.07782468195908078,0.08198263426543027,0.13430079183754634,0.0232745351755029,-0.948760326890876,0.33505335399901187,-0.018729539426647346,low_vol_trend,True,False,1.0
2017-01-26,114.88227023762754,-0.0008749798907532469,-0.0025963013621808084,-0.0008753629090963886,-0.014637466096141472,-0.0034198467206205674,0.031756735856870666,115.71180850999892,114.28486506162011,110.90569910035997,0.04333509863447005,0.0773265656168933,0.08201627715655822,0.13433349104242662,0.015236887291062168,-1.0294774699467182,0.28464248723943675,-0.019588131347039073,low_vol_trend,True,False,1.0
2017-01-27,116.515388546365,0.014215581789595921,0.011596829918726126,0.014115487886867568,0.0030448152950619534,0.01006101756597877,0.047131506868985484,115.76983784438987,114.27312709707847,111.03647697755383,0.04262888192852965,0.10877213585781384,0.09662416922341037,0.13718631835290312,0.013927492959083547,0.9087863795296391,1.0757843493272696,-0.005651006240712242,low_vol_trend,True,False,1.0
2017-01-30,116.72725890264886,0.0018183894756489405,0.010918682973467764,0.001816738206969718,0.0025854347015079604,0.013647576146038398,0.043838573887312826,115.84841762851212,114.3063707845861,111.17503085021397,0.04203629846160872,0.10856566614070376,0.09635090252639157,0.13692826104484812,0.012854485581284256,1.0542513804969502,1.1471846239460215,-0.0038428924953383126,low_vol_trend,True,False,1.0
2017-01-31,116.3363086827658,-0.0033492624050146524,0.010747160928776367,-0.0033548837394022355,0.0010002198048637556,0.01906043469524077,0.0341431344100418,115.95721493526835,114.34739731664168,111.30656542032023,0.04178234677699533,0.10968359385776337,0.09124270045085274,0.13673911238822903,0.01206027430723409,0.5135048696182158,0.9338871157820464,-0.007179284044991796,low_vol_trend,True,False,1.0
2017-02-01,116.0825378081264,-0.002181355739345303,0.00956368360388904,-0.0021837383613040615,-0.005541690474439309,0.009765276222232,0.03919751182233311,116.01334570511001,114.38825238878657,111.41867510375158,0.04123788581294763,0.10747049540433569,0.08897039654477402,0.1359417336940429,0.01091416921205982,0.09882844551638979,0.7905246186045918,-0.009344979211881155,low_vol_trend,True,False,1.0
2017-02-02,116.3941913493636,0.002684758165369505,0.013160613109479247,0.0026811606397186215,0.010530142829555222,0.006414630559795631,0.02534425728242673,116.05043905183516,114.4078017437364,111.54213105699866,0.04041798334059732,0.08119433356248287,0.0869894177299977,0.13210186578308428,0.009350525364617304,0.4913262359113707,0.9208070878625764,-0.0066853100557559,low_vol_trend,True,False,1.0
2017-02-03,117.00641486215235,0.005259914654599296,0.004214261497243799,0.005246129621116652,0.015859963489786466,0.010695181340190096,0.03112216030038084,116.1123471744828,114.42773779219388,111.67820892647973,0.03970459672148019,0.08352419180984848,0.08871887024728796,0.1324556418894068,0.008505247651239896,1.2288240178148497,1.1845917889868587,-0.001460559561489383,low_vol_trend,True,False,1.0
2017-02-06,117.02666067378436,0.00017303163810167277,0.0025649687480899797,0.00017301666985440937,0.01351165780215502,0.007957177852654596,0.01910827305177132,116.15853970988731,114.446877477445,111.81333982044961,0.03886119399004828,0.08363254744907771,0.08829035098975492,0.13030087189201378,0.008380455652706918,1.148726200927744,1.1749223514234344,-0.0012877806464011154,low_vol_trend,True,False,1.0
2017-02-07,118.35611259593576,0.011360248292970443,0.017361767242226156,0.011296205245865904,0.028295517877562792,0.010057838138679331,0.034617631293095696,116.21746735631828,114.49144035272359,111.9550621835885,0.03807246487648874,0.09289306413823893,0.09134813013031452,0.1319329769714885,0.008496229705606224,2.441994522102054,1.71580283087901,0.0,low_vol_trend,True,False,1.0
2017-02-08,117.89827410370266,-0.003868313027449166,0.015641769467320765,-0.003875814301387691,0.025355046005400395,0.007796016835248887,0.026063454468916003,116.26306869400987,114.54744129923914,112.08754520215986,0.03725234132230382,0.09719075780145058,0.09238448253265978,0.1319997074527612,0.008508565834602064,1.7407805212931038,1.455583757520956,-0.003868313027449166,low_vol_trend,True,False,1.0
2017-02-09,117.25754656783288,-0.005434579435032338,0.0074175112044712055,-0.005449400483683634,0.020675743309147787,0.00573563672130617,0.022820464153263664,116.29650425427982,114.60753534783461,112.2134836609685,0.036386185154427375,0.10410469074915943,0.09376919176093665,0.13243719483976463,0.008536212419095395,0.9978043353171648,1.135777039211857,-0.009281869808054233,low_vol_trend,True,False,1.0
2017-02-10,113.30940827522386,-0.03367065411286807,-0.031596614521383404,-0.03425056510433626,-0.027515509420160345,-0.024554473769032303,-0.032389448598568626,116.1538897864054,114.66020192791892,112.2965918133932,0.03434919894471933,0.18986300073285103,0.15262685331670445,0.14279602140590208,0.017101086438738002,-2.4258492294055403,-0.5946529762508432,-0.042639997293094534,mid_vol_neutral,False,False,0.6
2017-02-13,113.18231771463306,-0.0011216240780475006,-0.032850146599222696,-0.001122253569079283,-0.03036943745052989,-0.02786252094647179,-0.01636253937496146,115.99169334989085,114.68683955276231,112.36703659308004,0.03225729597138827,0.18846338397036358,0.15207626502063826,0.1384024220614724,0.021742670168326803,-2.0893027092188023,-0.6699848206176765,-0.04371379532349018,mid_vol_neutral,False,False,0.6
2017-02-14,113.39363142558574,0.0018670205312942834,-0.04192838934556575,0.0018652798147610564,-0.025294573039998824,-0.024319653368045313,-0.007799368194996936,115.8503717674723,114.74609726931322,112.46928529015193,0.030062309621669003,0.19001690448903139,0.15249603324417055,0.13778969629432547,0.02477454884754053,-1.6795625427977101,-0.623606359025959,-0.04192838934556575,mid_vol_neutral,False,False,0.6
2017-02-15,111.93059733377213,-0.01290225979554882,-0.05061716819265227,-0.012986216888793731,-0.03576714080128962,-0.041110620852252366,-0.01849518465760891,115.6104308290898,114.77395730277897,112.56292640065698,0.027073784645448074,0.19701690495616134,0.15641716425996494,0.1402161460308419,0.027188703461358755,-2.1809079530937985,-1.3399056490225396,-0.054289678168969124,mid_vol_neutral,False,False,0.6
2017-02-16,113.22020348096792,0.011521480077071766,-0.03443141362785862,0.011455613264813862,-0.027269297819757732,-0.017026304591106323,-0.019031211876026966,115.51237522092156,114.82189706428055,112.68128762658303,0.025124735916406404,0.20946676183370144,0.15758981430469873,0.1400126985371995,0.029692382021044895,-1.296058628546993,-0.7786298881637991,-0.04339369553731176,mid_vol_neutral,False,False,0.6
2017-02-17,111.30319343292282,-0.016931695837901772,-0.017705633387723796,-0.01707667583483148,-0.048742809836098355,-0.03365590553070197,-0.04056921583820927,115.31855141711898,114.80347180500692,112.75989976345745,0.022691148706490027,0.21544693114293972,0.16758031785761504,0.14362301761576057,0.03227353904026224,-2.0039357745142476,-1.6789946790144994,-0.05959066252109335,mid_vol_neutral,False,False,0.6
2017-02-20,111.03262093755764,-0.0024309499756468567,-0.01899322103029788,-0.002433909531867223,-0.05121943753428382,-0.03839983924491086,-0.0433968253329553,115.0968566333122,114.81740202732225,112.80658062925875,0.02030268084785325,0.21412235434199495,0.16687400089790233,0.14364780164491583,0.034047335535383354,-1.8306495523721649,-1.8404698198203955,-0.06187675057713582,mid_vol_neutral,False,False,0.6
2017-02-21,112.22327865177311,0.010723494628529728,-0.0103211508362413,0.010666405725725397,-0.05181679095105085,-0.024987456008201514,-0.03362402890109184,114.95305467631754,114.84456761560469,112.8686191710172,0.018467803722680642,0.21276625039152286,0.17266027993344268,0.14552774612093045,0.0356586639887971,-1.181101104060586,-1.3030687418100828,-0.05181679095105085,mid_vol_neutral,False,False,0.6
2017-02-22,113.05772839090044,0.00743562074778259,0.01006991014054237,0.007408112794807974,-0.04105696838737871,-0.016742923704282653,-0.017728321661833357,114.8567971986821,114.89578966588802,112.93420070817885,0.017024041242132082,0.22214453620794872,0.17536985461867208,0.14537285702165345,0.03681046480882578,-0.7656671839476696,-0.9525655219341504,-0.04476646020914732,high_vol_trend,False,False,0.3
2017-02-23,113.21729989340976,0.001411416139174504,-2.564548966432767e-05,0.0014104210276498054,-0.03445617610706064,-0.014492839850517192,-0.0090636189624973,114.77354868147123,114.95623516368666,113.00390066646344,0.015660061330369457,0.22364139426651228,0.17554206079118484,0.14465504339976523,0.037331144163826276,-0.6544227361320453,-0.9534856879060809,-0.04341822817440577,high_vol_trend,False,False,0.3
2017-02-24,112.986989015392,-0.00203423750817755,0.015128007836396229,-0.002036309379559872,-0.002845476511965539,-0.03028269119635596,0.020879938642609508,114.59712870492255,114.9897673798252,113.07493628099147,0.013461802181771176,0.1470575559438434,0.16650917497793788,0.12931911494209303,0.037588741718171885,-0.6785534616367789,-1.1315226801277156,-0.04536414269429234,mid_vol_neutral,False,False,0.6
2017-02-27,111.9951298112384,-0.008778525853259778,0.00866870353553173,-0.008817284104929272,-0.010489164097062575,-0.040540051534638355,0.0012936323123780014,114.36052225035205,114.99044266220953,113.12807981640317,0.010894222159069766,0.15322772397553092,0.1679644964944474,0.12886983610235972,0.03755634424036069,-0.9916894591613497,-1.693403495858089,-0.05374443824809927,mid_vol_neutral,False,False,0.6
2017-02-28,111.50595934374672,-0.004367783387689617,-0.0063918940583818085,-0.004377350020366364,-0.016647073191917272,-0.041520565623160866,0.009736543386398955,114.11900478340108,114.96279246856089,113.18336681352474,0.008266567749463105,0.1531442778795749,0.1681107878897406,0.12645954422156228,0.036847740419487136,-1.0802450329811764,-1.9071081557175866,-0.057877477571228186,mid_vol_neutral,False,False,0.6
2017-03-01,111.1874585723572,-0.002856356496675261,-0.016542609206481873,-0.002860443667693704,-0.006639281654138962,-0.042168954333685504,0.005879112061274894,113.8742508216126,114.91774599893832,113.23001980555122,0.00568957788020974,0.1402067146927103,0.16813409740355142,0.1266022388397161,0.03551876341290953,-1.0934577939670793,-1.9862737284211238,-0.06056851535883179,mid_vol_neutral,False,False,0.6
2017-03-02,112.26740864063626,0.00971287663326037,-0.00838998327700613,0.009666009876661299,-0.008415413601441046,-0.035455229001424726,0.013031504540439665,113.66791168617624,114.8911915086845,113.28155486709719,0.0034105889483273533,0.1360498187642561,0.1725777933404366,0.1280276022434606,0.03363911642757952,-0.5818053542946886,-1.3763819491806306,-0.05144393324311136,mid_vol_neutral,False,False,0.6
2017-03-03,110.55878069010905,-0.015219269521010048,-0.02149104376037636,-0.015336271241803201,-0.006688152602399522,-0.055104963088044356,-0.01484235932147393,113.34552997757407,114.81159895626946,113.30167669466643,0.0003870488432913266,0.13052815956668273,0.1768086535586505,0.12923360113174723,0.031387436604105,-1.176858202373692,-2.124287651216067,-0.06588026367887367,high_vol_trend,False,False,0.3
2017-03-06,110.74713104106732,0.0017036218180281892,-0.01114333071692053,0.001702172300431785,-0.0025712254117722377,-0.053658966226691196,0.003725174106094631,113.03155349593824,114.7314530803571,113.32027714792875,-0.0025478551522920556,0.13059021039350888,0.17722959773453253,0.12455608031854218,0.028211186429182463,-1.0070666352589823,-1.9128634937151632,-0.06428887691542617,high_vol_defensive,False,False,0.3
2017-03-07,112.47582716763908,0.015609398729532042,0.008697901256581986,0.015488825167057733,0.0022504111348378153,-0.049682988899540814,0.014529634610239262,112.7375392245234,114.67914141893866,113.36056936384745,-0.005496003970519414,0.143706392380292,0.18226887921650475,0.12821815317844124,0.024455389839858812,-0.13834403220978114,-1.0460107070252753,-0.049682988899540814,high_vol_defensive,False,True,0.3
2017-03-08,112.35182168665752,-0.0011025078374995445,0.010472072383438613,-0.0011031160463431924,-0.006243772224064359,-0.04704439025262164,0.016789615024036753,112.46021660367114,114.62120295980361,113.42674481363888,-0.008521166780865896,0.13805246351385667,0.1822541887919666,0.1280328354914728,0.01909511482201803,-0.07473132154217918,-1.0653782255717619,-0.05073072085238817,high_vol_defensive,False,True,0.3
2017-03-09,112.68578367691175,0.002972466180260369,0.0037265938649631014,0.0029680571376565082,-0.004694655472250342,-0.03898907170359722,0.022603186245061968,112.23162845912509,114.56938866950317,113.47220888937429,-0.010932901037104648,0.13890658796649177,0.182805229904577,0.1279879781947191,0.01002490877174341,0.49545572779199337,-0.8780115584158,-0.04790905002416168,high_vol_defensive,False,True,0.3
2017-03-10,112.97078259452044,0.0025291470521766612,0.021816466221458386,0.0025259541421970132,-0.00014343616918000013,-0.0029885045368951424,0.014916887470679763,112.21469717508992,114.52170828422265,113.52266569723334,-0.011521650888922763,0.13932478708707385,0.13943973689425085,0.12646272592720936,0.011467256186672284,0.8413696077747805,-0.7200309784731836,-0.045501072004626164,mid_vol_neutral,False,True,0.6
2017-03-13,112.98268504806552,0.00010535868896122125,0.020186112145597734,0.0001053531391243637,0.008817840905150032,-0.001763814972148503,0.009122069472198735,112.20471554176154,114.4782487207799,113.5801033947019,-0.01210940835439056,0.13047171561472487,0.1393900253481513,0.125928868378842,0.012682931614123549,0.8757239178672391,-0.6914871406445857,-0.04540050724895772,mid_vol_neutral,False,True,0.6
2017-03-14,113.18710658317708,0.0018093173748225944,0.0063238424953113714,0.001807682531810715,0.01507674790947977,-0.0018213090083827321,0.002645421269106274,112.1943892996411,114.4587836014906,113.64860773561766,-0.01279574351988122,0.1271187917108352,0.13937964128117247,0.12484512410933703,0.013785418927170194,1.1346319473883772,-0.585996911135261,-0.043673333800726466,mid_vol_neutral,False,True,0.6
2017-03-15,114.1838020802773,0.008805733507886604,0.016305747126460268,0.008767189145568675,0.026948574474073173,0.020130373643823418,0.006558722287042462,112.30704953696636,114.44326119487029,113.72489201736089,-0.012467301179570067,0.12932213878110127,0.13403763458555995,0.1257458962094043,0.015472889855056219,1.9186796177284997,-0.11960904298408478,-0.03525217603169006,mid_vol_neutral,False,True,0.6
2017-03-16,114.50146048046264,0.0027819917921634296,0.01611274061648027,0.0027781292151110317,0.019899380121772392,0.0113165050061943,0.007978575331317739,112.3711123869411,114.4202439161823,113.79331763851971,-0.012498143837377462,0.1233287510937567,0.1284385918334176,0.12583817069884867,0.017508866493043646,1.976266497939038,0.03756148034797317,-0.03256825550390274,low_vol_meanrev,False,True,1.0
2017-03-17,113.2672710840218,-0.010778809206992035,0.002624470528504119,-0.01083732141207465,0.024498193422596737,0.017646193164103874,-0.01109791244338576,112.46931626949603,114.37022428967877,113.85062644699947,-0.012132653289760098,0.10688845333653833,0.11879840658601186,0.12664008567439675,0.020199652740542466,0.7492933721335633,-0.5107835347061291,-0.04299601769861361,low_vol_meanrev,False,True,1.0
2017-03-20,113.11260294782868,-0.0013655148103496328,0.0011498921246904104,-0.0013664479752953818,0.021359216121672686,0.018733071350632846,-0.014307264327224845,112.5733153700096,114.31042014932146,113.88498192821282,-0.011517467325323327,0.10858034718402577,0.11846172191580318,0.12659162776798055,0.022338255953806486,0.5298701268012146,-0.5566670114938858,-0.04430282081000969,low_vol_meanrev,False,True,1.0
2017-03-21,113.3978077277549,0.002521423541616885,0.0018615295587838254,0.002518250086575586,0.008197144073825324,0.010466002152960785,-0.014715281594826157,112.63204182380869,114.23482511053022,113.91787218048789,-0.011287345278377159,0.07894173856047762,0.11294009577451054,0.1265504239146081,0.024359645858024755,0.7432303982501397,-0.3957408157658634,-0.04189310344374331,low_vol_meanrev,False,True,1.0
2017-03-22,112.57831197075832,-0.007226733685751774,-0.014060576721645957,-0.00725297301850708,0.002015902196338848,-0.0042404568618654714,-0.02317103479881022,112.60807100280158,114.146666402948,113.93065323884099,-0.011608660166871676,0.08853804588359136,0.11306704049870323,0.12731461044975956,0.02574027366341261,-0.02902013719836908,-0.7504971425120636,-0.048817086827637524,low_vol_meanrev,False,False,1.0
2017-03-23,111.3824162253137,-0.010622789811906563,-0.027240213723571993,-0.010679614425824708,-0.011566387605157158,-0.016206742872542756,-0.03378036310694088,112.51632681939677,114.04253802020557,113.93101464146193,-0.012417056290748851,0.10196914346338876,0.11873597642368941,0.12903115674558324,0.02627468610471205,-1.0800416305085718,-1.2695735811139914,-0.058921302986944535,low_vol_meanrev,True,False,1.0
2017-03-24,112.21438864940684,0.0074695131627433575,-0.009295557529888088,0.007441754492765422,-0.006695482918167239,-0.006837958712926695,-0.027223948709046986,112.47769680109752,113.96359184053946,113.94044834989292,-0.012837860215395347,0.10967682994175601,0.12215819079081064,0.13005155332769702,0.02670865450640316,-0.2517638996873672,-0.8376753340092646,-0.0518919032724281,low_vol_meanrev,False,False,1.0
2017-03-27,112.19851021550728,-0.0001415008724876543,-0.008081263347312406,-0.00014151088468061218,-0.006940663803702618,0.0018159754322502053,-0.025679614202225864,112.48786582131098,113.87903711595114,113.94418335262937,-0.01278097300334713,0.10963621582300918,0.11799773851477227,0.1300244635436831,0.027091858332463956,-0.27772031578513806,-0.8110876612229887,-0.05202606139532773,low_vol_meanrev,False,False,1.0
2017-03-28,111.00317084453326,-0.010653790043005484,-0.021117135606101622,-0.010710947992492842,-0.019294916219445235,-0.004509072897740718,-0.027655761007159274,112.4627263963503,113.77469927136266,113.92926141769793,-0.012872329751799971,0.11916663046729395,0.12316310771436258,0.130632771694151,0.02699485190087707,-1.3609514546972274,-1.3305633036720086,-0.06212557670346286,low_vol_meanrev,True,False,1.0
2017-03-29,110.45486143571723,-0.004939583298786743,-0.018861985917790647,-0.004951823364220351,-0.032657352239316983,-0.006588846854191033,-0.0391881003490826,112.42609653951831,113.64920817804855,113.91676984972666,-0.01308563534741003,0.10346500675977621,0.12397891830059422,0.13002002081245756,0.026669535817220293,-1.745528029063945,-1.5281568652156898,-0.06675828554113772,low_vol_meanrev,True,False,1.0
2017-03-30,111.24984396056136,0.007197352063193607,-0.0011902441089458593,0.007171574736595352,-0.028398035328606963,-0.009063758506550057,-0.038066510781979424,112.37521830551457,113.57057874437314,113.89409646267326,-0.013335881352344536,0.1126899869633423,0.12158235531492916,0.13029876719674996,0.02593912610614723,-0.9706910868065668,-1.102273594816136,-0.060041416362118794,low_vol_meanrev,False,False,1.0
2017-03-31,111.86120878730928,0.0054954218809031286,-0.003147366985182365,0.005480377143031975,-0.012413667984191967,0.011780412999044199,-0.03374883476758206,112.44033971037456,113.50420952993981,113.87796022132737,-0.012624220772471939,0.11023147373071661,0.10982226383238762,0.1308608688423707,0.02506212617060146,-0.5331586125773754,-0.7801698840624585,-0.05487594739445256,low_vol_meanrev,False,False,1.0
2017-04-03,110.8685598365595,-0.008873933703301806,-0.01185354757735424,-0.00891354154533183,-0.01983901928509424,0.001096450936026061,-0.04508288930028015,112.44641115014917,113.41225039439716,113.83832170371517,-0.0122270825213735,0.11674786144991672,0.1147318466093269,0.13176222018226688,0.02339977048112345,-1.4656412116212425,-1.200496515878846,-0.06326291557867014,low_vol_meanrev,True,False,1.0
2017-04-04,111.49546856642536,0.005654522172832799,0.004434987921035027,0.005638595373086845,-0.016775801926406375,-0.008716171517925808,-0.04849129062785862,112.3973932200885,113.34017340989234,113.80931644692211,-0.012406042588719801,0.12110647969133878,0.10154386111602393,0.1307987983044983,0.021158659582296107,-0.8219713428758283,-0.8694877672781026,-0.05796611496469495,low_vol_meanrev,False,False,1.0
2017-04-05,112.03552674929362,0.004843768000728277,0.014310509225493151,0.004832074701057311,-0.004821401315785234,-0.00281521859294831,-0.04231882561178968,112.38157847322029,113.28122638600603,113.78063679274224,-0.012296102034218825,0.12074074603542387,0.10319264832889688,0.13129402315876434,0.017602327396960132,-0.31452473499732114,-0.5887148767700974,-0.05340312137675918,low_vol_meanrev,False,False,1.0
2017-04-06,113.25297317458576,0.010866610445956715,0.018005681111197935,0.010807993100244922,0.0167940058463818,0.0050333722601623165,-0.028612192389417035,112.40993794810399,113.24864044474519,113.76675275318266,-0.011926285775443413,0.11824589142098198,0.10991664073704607,0.13327549358604368,0.01121174005577604,0.7556164056561157,0.0020599551304034294,-0.04311682184740184,low_vol_meanrev,False,True,1.0
2017-04-07,113.9479444916891,0.006136450970094964,0.018654685811124283,0.0061176996268730134,0.015448605683700878,0.008649686890068953,-0.019057513673939597,112.45879604296242,113.19729156365167,113.73520933036507,-0.011222674973895397,0.1166000025718086,0.1116307786200951,0.1337781828204641,0.010442325154885551,1.2815604443701099,0.3656971104203044,-0.0372449551405597,low_vol_meanrev,False,True,1.0
2017-04-10,114.73655838136048,0.0069208259366968505,0.03488814638255544,0.006896986947999124,0.02262105050216978,0.015523381592045027,-0.014512948026394246,112.54648970962717,113.1574775532259,113.73192416890599,-0.010423058151362241,0.11908022913996383,0.11394575094133533,0.13449468128127287,0.00933801858575922,1.7310107379740425,0.7889624702552427,-0.030581895055410646,low_vol_meanrev,False,True,1.0
2017-04-11,114.51299450304128,-0.0019484973357499769,0.027064112787850148,-0.0019503981262084592,0.03161912972219283,0.011714125043825963,-0.014688243370072351,112.6127841056204,113.12101126963142,113.73420429313654,-0.009860008204970683,0.09895484691391496,0.11428234395681765,0.134503985843439,0.007866636228027059,1.4250566666683824,0.7107340934589256,-0.03247080365012289,low_vol_meanrev,False,True,1.0
2017-04-12,114.81869796362888,0.0026695962490044245,0.024841863068696624,0.0026660392061106475,0.03950787200481276,0.005560297273208725,-0.016368780052266163,112.64452889978797,113.09573447274146,113.74199343076403,-0.00964871898120978,0.0883759775085016,0.11045538033986646,0.13429975641199926,0.006815921213713938,1.5759906759000166,0.8939213496894184,-0.029887891336744965,low_vol_meanrev,False,True,1.0
2017-04-13,115.46466066664684,0.0056259364935715706,0.019528736686246884,0.005610170019337715,0.03788604600272194,0.008412121401268458,0.0024599911950049513,112.69268890909716,113.07714385908713,113.74247280141176,-0.009229480126983658,0.08707492745367765,0.11175650394843957,0.13203645433819566,0.006127770434445589,1.8958384509645525,1.2570942556048637,-0.024430102221760563,low_vol_meanrev,False,True,1.0
2017-04-14,117.03391388799392,0.013590766320074499,0.02708227348962744,0.013499240196473198,0.04624217060375169,0.03325446766681628,0.016098712445733243,112.88102104929578,113.07769383960397,113.75271581589892,-0.007663067737335827,0.10014858068368288,0.1127763278547466,0.13490973350035207,0.006058595585712004,2.368240275665433,2.0817836775208174,-0.011171359712157658,low_vol_meanrev,False,True,1.0
2017-04-17,115.73981476400895,-0.011057471129466534,0.008743999269298808,-0.011119059391138544,0.04393720757833042,0.023226517184756545,0.0023669039157907523,113.01238164010479,113.05195692140843,113.74941719942672,-0.00647946668623145,0.10858715436129238,0.12116170664620865,0.13681465846853874,0.00618481144404301,1.4611782882533866,1.4497818030352032,-0.02210530385413012,low_vol_meanrev,False,True,1.0
2017-04-18,115.54081324218954,-0.0017193869043696797,0.008975564245863543,-0.0017208667465572606,0.036282592716798234,0.018898121201598173,0.003835778169617665,113.11953191582654,112.99565093433354,113.74354564352856,-0.005486146261500235,0.1123145814503111,0.12147204225537998,0.13669886660395736,0.006367319846356617,1.2419673093776211,1.4728325778035136,-0.02378668318853594,low_vol_meanrev,False,True,1.0
2017-04-19,115.87633023345128,0.0029038828951155615,0.00921132436249561,0.002899674771811129,0.03428201388968688,0.029295325227026048,0.007770307247661146,113.28443282896117,112.95521205692849,113.7513266780838,-0.004104513439600943,0.1121316462274143,0.11767503286017571,0.13679829472491398,0.006382053429533749,1.271284444106029,1.7899101173545775,-0.02095187403586307,low_vol_meanrev,False,True,1.0
2017-04-20,117.43609760383124,0.013460621053821509,0.017073942155133137,0.01337083174344387,0.036936111361923984,0.05435042247846056,0.02222995211464096,113.58711689788706,112.95878307764846,113.78315921274154,-0.00172294666636863,0.11759197345690085,0.11588604131372536,0.13946134298790497,0.00632816210491895,1.761027099608552,2.7271367409753373,-0.007773278218805801,low_vol_meanrev,False,True,1.0
2017-04-21,117.50358484600818,0.0005746720433832397,0.00401311844072616,0.000574506982638686,0.031204076301511563,0.04713474145571883,0.008481251377794985,113.85157670771711,113.04266660906416,113.85143426849154,1.2510973312895857e-06,0.11762457643201789,0.11468078642714874,0.13646117401276053,0.006096948231418618,1.5698962447467466,2.5306799948696903,-0.007203073261100368,low_vol_trend,True,False,1.0
2017-04-24,117.78866219346207,0.0024261161719234536,0.017702183415712947,0.002423177903511049,0.02660097056386368,0.049823762964565255,0.009093019923464674,114.13108430661484,113.13479349864073,113.9108165257015,0.0019336862611605277,0.11568687421500526,0.11430833930987203,0.1364980684656266,0.006043762636956489,1.4930365531707792,2.467287404684846,-0.004794432581703201,low_vol_trend,True,False,1.0
2017-04-25,117.39154948327442,-0.003371400122835433,0.01601803024534254,-0.0033770960981073283,0.025137365350765384,0.057551316688858156,0.00907060583627528,114.45050323855192,113.21475185979449,113.98042456455387,0.004124205325554131,0.11747809659883879,0.10583766350704417,0.13650052591847517,0.00596243770014495,1.2068800473892025,2.1096650076785,-0.008149668753943629,low_vol_trend,True,False,1.0
2017-04-26,117.07907971637428,-0.0026617739375239813,0.010379595906255146,-0.002665322756606166,0.019686530093394827,0.059972175009356476,0.008584770173573064,114.78171415258475,113.31772150744655,114.04583940511276,0.006452447115216753,0.12029059215294029,0.10391326364970087,0.1365396748089156,0.005797946604169792,0.9935729797374733,1.839730321709946,-0.010789750115578922,low_vol_trend,True,False,1.0
2017-04-27,116.52597992569484,-0.004724155605077662,-0.0077498971500795655,-0.004735349697171047,0.009191723709404798,0.04742600777942574,0.0011322607666535145,115.04552095084144,113.38383703634108,114.10286705031083,0.008261439216202593,0.12269691504539351,0.10602522105458469,0.13680294293360154,0.005557967659492396,0.677377823637187,1.5004405647478234,-0.015462933262170742,low_vol_trend,True,False,1.0
2017-04-28,116.71456290362634,0.0016183771039879336,-0.00671487549435934,0.0016170689429709523,-0.0027287046443068563,0.04338728473375553,-0.002494324425458605,115.2881886566573,113.49206442575516,114.14776811538104,0.00999073884759194,0.10092752450698703,0.10538640064598091,0.13641425049758288,0.005724972435353636,0.6856551030891184,1.5171540686297378,-0.013869581015334753,low_vol_trend,True,False,1.0
2017-05-01,116.38803006635948,-0.002797704323636907,-0.011891060659150132,-0.0028016252130785655,0.005600625019767103,0.049783908422159406,-0.005457137747483798,115.5641621681473,113.59917260833119,114.2082873178267,0.011871948018512768,0.08312026014841713,0.09897057502759758,0.136533488215055,0.006315242911979892,0.45468866057080043,1.3077878163869987,-0.01662848235219805,low_vol_trend,True,False,1.0
2017-05-02,117.08615334622168,0.005998239505077718,-0.0026015172165032574,0.0059803216810636545,0.01337484184738158,0.050142708503579936,-0.010729984466874787,115.8436964071371,113.69643010222016,114.27049885891242,0.013767311457763665,0.08613994887372692,0.09912555347403165,0.13505294783969313,0.006520420314936076,0.7935319986358386,1.5557353699445164,-0.010729984466874787,low_vol_trend,True,False,1.0
2017-05-03,117.2062499807129,0.0010257116751977158,0.0010861911850237327,0.0010251859924126684,0.011477061316856219,0.046152531982020406,-0.0058696713607618856,116.10223256870809,113.77940053401642,114.33759509995224,0.015433571671795487,0.08570170189010849,0.09883781807657609,0.13484877922721217,0.006846079693393586,0.8428857136342127,1.535073530895581,-0.009715278662019378,low_vol_trend,True,False,1.0
2017-05-04,118.5105207491372,0.011127996746239432,0.01703088722967916,0.011066536125838553,0.009149002455194788,0.04642304239065442,0.010685659200446285,116.36510994743564,113.88526495113096,114.42075005740882,0.016993070654153675,0.07664486622673224,0.09914299320275767,0.13629474923797516,0.007295412819355763,1.7396832078114857,1.986279576338813,0.0,low_vol_trend,True,False,1.0
2017-05-05,118.67294995604423,0.001370588922234628,0.016779286180722552,0.0013696505225800043,0.0099517398687754,0.041466351020485126,0.04733536043002329,116.60136022065339,113.998984169944,114.49437577488459,0.018402514809211956,0.07664813049659486,0.09812870953962767,0.11657884261044035,0.0077347655431967656,1.7293957623102927,1.930711607524193,0.0,low_vol_trend,True,False,1.0
2017-05-08,120.27236531421885,0.01347750568909789,0.03337400972973503,0.01338749198092621,0.021086096696449452,0.04824797789784219,0.06264271436340385,116.8781505672963,114.16452888000362,114.57748577110657,0.020079553855683496,0.09916925960435884,0.10496565169333852,0.11935843773445412,0.007704656404915658,2.475158082962225,2.3858410436807436,0.0,low_vol_trend,True,False,1.0
2017-05-09,119.7496603099815,-0.004346010846895343,0.022748266021549668,-0.00435548220374402,0.020087568799345812,0.045729882706028846,0.05605278536799374,117.13998385764333,114.3294028993283,114.64609768394459,0.021752909380080787,0.10078414456620387,0.10660891633099595,0.11985291913455376,0.0076045132259109265,1.8698396981164132,2.045977219167672,-0.004346010846895343,low_vol_trend,True,False,1.0
2017-05-10,120.08945654334867,0.0028375548831420794,0.024599426763591836,0.0028335366238441298,0.02571233762912284,0.04590505443102488,0.07289212604885131,117.40352178662931,114.50744285874815,114.71259442884322,0.023457994051867548,0.09737131336859416,0.10661914992410651,0.11638049008811635,0.0075971437769434096,1.876374249844764,2.043487905571361,-0.001520788008054108,low_vol_trend,True,False,1.0
2017-05-11,119.8864696702114,-0.001690297208264968,0.011610352501840726,-0.0016917273724199667,0.028838974335675616,0.03829577792923655,0.05887876884414944,117.62461223680755,114.65982407933963,114.77550779401209,0.02482327891686409,0.09206396497118574,0.10672583361983518,0.11451036284482512,0.007555101022965464,1.551907259553994,1.8564941270603363,-0.00320851463259475,low_vol_trend,True,False,1.0
2017-05-12,117.92619828860596,-0.01635106436112288,-0.006292517947138476,-0.01648621831313209,0.010381184274151689,0.007624152444102528,0.05950417639790828,117.66922645683815,114.8071724313096,114.80938569378952,0.02490946838332686,0.13365820445832355,0.11577072678945435,0.11412799782102237,0.007685114300668646,0.17696774614697008,1.1183372661451343,-0.019507116364456456,low_vol_trend,True,False,1.0
2017-05-15,118.76377172265896,0.007102522138491718,-0.012543143951801339,0.007077418026379073,0.020412250769644702,0.026127197151782022,0.06962954418097689,117.82042430477063,114.96750524494142,114.84947916264926,0.02586816382435586,0.13488071990736847,0.10971067869880595,0.11457919253957273,0.007058853928626367,0.6752669360252328,1.3649558429988211,-0.012543143951801339,low_vol_trend,True,False,1.0
2017-05-16,118.71763140831412,-0.00038850495968234533,-0.008618219867980281,-0.0003885804472863664,0.013933996595380416,0.027495203443527183,0.05786992533601576,117.97926521307689,115.0923413297549,114.88574137434678,0.02692696066303024,0.13345597643506507,0.10932380186987689,0.11286306397641531,0.006271056499284523,0.5673182080834372,1.2914818321238137,-0.012926775837848403,low_vol_trend,True,False,1.0
2017-05-17,118.90284692137708,0.0015601348415210659,-0.009881047480161276,0.0015589190954801125,0.014475311179594552,0.026118506530439678,0.0517003004895602,118.13059104747317,115.22336183444929,114.92228239712645,0.02791720268189657,0.13343911186527777,0.109179274298909,0.11206334029773742,0.005769149075530102,0.6343737099220638,1.3004701686954234,-0.011386808509700641,low_vol_trend,True,False,1.0
2017-05-18,117.85208614484492,-0.008837137240515047,-0.01696925041635433,-0.008876416318780214,-0.005555916893539403,0.003542254464355743,0.04093708519633177,118.15139047452385,115.32668788380798,114.94803827665557,0.027867828332646116,0.13058648755135543,0.10487775606206931,0.11380462591620939,0.005330719111150606,-0.24769019225982866,0.8926435302863486,-0.020123318960683978,low_vol_trend,True,False,1.0
2017-05-19,118.58617480479118,0.006228898307697683,0.005596521602180715,0.006209578904858924,-0.000731212557581129,0.009213250474032542,0.04955602267298609,118.20551997246301,115.43899572801338,114.98035200611803,0.028049731193842353,0.13477297500607494,0.1070454545612611,0.11421766773359172,0.004927452194123099,0.3166669275064878,1.1061736834235312,-0.014019766760405727,low_vol_trend,True,False,1.0
2017-05-22,119.34857675714451,0.006429096423831382,0.004924102914575679,0.006408517937042253,-0.007680804768916638,0.013243333735468932,0.06565863139138228,118.28351570064713,115.56631356219495,115.02228114148743,0.02835306800382531,0.11865889338272188,0.10893689533307803,0.11299793639475124,0.004555905989496229,0.8701459410268659,1.3154700287965544,-0.007680804768916638,low_vol_trend,True,False,1.0
2017-05-23,120.022673414482,0.005648133188124849,0.010992823818050779,0.005632242291723439,0.0022798653774365185,0.022413231129404743,0.0763790036053611,118.41507189720751,115.70302489882106,115.08090425015584,0.02897237963827659,0.1207553988356123,0.10919185786440513,0.11279761423444111,0.0046393924501929714,1.2720006021829608,1.4783633607717257,-0.0020760537891186814,low_vol_trend,True,False,1.0
2017-05-24,120.55271679718145,0.004416193770897081,0.0138757810979524,0.004406471001764592,0.003857626365937783,0.02966915258662861,0.08422944768298346,118.58875375124785,115.83040319315914,115.1368321940147,0.02998103640211669,0.12195519328031737,0.10882055571331445,0.11265074414497257,0.004684814601457733,1.5009623728727244,1.5781511893018356,0.0,low_vol_trend,True,False,1.0
2017-05-25,119.82752658317372,-0.006015544346692603,0.016762031992381576,-0.006033710623587646,-0.0004916575423383751,0.028333137894091864,0.06734027296147116,118.75383108412181,115.93692451521338,115.17858421569785,0.031040899597519767,0.12591132283963125,0.10988919914929998,0.11228863954798086,0.0047789758799198345,0.8651456103970326,1.2804446797224363,-0.006015544346692603,low_vol_trend,True,False,1.0
2017-05-26,119.41371883011496,-0.0034533613841352118,0.006978419083725651,-0.00345933800013692,0.0126139955590574,0.02312612804554104,0.08009258138280195,118.88878888044624,116.05985347013522,115.21503887990701,0.03188602838878096,0.09083372169319519,0.11123466288514344,0.10746534274301318,0.004924976040143083,0.4560135303442737,1.09870298786279,-0.009448131882276445,low_vol_trend,True,False,1.0
2017-05-29,120.9543523371157,0.012901645825070807,0.01345450129027248,0.012819128573615404,0.01844485555386588,0.039233607340485976,0.09216691394256826,119.11710499398404,116.21668845792097,115.2635543036212,0.033432516580323535,0.10484590875506558,0.11759047891493135,0.11006069826908059,0.005244848472006548,1.7017151524015484,1.5287002573871853,0.0,low_vol_trend,True,False,1.0
2017-05-30,120.81561765067124,-0.001147000366367834,0.0066066203462318285,-0.001147658674722819,0.017672069577781224,0.03185230873049183,0.07414740298466227,119.30357820920653,116.36504465637928,115.29993488345477,0.034723725818220474,0.10536697926910843,0.1170637305050458,0.1061704518773661,0.005344682828772235,1.466013594259836,1.4179472414697432,-0.001147000366367834,low_vol_trend,True,False,1.0
2017-05-31,122.05865189347006,0.01028868839120567,0.012491921677901363,0.010236120101832792,0.02654103794654894,0.04140053890944939,0.08639673181165053,119.5461983048444,116.55465145483353,115.35065892889075,0.03637204516135473,0.11365750738666364,0.12101729732805747,0.10766456830284428,0.0056400818966928735,2.3229678517980843,1.7247257934500977,0.0,low_vol_trend,True,False,1.0
2017-06-01,121.34752890758422,-0.005826076028649596,0.012684917796041084,-0.005843113817459609,0.029659574786340848,0.023938871760190716,0.07686635303976841,119.68804871276674,116.75395370847895,115.39824586434226,0.037173899969566326,0.10587837845880733,0.11911295942287205,0.10862303648804456,0.005553043871345955,1.4766614642718825,1.4478257889330253,-0.005826076028649596,low_vol_trend,True,False,1.0
2017-06-02,120.67747281569844,-0.005521794287183912,0.01058298826939108,-0.0055370957469299984,0.017635259880418586,0.016891152199356885,0.0682184370523411,119.78827485574945,116.92321539180477,115.4434036161721,0.0376363750849138,0.11193857312529036,0.12147902519746837,0.10947044701683487,0.005356911215543315,0.7954322944954588,1.1913388503848135,-0.01131569992250181,low_vol_trend,True,False,1.0
2017-06-05,120.60207268743208,-0.0006248069876430007,-0.0029125008143713327,-0.0006250022608718595,0.010502814229936153,0.002741339395395226,0.06743854278312722,119.80476022441012,117.09128664124326,115.4851618785972,0.037403925106446634,0.10929086918209895,0.11200499554514916,0.10950968306440846,0.005148926536105677,0.7069739312618923,1.1259428510842937,-0.011933436781763285,low_vol_trend,True,False,1.0
2017-06-06,120.09304499449335,-0.004220720934523192,-0.005980788495963729,-0.0042296533200581144,0.0005863190513040184,0.002867521157245756,0.06101347246862732,119.8219294586357,117.27308412424247,115.52389169780257,0.03720475217434949,0.10893494963874749,0.11193899815377249,0.11004159593493036,0.005012576950635929,0.24002901778454952,0.9339775006462302,-0.016103790009840857,low_vol_trend,True,False,1.0
2017-06-07,119.85909852118948,-0.0019480434800749347,-0.018020462606782583,-0.0019499433845737468,-0.005753651136364835,-0.0019182202067509202,0.049703165751322054,119.81041155752773,117.46116886595192,115.55518852200025,0.036824162462573806,0.10649885074767902,0.11171334011558448,0.10899003468998343,0.004858417986914209,0.04316935416895684,0.8339511342151366,-0.018020462606782583,low_vol_trend,True,False,1.0
2017-06-08,119.8297668468646,-0.00024471796206360086,-0.012507564631790036,-0.0002447479103901077,1.8695735068297026e-05,-0.00047297099916931984,0.046534833215608806,119.80757641636042,117.63276732367798,115.60167303402555,0.03638272069900683,0.1020642575015069,0.11155340807087807,0.10893523310776998,0.0046928229925346865,0.01967789552084202,0.7987810035710559,-0.01826077063796161,low_vol_trend,True,False,1.0
2017-06-09,119.9362457012706,0.0008885843410015859,-0.006142216083360186,0.0008881897836504059,0.004375769185272604,0.017044960677400578,0.05887821392202297,119.90807878699363,117.79426806195721,115.64923879594852,0.03682549090149578,0.10023751072835493,0.09333604866369503,0.10623764820690748,0.006258103773550637,0.027158825187082163,0.8115193937839387,-0.017388412531803565,low_vol_trend,True,False,1.0
2017-06-12,124.74737154977888,0.04011402741829628,0.034371704979650586,0.03933034889142593,0.03135909654653468,0.05038236610650104,0.1028600553672745,120.20725877834964,118.07184429622158,115.74204734530936,0.03857899126078701,0.21834951682655282,0.1670551252131763,0.13297778774380434,0.013938623957492598,3.0999068942540666,2.5420818663370204,0.0,mid_vol_neutral,True,False,0.6
2017-06-13,124.3152290716505,-0.0034641409495023145,0.03515760698174275,-0.003470154978741498,0.02896654827439704,0.04715051670871162,0.09627541804076256,120.48713866151645,118.3282395063261,115.83420645810922,0.040168896094522344,0.21993804055137564,0.16811684910695607,0.13337875720279033,0.01836967060658161,2.273965732703012,2.3058083461830425,-0.0034641409495023145,mid_vol_neutral,True,False,0.6
2017-06-14,124.89674092123585,0.004677720130734642,0.042029703728797774,0.0046668135965085384,0.023251846417596145,0.050410012502241974,0.10942097758293956,120.7868333615094,118.58546378976494,115.93334508788548,0.04186447195105636,0.2164678688591637,0.16828460077421845,0.13225275438889325,0.021519736147843808,2.156925260966587,2.429825397203134,0.0,mid_vol_neutral,True,False,0.6
2017-06-15,125.88167743328653,0.007886006510544608,0.05050423401187043,0.00785507447493712,0.037364984408997826,0.06813278874480777,0.13017549537300832,121.18831292593147,118.83803787493895,116.04333915984208,0.044336657350082964,0.2128213163814882,0.16373103107436424,0.13027216881030598,0.023292045182006598,2.2441295358572924,2.6272722991190833,0.0,mid_vol_neutral,True,False,0.6
2017-06-16,126.27366998932558,0.00311397626748966,0.05283994217927934,0.0031091378851953243,0.046373171753221865,0.06482623456898784,0.12528947053166561,121.57268768515819,119.08455238489168,116.14092197427168,0.046768749709855006,0.20660671763011912,0.1633777279308896,0.12980670926416718,0.0246341568898363,2.0569451141994652,2.57976032148085,0.0,mid_vol_neutral,True,False,0.6
2017-06-19,126.45441111004163,0.0014313444816431709,0.01368397216755457,0.0014303210845700476,0.04852601860149797,0.059538492590124115,0.1270596273261746,121.92797940280305,119.31890943946532,116.23819349634562,0.04894936625659363,0.20540014449237368,0.16302832326467934,0.12973578724704452,0.025637414315724912,1.8350782805187527,2.4572306491293423,0.0,mid_vol_neutral,True,False,0.6
2017-06-20,122.36482824341768,-0.03234037334660611,-0.015689154440673536,-0.03287487889831594,0.018916859415368137,0.019514269781738314,0.10235434999237203,122.04508714424983,119.47594611427283,116.29847869195211,0.049412584901640466,0.27632774261423615,0.2050309764594594,0.14545115709251605,0.030364105328421386,0.13176117296083292,1.0134664491442085,-0.03234037334660611,high_vol_trend,False,True,0.3
2017-06-21,122.07287644469127,-0.002385912708066984,-0.022609592978293902,-0.002388763533241652,0.018469836256197247,0.01260991612546869,0.10518337407661793,122.12109512662532,119.62102968389408,116.35838207831777,0.049525551536363066,0.2765121011720778,0.20496953502800755,0.1450493651045513,0.033716007714632526,-0.020081575606615325,0.8779677956308465,-0.03464912474692172,high_vol_trend,False,True,0.3
2017-06-22,120.89425797819436,-0.009655039684683175,-0.03961989986775749,-0.009701951783333254,0.00888336144966484,0.008902223265705222,0.08669148354987355,122.17443169637633,119.72962163012504,116.40338274460608,0.04957801754294522,0.2825887061197646,0.20694992708376836,0.14643105748305504,0.03632935344127279,-0.5426788388483784,0.4261945545666783,-0.04396962575713381,high_vol_trend,False,False,0.3
2017-06-23,122.86364806219478,0.016290187118362942,-0.027005011634009368,0.016158925617933712,0.02440798729197824,0.028890560195917736,0.09835795084071841,122.34692815798034,119.84621631360906,116.4619550766065,0.05053129219325592,0.29277124041017966,0.21367515795348435,0.1493536410093405,0.03876535960617515,0.22753106464232148,1.1013992513725133,-0.02839571206987901,high_vol_trend,False,True,0.3
2017-06-26,120.45656414320784,-0.019591506169249095,-0.04743090347093082,-0.01978596372765182,-0.03439597446635456,-0.004115504603922404,0.0864808230645624,122.32203874828494,119.94055130119304,116.49625411130074,0.05000834302722068,0.22362272592018312,0.22168010919571665,0.15410588851254894,0.04136097802738196,-0.8147236050196655,0.19284322173173002,-0.04743090347093082,high_vol_trend,False,False,0.3
2017-06-27,119.59835651293456,-0.007124623189924129,-0.02260838976523416,-0.007150124514799004,-0.03794283768722595,-0.010075362452363512,0.07267459431933565,122.26117569139811,120.02170216660794,116.50867655047072,0.04937399781067331,0.2244040019782956,0.2230607403141056,0.154833133580241,0.04322824460330304,-1.1344150386440073,-0.16281799742001318,-0.05421759934606696,high_vol_trend,False,False,0.3
2017-06-28,119.01807785820012,-0.004851894889305486,-0.02502438441249666,-0.004863703543028784,-0.04706818624469167,-0.02491076206481191,0.06232443682379096,122.10914698963464,120.08453711910292,116.5198745880157,0.0479684038571202,0.21940272487104664,0.21987834231439415,0.15513770190951892,0.04434765730566148,-1.2580590346369729,-0.4206871531199497,-0.05880643614219483,high_vol_trend,False,False,0.3
2017-06-29,119.72608605405684,0.00594874500242093,-0.009662757716319526,0.0059311210778192425,-0.048899820090910096,-0.013361976697211841,0.057156229086298804,122.02807484695825,120.13033688810741,116.54455998287794,0.04705080069705447,0.21648151308032187,0.2205427507504851,0.15413337366857627,0.04480194804456354,-0.9172533143187768,-0.16126527200284266,-0.05320751563288495,high_vol_trend,False,False,0.3
2017-06-30,119.2086476283417,-0.004321852010442551,-0.029748428371611513,-0.004331218208799769,-0.0559500833513521,-0.012171494422989482,0.04616760012758525,121.95463358759041,120.16443814375408,116.60355237640911,0.045891236605788865,0.21192840004010344,0.22022712410803602,0.15412716516968045,0.04478036834329494,-1.0676563157246897,-0.385126934769284,-0.05729941263491878,high_vol_trend,False,False,0.3
2017-07-03,117.90099246932576,-0.01096946559693246,-0.02121571117406129,-0.011030073818760228,-0.06764033429622807,-0.0223966318150004,0.027579998324922306,121.8195795766851,120.16668474927135,116.65073912395604,0.04431039607247156,0.2094380325071679,0.22333110041827506,0.15544720081758398,0.0436375306318425,-1.4439772545668144,-0.913729329269049,-0.06764033429622807,high_vol_trend,False,False,0.3
2017-07-04,118.5422434534748,0.005438893861015481,-0.008830498095895978,0.0054241564903134585,-0.031239244518357023,-0.012913333499784851,0.03518595394277724,121.74203949963416,120.18969862867537,116.70222524423494,0.04318524556709935,0.16127396534370655,0.2241362098333395,0.1556871598130277,0.041722464879549316,-1.148178431633362,-0.6700844957704255,-0.06256932903417345,high_vol_trend,False,False,0.3
2017-07-05,119.59579958549024,0.008887600751616764,0.004854067026510256,0.00884833848812239,-0.020291787425221752,-0.0021967371601138153,0.04160560698375626,121.72887455284922,120.2400330260577,116.77887726675212,0.04238777938231131,0.17226976817597076,0.22653065045158283,0.15655526467038927,0.038961390944531195,-0.7626806350719187,-0.2663178756776923,-0.05423781949830897,high_vol_trend,False,False,0.3
2017-07-06,120.66977971662637,0.008980082367929798,0.007882105676981999,0.00894000120431676,-0.001856814916788574,0.007010051774825277,0.0450797587757783,121.77087519633729,120.32290902187633,116.85337302910871,0.04208267198246474,0.17445385776161518,0.22876146503651779,0.15715329895447117,0.03509680579517541,-0.3970775966970513,0.14701345187811446,-0.04574479721693092,high_vol_trend,False,True,0.3
2017-07-07,120.19794070524212,-0.003910167172694656,0.008298836507102614,-0.003917831863024966,-0.02169646920790813,0.002181950939362798,0.027035127785919322,121.78395994653587,120.39257657790864,116.94232050183189,0.04140194434253708,0.14879755021289995,0.2292723901187059,0.15514130226801348,0.02612684146634929,-0.5737113217436214,-0.08457117977167945,-0.04947609458522628,high_vol_trend,False,False,0.3
2017-07-10,118.8461992959191,-0.01124596146482948,0.00801695394412616,-0.01130967542298101,-0.013368842609309484,-0.04730498270662942,0.026839377082501947,121.48890133384289,120.44173996249984,117.0204562854155,0.038185161725303285,0.1254799180195276,0.17729822362139647,0.15520170285257975,0.025475732807586044,-0.9622368805600386,-0.7124292310203669,-0.06016564979692007,high_vol_trend,False,False,0.3
2017-07-11,118.80129074005362,-0.00037787119934451496,0.002185274034234741,-0.0003779426106562473,-0.00666452111985949,-0.04435448796397157,0.028219270804591412,121.21320441726303,120.47604271037646,117.08623640629833,0.03524725140744822,0.12123532322990842,0.17738181664087516,0.15514453472372386,0.024873788383413496,-0.8852904074081723,-0.7612797885666829,-0.060520786130016546,high_vol_trend,False,False,0.3
2017-07-12,117.98466353581438,-0.006873891682086852,-0.013471510331131475,-0.006897625701432561,-0.008682834918716797,-0.0553423358723224,0.01819468478260844,120.86760054799197,120.4916109814785,117.13550575774745,0.03186134525225004,0.12360301665341383,0.17617129901842432,0.15579306632615159,0.02433346507195796,-1.0795716634564891,-1.1505251669169403,-0.06697866448373091,high_vol_trend,False,False,0.3
2017-07-13,118.25603473230606,0.002300054840681076,-0.02000289542243794,0.002297413763518944,-0.012278454681021178,-0.060577860547034956,0.006981985481507191,120.48631841294294,120.48652126114187,117.18589310613643,0.028164015474262616,0.11926933202742883,0.17276723851056566,0.15344209386307714,0.023610748758521767,-0.9094488326916542,-1.0212978244240138,-0.06483266424451795,mid_vol_neutral,False,False,0.6
2017-07-14,118.11160061441844,-0.001221367841519272,-0.01735753606577961,-0.0012221143190991317,-0.009202746912652993,-0.06463793580718069,0.0051744444155221725,120.07821494419758,120.47529427430936,117.23713922212669,0.0242335811068195,0.11801267073722597,0.17139135061359123,0.15346559713786667,0.02292705170410033,-0.9404707449278018,-1.0769020188153622,-0.06597484755484895,mid_vol_neutral,False,False,0.6
2017-07-17,115.4818343739635,-0.022265096965707443,-0.02830856133294235,-0.02251670598293505,-0.020518555821246842,-0.08677100814244998,-0.019584464043828964,119.52958610739367,120.37948365550425,117.27200626775395,0.019250799159052923,0.15333716270846437,0.1829998081171361,0.16008851489659154,0.021370954182554375,-2.3261423019487886,-2.1241481139067075,-0.08677100814244998,high_vol_trend,True,False,0.3
2017-07-18,114.85088293725563,-0.005463642313341288,-0.03325222965331054,-0.005478622596527516,-0.03113962085311761,-0.06140608714143514,-0.0216426698276162,119.15388884208558,120.28150810804975,117.30545550368903,0.015757437115432538,0.14814981196329377,0.15072088899550679,0.1603183565359621,0.02472787597814464,-2.2652254005611523,-2.231568338829876,-0.09176056470413296,mid_vol_neutral,False,False,0.6
2017-07-19,115.89503973373029,0.00909141288051818,-0.0177109781853112,0.009050334770757243,-0.030943894890844814,-0.05060777537883321,-0.010113164414277453,118.84499700653753,120.19761977185738,117.35253131530276,0.012717797174948142,0.14861511014335718,0.15684469806172435,0.16138925309340924,0.02683776800630987,-1.5507795960480992,-1.7132522909039345,-0.08350338500348953,mid_vol_neutral,False,False,0.6
2017-07-20,115.30103271988004,-0.005125387723365682,-0.024988170955631994,-0.005138567576883766,-0.04449123060764648,-0.046265433543776435,-0.01051222402588603,118.56533574362182,120.10591103285074,117.38286755609519,0.01007360113230793,0.13251146346599504,0.15493446663364657,0.1614402439470099,0.028704701318664507,-1.6370274854295666,-1.8445340091942033,-0.08820078550249888,mid_vol_neutral,False,False,0.6
2017-07-21,114.95219370663466,-0.0030254630424072504,-0.026749336147749214,-0.0030300490078328515,-0.04364256964660862,-0.0643921491860251,-0.015099822619795145,118.1697630258438,120.04643094121131,117.42680168626045,0.0063270167365061525,0.13269773835216553,0.1384563910943163,0.1615065130307349,0.031421893930788064,-1.7134633260050771,-1.8949427178595992,-0.09095940032805694,mid_vol_neutral,False,False,0.6
2017-07-24,114.283575487101,-0.00581648942898827,-0.010376167761434907,-0.00583347108472468,-0.03839099471290175,-0.051246594156279635,-0.018081366082565387,117.86111359303845,119.95682701650016,117.46216613072077,0.003396391156908374,0.12757878966909833,0.12491205839535444,0.16183184567833236,0.03437923165589625,-1.8010703068307852,-2.0231787918527435,-0.09624682536657003,low_vol_trend,True,False,1.0
2017-07-25,114.41892788782695,0.0011843556709618674,-0.00376100765080456,0.0011836548750573566,-0.036888175413982704,-0.043306854509722714,-0.022780024641409047,117.60214216178308,119.87085294609042,117.48159713792268,0.0010260758007816229,0.12901177267455105,0.12439882519231245,0.16133756210307518,0.03640180290269801,-1.5280408972029582,-1.8755042943733067,-0.09517646016904313,low_vol_trend,True,False,1.0
2017-07-26,114.50664065853526,0.0007665931880982413,-0.011979797223288235,0.0007662995056206289,-0.029478601481313316,-0.03790547856973325,-0.023032980942755854,117.37657030179983,119.78292882083359,117.50314532764145,-0.0010772054270434817,0.12948496176961394,0.12439808074004859,0.16132911332155778,0.03782657244143775,-1.3259225763090832,-1.757751004143745,-0.09448282860697776,low_vol_meanrev,True,False,1.0
2017-07-27,115.48817672469184,0.008571870247102709,0.0016230904476497443,0.008535340371798025,-0.023405638569564458,-0.0353967081781289,-0.025502748661809127,117.16467483533158,119.73565063243052,117.53116925811925,-0.003118274285034861,0.1400149363573708,0.12691641501201295,0.1606367601653702,0.03837027186861414,-0.7872663805095397,-1.3921711751113077,-0.08672085290727338,low_vol_meanrev,False,False,1.0
2017-07-28,117.32921134926768,0.01594132556932304,0.020678314749689175,0.015815597064775568,-0.006624152590268495,-0.015765939103122406,-0.011323040400312512,117.07070302137788,119.71051136332005,117.57475354566672,-0.004287064264124285,0.16760928537489608,0.14110116254542784,0.1640541846382956,0.03759733911622389,0.12456111184067424,-0.7767358767151838,-0.07216197268779445,mid_vol_neutral,False,True,0.6
2017-07-31,117.46908414677029,0.0011921395865026607,0.02787372241454622,0.0011914295523563245,0.017208332233202173,-0.0036633137135622107,-0.023307774484394805,117.0491076052501,119.67292151111256,117.61961753665375,-0.004850465792629044,0.1162671216787595,0.13593546144365995,0.16161328371387704,0.03633029987669328,0.20303485581237532,-0.715116670482156,-0.07105586024557298,mid_vol_neutral,False,True,0.6
2017-08-01,117.24829390038263,-0.001879560464707386,0.024728129032370427,-0.001881329054939943,0.020874118699085065,-0.010915514295964934,-0.020888296493901337,116.98441012759551,119.61743392083058,117.66022940982583,-0.00574382087830505,0.11134447693217976,0.13441950432758265,0.16143123740287446,0.03442781929835196,0.12939501389345728,-0.7641691506200995,-0.07280186692457702,mid_vol_neutral,False,True,0.6
2017-08-02,119.12105179275925,0.01597258117860334,0.04029819674812041,0.01584636176320001,0.027835635299325645,-0.0039696025644414545,-0.008064028087593766,116.96067273795896,119.58880062074212,117.70960190695065,-0.006362515520048406,0.12762741200532735,0.14306675255246348,0.16473259251230224,0.03120094250524756,1.0748577249235738,-0.15098030905866267,-0.0579921194753803,mid_vol_neutral,False,True,0.6
2017-08-03,118.37453455716476,-0.0062668791482234365,0.02499266950376766,-0.00628659846423571,0.0266563253145502,-0.01902087800981833,-0.012611390736633754,116.84591047998587,119.55974078022194,117.74833264771765,-0.007663991051420349,0.12971822109352626,0.1403583192517123,0.16518979614143497,0.026672635663525193,0.8281544209179824,-0.38200362927862663,-0.06389556901930216,mid_vol_neutral,False,True,0.6
2017-08-04,118.12948516707782,-0.0020701191434768784,0.006820755109551158,-0.002072264801801286,0.02764011158022628,-0.01720874356106239,0.0017238483171850838,116.74248770307766,119.53405610696122,117.7969547885482,-0.008951564897100917,0.12862904758898544,0.13999033885835968,0.16176786508775773,0.020108091463970235,0.8157210527184129,-0.4517544426316407,-0.06583341672216869,mid_vol_neutral,False,True,0.6
2017-08-07,119.02996917778891,0.007622855626920666,0.01328762407876094,0.00759394847339709,0.041531722038427255,0.0015462832043307007,0.0022414028391721796,116.75167619717115,119.49556844377466,117.8561284508478,-0.00937119068981862,0.1210065094148276,0.13736880116867312,0.161867832503461,0.01918730283683522,1.3301951709333788,-0.1500427143339481,-0.05871239972634812,mid_vol_neutral,False,True,0.6
2017-08-08,118.95976224686538,-0.0005898256666660995,0.014596957359028773,-0.0005899996822538995,0.0396860418364533,0.0013339207497207184,0.002039552471515327,116.75959977251175,119.45845133569856,117.91174799603894,-0.009771275917017985,0.12252317568772898,0.13738090376911913,0.16187089125275936,0.017980257926108696,1.2768870417272833,-0.1609663694392778,-0.05926759531270398,mid_vol_neutral,False,True,0.6
2017-08-09,119.51252537353405,0.0046466394705930725,0.003286350942030447,0.004635877167558645,0.04371698170699623,0.01294966474397663,0.005127534520347643,116.83599286439771,119.40752880529982,117.98109013006668,-0.009705769495828243,0.12126336254510547,0.1356979040122324,0.1621144393039305,0.016597871106057982,1.4772591715911823,0.03414161452786124,-0.054896350989818044,mid_vol_neutral,False,True,0.6
2017-08-10,121.0720864042996,0.013049352156949023,0.02278827838458919,0.012964942892211511,0.04835048779858253,0.02381317518694237,0.027322386601601245,116.97679544799739,119.40201995523414,118.07798683185655,-0.009325966790298179,0.12758368659800579,0.14259117896764176,0.1631418205348387,0.01512278123600147,2.022483327340271,0.5436371584145983,-0.04256336064906663,mid_vol_neutral,False,True,0.6
2017-08-11,120.58149904388078,-0.0040520269782134966,0.020757001296796806,-0.0040602586837832,0.02771933482900213,0.020911565135125487,0.016825943179077818,117.10029036947051,119.4001004797978,118.16165793580129,-0.008982334751154397,0.11761822816983805,0.14358342641264038,0.1629605902124606,0.013486956911941595,1.6057266360559064,0.3846649119575014,-0.046442919741646604,mid_vol_neutral,False,True,0.6
2017-08-14,121.958299885307,0.011418010659538957,0.02460162535322663,0.01135331715749395,0.03821614658140793,0.056082114961655716,0.021866395051135523,117.42411364503769,119.42722502375528,118.25925583249929,-0.007061960449374793,0.1247793986277136,0.11856696267210504,0.1640750515776362,0.010163019712352003,1.900148451983984,0.8196443145591804,-0.03555519483477787,low_vol_meanrev,False,True,1.0
2017-08-15,125.05054682463124,0.025354952817744136,0.05120037618372386,0.025038848075892958,0.06654470325067252,0.08880788398420769,0.04189102997886218,117.93409683940646,119.52637506035803,118.39972959230026,-0.003932718043336503,0.16006825583892317,0.13893842376571022,0.17156057761892465,0.009691894534589528,2.4953888293368625,1.7329071632232156,-0.011101742304495343,mid_vol_neutral,False,True,0.6
2017-08-16,125.8587775396219,0.006463232153027798,0.05310114689864309,0.006442435031081577,0.056562006844806945,0.08597208153846259,0.044014443501654066,118.43228372970104,119.6463686407267,118.55376875333931,-0.0010247251092542209,0.15119790933735502,0.1380464866310861,0.17179898281765807,0.00850410116224386,2.243438421021886,1.8762264359961491,-0.004710263289284589,mid_vol_neutral,False,True,0.6
2017-08-17,124.66907503468778,-0.009452678058624708,0.02970947918066469,-0.009497638173173817,0.053174785447483996,0.08124855514145368,0.04040430934000372,118.90068584544144,119.74315480448314,118.68796106408057,0.0017923029383410949,0.1588273183644854,0.14268680108326443,0.17252218312465636,0.007448329188360409,1.6475426063561034,1.454592722527927,-0.014118416745464435,mid_vol_neutral,True,False,0.6
2017-08-18,125.4740005998362,0.006456497450746834,0.04057423066348664,0.006435743554832483,0.06217343131878206,0.09153202347798484,0.05075029761314909,119.4267761901015,119.85390990245448,118.82408898220584,0.0050720961806483,0.1535193262265,0.14049018361137433,0.17269401666434842,0.007505333480380342,1.650701866690091,1.6139899206929755,-0.007753074816443273,mid_vol_neutral,True,False,0.6
2017-08-21,124.55027443032148,-0.007361893022449162,0.0212529573424034,-0.007389125494235158,0.04637743998981603,0.08983529697475445,0.02972957999215664,119.94011113726256,119.84996796006531,118.96090612814345,0.008231317673928373,0.16715800061601419,0.14208254092277373,0.17166085651263274,0.007201237488652166,1.2721546401640782,1.3519974570961748,-0.015057890531498752,mid_vol_neutral,True,False,0.6
2017-08-22,126.16001094392556,0.012924391543630342,0.008872125292264554,0.012841584320694295,0.06052675762850135,0.10261486690042432,0.04423594728214031,120.52716529006747,119.88686359751082,119.10755155191846,0.011918755105382317,0.16917937806105834,0.1447022785675827,0.1734808349166719,0.006842395784043341,1.5502919624491664,1.7749682132237974,-0.002328113060918735,mid_vol_neutral,True,False,0.6
2017-08-23,124.64606676986858,-0.012000190573302039,-0.009635488231017786,-0.01207277412224537,0.04295400319163001,0.08854880427039702,0.021198127590797533,121.03413659563414,119.88185011448348,119.2336569521242,0.015100431283701088,0.19187246201334993,0.15621848252627718,0.17427484806347426,0.007337658168049226,1.0463294936745267,1.3507270852746263,-0.014300365833813555,mid_vol_neutral,True,False,0.6
2017-08-24,123.11396300649844,-0.012291633447197636,-0.012473919677006062,-0.012367800360991435,0.016864965846713265,0.06603088297069082,0.014556819696423196,121.41542590972446,119.82649582594772,119.33226685044333,0.01745679617309137,0.20137779953146148,0.16590052553102405,0.17576021466600245,0.008956225917505153,0.5274014332730851,0.9523410393007522,-0.026416224426021095,mid_vol_neutral,True,False,0.6
2017-08-25,122.38656463553669,-0.005908333654431663,-0.0246061809581255,-0.005925856913985146,0.014969672843418769,0.04310395704624814,0.014162476060866958,121.66829357403792,119.74875371887194,119.41665305188182,0.018855331016335297,0.2030826521006204,0.161817116090226,0.17581668623339014,0.010098879272388938,0.23333712512782592,0.7883550889889221,-0.03216848221265345,mid_vol_neutral,True,False,0.6
2017-08-28,127.48266678716588,0.041639392091813665,0.023543845007623077,0.04079581058560002,0.045297178683649575,0.08524440888535612,0.05705203854635599,122.16897270605769,119.76931883241441,119.54411413593988,0.021957238037942473,0.28450272382832925,0.21391171215321014,0.19514583051224718,0.018875617506215355,1.675067883245173,2.2747319148692227,0.0,high_vol_trend,False,True,0.3
2017-08-29,126.67918331426662,-0.006302687990051958,0.004115189642555084,-0.006322633780229976,0.013023825412929568,0.08043519526089415,0.05484196291363297,122.6405171767519,119.85560593383141,119.66577602405212,0.02485874618071149,0.26338410960622183,0.21613914539794024,0.19543011968402876,0.02432110044581029,1.3017650618778185,1.9434623101454989,-0.006302687990051958,high_vol_trend,False,True,0.3
2017-08-30,127.0763466115015,0.003135189909218239,0.019497445082803155,0.003130285449602587,0.009674089449155154,0.06678328220760243,0.060214436612303635,123.038281917689,119.95567533716762,119.78835251053084,0.027130596080887415,0.2621254663594917,0.2114304692571276,0.19538422936007985,0.027847244802259464,1.287133808830803,1.9539198426093796,-0.0031872582046211795,high_vol_trend,False,True,0.3
2017-08-31,126.16063838525618,-0.007205969093877385,0.024746789920140344,-0.007232057492849284,0.011964180773406552,0.06577515896657138,0.05283221110228853,123.4275871090936,120.06100294530883,119.89531228771693,0.02946132550120173,0.25982938078160933,0.21202072484813228,0.19610062218059737,0.03055981454163677,0.9084383485694756,1.6280244946175435,-0.010370260014381794,high_vol_trend,False,True,0.3
2017-09-01,125.70034225384362,-0.003648492408598658,0.027076318615325556,-0.003655164390420215,0.0018038928616714855,0.06408947838939505,0.04805967136014799,123.80612996343186,120.11773682914182,119.98197657137544,0.03187273206639896,0.25917434384902904,0.21262153558418437,0.1963253172460935,0.032677023082236814,0.6828558547941144,1.4649121755125816,-0.013980916608042793,high_vol_trend,False,True,0.3
2017-09-04,125.93640294654212,0.0018779638023720402,-0.01212920846098453,0.0018762026329474284,0.011129068342567994,0.058022646031584024,0.009531514628256188,124.15145165186952,120.2273336052085,120.08394245320076,0.033872215681575835,0.25565470355806885,0.21201173554721905,0.178498530305652,0.034113902433068555,0.694394855027998,1.4643854554083555,-0.01212920846098453,high_vol_trend,False,True,0.3
2017-09-05,124.4418016826924,-0.011867904981247901,-0.017661793935185965,-0.011938890759546603,-0.013619285924101998,0.046083140486198104,0.001018158531236324,124.42555362366087,120.32420250860365,120.1729523376058,0.03538734135538335,0.2541681015534699,0.21816952760640715,0.18006338857212575,0.03550802888655352,0.007184711674310993,1.0443897938848923,-0.023853165148719824,high_vol_trend,False,True,0.3
2017-09-06,121.8464117530552,-0.020856254847989586,-0.04115584841634845,-0.02107681867828954,-0.022460837227879282,0.019528383089777668,-0.02442280835898103,124.54224794263693,120.38076918650077,120.23265315280183,0.03584379681248584,0.2681523784669987,0.23288411894334282,0.1848196284639895,0.03739949490745513,-1.3186343031508212,0.3716362171267075,-0.04421193230543641,high_vol_trend,False,False,0.3
2017-09-07,122.13598924993244,0.0023765779616402583,-0.03190098898385163,0.002373758366677588,-0.007943646136339355,0.008787350389586113,-0.029755626551284164,124.59544308491859,120.42896725041828,120.27965206926285,0.035881306117933276,0.2626618489435828,0.22864465094960953,0.18411510799921596,0.03861801609512201,-1.2538436447892576,0.43212330247960795,-0.04194042744775495,high_vol_trend,False,False,0.3
2017-09-08,122.5586557659649,0.0034606222017619093,-0.024993460093643116,0.0034546480276890683,0.0014061276328876104,0.016396849746946662,-0.02942033936033317,124.6943009210228,120.49596741317073,120.33020277846241,0.03626768709594086,0.2616449097044715,0.22820039780742848,0.18414503509946345,0.03933026954740808,-1.19243294288069,0.5211974360331101,-0.03862494522037019,high_vol_trend,False,False,0.3
2017-09-11,122.36651241920546,-0.00156776643443568,-0.028346772210510185,-0.0015689966662110024,-0.04013215676215742,0.0033471484456766287,-0.03232705490422827,124.71471154771771,120.58527781216833,120.37598128071986,0.03604315595882723,0.12402952107664884,0.22490155740748655,0.18411801411133294,0.03747981609416541,-1.3340229958291243,0.45114937814584616,-0.04013215676215742,high_vol_trend,False,False,0.3
2017-09-12,122.92862026491758,0.004593641140857585,-0.012159751765995819,0.004583122571446676,-0.02960678267118766,-0.01696855082680615,0.00460746792679978,124.60861521973202,120.6730053483972,120.43135198853628,0.03468584519082185,0.13040998465070466,0.2054071154404907,0.17198018035255686,0.03589891609064156,-0.9321004673905167,0.570951571628022,-0.0357228683476738,high_vol_trend,False,False,0.3
2017-09-13,124.92056876755836,0.016204106890226555,0.025229770579814348,0.016074221588562903,-0.016964430450096213,-0.007454456418569344,0.023327805535550805,124.56170478112885,120.77950073203854,120.50976687904812,0.03362331541266306,0.16055887901699153,0.21274017439418366,0.17500998038572665,0.033999227958413605,0.20158657645032446,1.0372014042426878,-0.020097618634578596,high_vol_trend,False,True,0.3
2017-09-14,125.88876913425698,0.007750528005521229,0.03072624135908919,0.007720646959948737,-0.0021549451118739738,0.009783453508657391,0.04131305522354478,124.6226894861073,120.88388052039116,120.60339477113374,0.03332654708933269,0.16362766814168342,0.21167422111211845,0.1743541118995657,0.03194057748369516,0.7015102234837792,1.2335486746897077,-0.01250285778512883,high_vol_trend,False,True,0.3
2017-09-15,126.85877267464627,0.007705242866858253,0.0350861951104684,0.007675709095942925,0.009215809599494085,0.011036326794316542,0.03251673440812297,124.6919280898478,121.01709715977924,120.70483686884394,0.03303174358568728,0.16676137668155713,0.21218058100136533,0.17195367874378462,0.02908980988847615,1.1620109060470825,1.4100866841894704,-0.004893952474034791,high_vol_trend,False,True,0.3
2017-09-18,127.33620613009728,0.0037635036614729334,0.040613184217153764,0.0037564394002689355,0.011115159324896373,0.02236792903522966,0.057113051794424496,124.83122467483659,121.18689729646282,120.81431862948133,0.03324859247581813,0.16731726406748249,0.21028739645660438,0.16683066135909566,0.025583263316431924,1.2810274318555626,1.4554046229277104,-0.0011488672206169115,high_vol_trend,False,True,0.3
2017-09-19,126.98007252199702,-0.002796797697399711,0.032957762385588785,-0.0028007160436663123,0.02039725241022161,0.006500170473478839,0.061720881659976135,124.87222775374016,121.35047293210168,120.91325782123907,0.032742231942456845,0.15314249076297565,0.20601222751996232,0.1661671054975233,0.021352570193661043,1.0576169458837725,1.3126427948646504,-0.003942451768819355,high_vol_trend,False,True,0.3
2017-09-20,126.7789655731484,-0.0015837677901292535,0.014876627795763486,-0.001585023276109718,0.04048173228186602,0.01711164145450117,0.0652076378194808,124.97887269390417,121.52635897284836,121.00898497716344,0.03280655331081328,0.08986902377599534,0.20095032726170295,0.16580572468078028,0.017713472173303144,0.8837598283384009,1.2136192768287815,-0.00551997563082296,high_vol_trend,False,True,0.3
2017-09-21,125.59056801871309,-0.00937377544502549,-0.0023687666310079347,-0.009417985773432792,0.028284691432853393,0.020116361716695952,0.048982491267679285,125.10270294451489,121.6730496385765,121.07978544985917,0.033225343765757254,0.11232932379327099,0.1986590792479762,0.16686469816205696,0.014687326419135291,0.24487423091178687,0.9028145003535571,-0.014842008063823187,high_vol_trend,False,True,0.3
2017-09-22,126.53021405680587,0.00748182011528753,-0.002589955829724544,0.007453970125313037,0.03240536758517454,0.03385706130087773,0.06141808144062444,125.30988541557835,121.84142190742425,121.1583580908668,0.034265298656473764,0.11476333426764236,0.198106047757474,0.16705503951197287,0.009573508828017071,0.6393557575281452,1.0750437753892426,-0.007471233183018899,high_vol_trend,False,True,0.3
2017-09-25,125.49282221225316,-0.00819876779855111,-0.014476510443233725,-0.008232562538836311,0.025548736588467236,-0.01560874607553353,0.06439156773767252,125.21039318683272,122.04164166419005,121.21056265984714,0.03299902615096584,0.12671100151922252,0.13339240132779204,0.16629851241364338,0.02027409931804302,0.15348617204109763,0.8039407235817406,-0.01560874607553353,low_vol_trend,True,False,1.0
2017-09-26,124.04078532925442,-0.01157067677179835,-0.023147625720826515,-0.011638137938059697,0.009047242716464732,-0.02082739970360281,0.04638466183523571,125.0784732875821,122.22543971203002,121.25347391003989,0.031545482815445336,0.14420227626485305,0.1375455141831025,0.16804483388927013,0.025758221849095826,-0.5689842592165992,0.4349430004692638,-0.026998819091678783,mid_vol_neutral,False,False,0.6
2017-09-27,124.60412243852308,0.004541547425496617,-0.017154605456774163,0.004531265717145284,-0.002533180341374397,-0.019454636829751903,0.041877079884003354,124.95486207893319,122.39962136612587,121.29862056899162,0.030142482188096897,0.11938018724067222,0.13819751532936653,0.1673873836402657,0.029750466434157845,-0.19882986926688417,0.5396626344990408,-0.022579888083519406,mid_vol_neutral,False,False,0.6
2017-09-28,125.63491949103786,0.008272575837315221,0.00035314333730984693,0.008238545631315637,-0.0020164598078513674,-0.004167059559519126,0.041146505662572164,124.92857613422227,122.60629910154903,121.35610506719988,0.029437917977378714,0.12038168467601348,0.13981039021822383,0.16724481077712838,0.03267397701560445,0.40386516646182125,0.7612441676721827,-0.01449410608277324,mid_vol_neutral,False,False,0.6
2017-09-29,125.39283520340716,-0.0019268869563606739,-0.00898899019397914,-0.0019287457912589366,-0.011555664936147458,-0.002446350144500564,0.043219496670948265,124.91320078170047,122.81511193148448,121.4307714363479,0.028678310317562294,0.11215465147419874,0.13937545614173402,0.16705925188578966,0.03498611654859485,0.2751524845169117,0.6712519437788375,-0.01639306453517897,mid_vol_neutral,False,False,0.6
2017-10-02,125.52919116504526,0.0010874302460497365,0.0002898090277274612,0.00108683942206085,-0.014190896838922828,-0.003233471593354187,0.056232272539788575,124.89284019262561,123.04002424504336,121.49842563077176,0.027937930423636237,0.10965593570742141,0.13925592860364086,0.16517509550204,0.036800267281851,0.36721176191007154,0.6810010053841216,-0.015323460603330341,mid_vol_neutral,False,False,0.6
2017-10-03,126.05448246577896,0.004184614716771673,0.01623415339704093,0.0041758835658012765,-0.007289254430514758,0.012959317217205335,0.061053139074018103,124.97347423177993,123.2727353366024,121.57179414134642,0.027980833173182562,0.11273515683837355,0.1328112761895077,0.16528127561039666,0.03837735197214663,0.618324529968061,0.803906905171731,-0.01120296866531112,low_vol_trend,True,False,1.0
2017-10-04,127.83473273100488,0.014122863625331439,0.02592699366006701,0.0140240651121934,0.008327620856374063,0.04914646965629288,0.08348601335122252,125.27289028067744,123.53929717805178,121.66111299944268,0.029687195786638254,0.134745053672286,0.1143462927627462,0.16658293951999267,0.03996577279094904,1.510009746158065,1.3096360108395169,0.0,low_vol_trend,True,False,1.0
2017-10-05,126.85042541716204,-0.007699842545249802,0.009674905122304622,-0.007729639385394109,0.01003146508789765,0.038599893415381725,0.07267612772837295,125.5086120890389,123.76654215190119,121.75109639216585,0.030862274001787426,0.1314052134749793,0.11986536170987723,0.16760733312184792,0.04048533276926973,0.8602517167019574,0.9950221540117089,-0.007699842545249802,low_vol_trend,True,False,1.0
2017-10-06,126.78168674092748,-0.0005418876287446306,0.011076003946057789,-0.0005420345029076485,0.001987451661219053,0.03445722334803336,0.07340588122933833,125.71976363778704,123.95559165973438,121.83305151152722,0.03190195171211063,0.12645348177287294,0.12002605503459048,0.1675707644915606,0.040255226510404134,0.7484075272836008,0.9468255817622068,-0.008237557724576017,low_vol_trend,True,False,1.0
2017-10-09,128.12156081609595,0.010568356594800932,0.02065152835759343,0.010512901882191337,0.020947322384675227,0.04703123659498232,0.1094520753905015,126.00751605763158,124.1686411931209,121.92078135211673,0.03351959083752942,0.12653382876370978,0.12329989255819797,0.16129570805187046,0.03933291892852971,1.6518223126744531,1.3672849465148145,0.0,low_vol_trend,True,False,1.0
2017-10-10,127.61324735852683,-0.003967431042295355,0.012365802962786665,-0.003975322175432638,0.028800704702003133,0.038108514384312064,0.11112116942316774,126.24174741231202,124.3759402622838,121.99668709155718,0.03479652129872157,0.10791319894797706,0.12494838889728897,0.16103753518963015,0.03906369707365457,1.2432376097061841,1.1759028673042993,-0.003967431042295355,low_vol_trend,True,False,1.0
2017-10-11,127.88955687681924,0.002165210305448362,0.00042886737151270893,0.0021628696157296847,0.026366980273201834,0.023767007615737912,0.10349465491056775,126.39019681777506,124.551310363965,122.07005549235356,0.035390672249609345,0.10753762490858242,0.11300005780060778,0.1603235239210954,0.03842835782504903,1.3438543013167454,1.2409713641006743,-0.001810811059426043,low_vol_trend,True,False,1.0
2017-10-12,128.539367817354,0.005081032074891301,0.01331444017343797,0.0050681671909416914,0.02311816124117727,0.021055084590351436,0.1148154078518624,126.5227267519299,124.75460702916878,122.15717390469536,0.03573717946880839,0.10398040061749354,0.11133234418685249,0.15983342584381346,0.03726676325784994,1.6711586003364598,1.4578318715191354,0.0,low_vol_trend,True,False,1.0
2017-10-13,127.57680239222778,-0.007488487313038306,0.006271533939480323,-0.00751666680347123,0.01741700142019975,0.00566007145144809,0.10982486091402421,126.55862823780899,124.94355337367176,122.23880474031648,0.035339215780696875,0.11362281981022186,0.11237277993266534,0.1606758746395705,0.0352229681016052,0.8292980818385113,1.077681892406143,-0.007488487313038306,low_vol_trend,True,False,1.0
2017-10-16,127.2105229738787,-0.0028710503122892916,-0.007110730125470033,-0.002875179682884872,0.013393950787293996,-0.0009870182255169446,0.11311290735943702,126.55234407999808,125.10716444959358,122.30136644668413,0.034758218626830484,0.11598343105808827,0.1121328599928155,0.16019311225356853,0.03247834884752549,0.5377804729635789,0.9107007869246091,-0.010338037801488897,low_vol_trend,True,False,1.0
2017-10-17,128.20699284133087,0.00783323457963303,0.0046526947248346495,0.007802714076873853,0.01707603199383456,0.009662306021453126,0.12050510530059633,126.61369009596476,125.29210906148288,122.37528019859072,0.03463452660125421,0.11985706054213244,0.11496157983001798,0.16065622339731433,0.029052947132137786,1.2485876462986352,1.341082538998805,-0.0025857834970481886,low_vol_trend,True,False,1.0
2017-10-18,128.10614097228245,-0.0007866331376575886,0.0016935244812195105,-0.0007869426958540222,0.002123118150124892,0.010468419529486628,0.1187660404281845,126.68004886592146,125.46398137345784,122.43575508937886,0.03466547638346529,0.09804143148280788,0.11480412471115939,0.1607365260505971,0.02506294917832582,1.0812575919121894,1.2932519966915281,-0.0033703825717201763,low_vol_trend,True,False,1.0
2017-10-19,128.43004757658875,0.002528423710588479,-0.0008504806163398548,0.0025252326251705396,0.012452635883813068,0.02260901915383151,0.11206230125832328,126.82202284381523,125.61114059690364,122.50658027606889,0.03522621036373308,0.08778856841163572,0.10878029640960314,0.16014473434451537,0.020014337530092574,1.1929163661659976,1.4205433052897036,-0.0008504806163398548,low_vol_trend,True,False,1.0
2017-10-20,129.23006513855393,0.0062292086397313096,0.012958960526720853,0.006209887315784404,0.01931176702696491,0.021337599891642967,0.10143129449544808,126.95701539790264,125.7841119187971,122.59210619929745,0.03560514077072119,0.09045417618032554,0.10789915512012528,0.15770559267745538,0.011671518709934804,1.5690864410717806,1.8016552625004465,0.0,low_vol_trend,True,False,1.0
2017-10-23,128.93240734343811,-0.0023033169162042233,0.013535707025691401,-0.0023059736309003894,0.006328728140504447,0.027408620433823527,0.09758587359330329,127.12899465446189,125.92359406795973,122.6754095458575,0.036303812843107686,0.078293429412713,0.10309894212006825,0.15791240724202837,0.012193283299362907,1.2270718941272116,1.598718200332921,-0.0023033169162042233,low_vol_trend,True,False,1.0
2017-10-24,127.54379642976718,-0.010770068924347953,-0.005172856775327861,-0.010828485932089798,-0.0005442297739240987,0.028240800727070248,0.08780940162875117,127.30414520948753,125.97345906006245,122.74991706021025,0.037101680052813224,0.0951418563641656,0.10179677203537767,0.1597894280747301,0.012320440565673647,0.1874337425652016,0.8302431709630325,-0.013048578958610002,low_vol_trend,True,False,1.0
2017-10-25,127.31977123325544,-0.0017564570193353557,-0.006138423443706298,-0.0017580013986546223,-0.004455294532864862,0.02179421307727769,0.06882678852399571,127.43992764922416,126.0026789339351,122.82452378733089,0.03757721764006017,0.09463417673469636,0.10168425011499088,0.1570154834707605,0.012124223397278618,-0.10826609053238223,0.6928883542654647,-0.014782116709841198,low_vol_trend,True,False,1.0
2017-10-26,128.00496981815525,0.005381713918135356,-0.00330979989850122,0.005367284243555763,-0.004157465594183507,0.018864582687032616,0.08135563359989217,127.55843016558,126.06939682960447,122.9062758170438,0.03785123515955613,0.09513521127072806,0.09947268367445479,0.15647672836664778,0.011610818838920615,0.4332566618046208,1.0125293269730447,-0.009479955914942773,low_vol_trend,True,False,1.0
2017-10-27,127.95576316212576,-0.0003844120747763524,-0.00986072378019709,-0.0003844859800386263,0.002970452016291203,0.020439189803477475,0.08318226377732896,127.68657656351593,126.11903208085025,122.98647099165237,0.03821644392237733,0.08661775480647214,0.09902998841881562,0.15635736498327585,0.010766632342632074,0.2997540726645294,0.9526633033978237,-0.00986072378019709,low_vol_trend,True,False,1.0
2017-10-30,129.65781943498155,0.013301911776331554,0.005626297580957562,0.013214218153796805,0.019238160522344394,0.03288978628491268,0.0892871797800634,127.89300797701276,126.22118298094345,123.0355754705044,0.03947990236102772,0.10589133783033951,0.10819049228480937,0.1577527942068068,0.008986358658742127,2.0782002489614313,1.7375666938056418,0.0,low_vol_trend,True,False,1.0
2017-10-31,129.46621550587153,-0.00147776609189465,0.015072619209378413,-0.0014788590651110386,0.009821793933651346,0.027065543194933817,0.08831938682933105,128.06359462901736,126.28730707218237,123.08708533484659,0.04043079971089303,0.10157886210859009,0.10829204494921285,0.15781290873741297,0.007589351929999631,1.7493573053609934,1.5657115291524817,-0.00147776609189465,low_vol_trend,True,False,1.0
2017-11-01,129.2936794252387,-0.0013326726201013939,0.015503548057488992,-0.0013335614179964153,0.009269957270925833,0.011412756635583499,0.08184208325557396,128.13654196372906,126.38025932528977,123.13105471988662,0.040651704439871095,0.10188374027026494,0.09748717809990803,0.1577729244647895,0.008112472460095234,1.3692738182373436,1.4143985444992024,-0.002808469333586472,low_vol_trend,True,False,1.0
2017-11-02,131.53970179472086,0.017371478478040103,0.027614021405474087,0.017222319278603706,0.024212824621727913,0.036966973994273955,0.08645771045413753,128.37100578260703,126.54877410105422,123.18763496350097,0.04207703817547781,0.13134384330203727,0.10914949410403957,0.15938110289582127,0.007782371879832836,2.918532783227256,2.3424989521458235,0.0,low_vol_trend,True,False,1.0
2017-11-03,131.88151821958473,0.0025985798979331065,0.03068056459860169,0.0025952094268863407,0.02051730824547726,0.0402253007492992,0.09371271103199486,128.62599735653987,126.73867317273518,123.24371344580356,0.04367187388509808,0.1296538475650629,0.10880964334627581,0.15898596711253798,0.007384559588311053,2.55304989244176,2.3648132783123765,0.0,low_vol_trend,True,False,1.0
2017-11-06,131.2308922397752,-0.004933412873866394,0.01213249468214661,-0.004945622327896034,0.01782705328858536,0.02426860400289943,0.0760308430273986,128.78146392772382,126.81363768178737,123.29147825710089,0.04452850876825898,0.13276866549318664,0.10650071733542299,0.15817757484543607,0.006588122089472146,1.7566400520375733,1.9513529397771512,-0.004933412873866394,low_vol_trend,True,False,1.0
2017-11-07,131.37621330927004,0.0011073693626142411,0.01475286657554209,0.00110675668142948,0.030047850125060505,0.02948726741645591,0.05058487663800304,128.969612225261,126.90757828168744,123.38159210775943,0.04529054960338885,0.11323353337879297,0.10473041450500882,0.150002832812811,0.00530757587226114,1.6263915024217968,1.8985841189862218,-0.003831506621521874,low_vol_trend,True,False,1.0
2017-11-08,128.41947319260905,-0.022505901503650394,-0.0067613996021758105,-0.02276302448472892,0.008637322771644751,0.004143546421856881,0.02034578519707142,128.9961080410505,126.93444081330959,123.44505807523859,0.04496777799260765,0.1708329958467253,0.13485446269212553,0.1569729240263875,0.008090023262003128,-0.3938703572143956,0.6283783168996439,-0.026251176614537686,mid_vol_neutral,True,False,0.6
2017-11-09,129.5878508661676,0.009098134765014754,-0.014838492880265841,0.009056996072223641,0.012365778065187571,0.00815690217415277,0.03945465890487454,129.04853219349118,127.00298506292782,123.53199400411833,0.04465675660662405,0.17453383910672696,0.13749468217984506,0.15661141005264098,0.010397503471462906,0.36799056750805564,1.0815667308679386,-0.017391878592102228,mid_vol_neutral,True,False,0.6
2017-11-10,129.4689530774267,-0.0009175072195902745,-0.018293428637522036,-0.0009179283869750588,0.01182588324203615,0.014831463477048334,0.031838886609914185,129.14313972775113,127.07835727939948,123.59804705427067,0.044863918206132114,0.17469699517781334,0.13441173279760418,0.15618080074142696,0.011784712755372014,0.22846246701613773,0.9930324142754158,-0.018293428637522036,mid_vol_neutral,True,False,0.6
2017-11-13,127.9166532613603,-0.0119897456430198,-0.025255021297571956,-0.012062202384303574,-0.013428933027015644,0.005550879526111219,0.02702827309242184,129.17844624212518,127.11796228569585,123.67264794545217,0.0445191268088756,0.17187866048573464,0.14140388860729183,0.1574673184813334,0.013645455424896796,-0.9117897367601971,0.3321669772817614,-0.030063840724239177,mid_vol_neutral,True,False,0.6
2017-11-14,128.35487815125455,0.003425862690441761,-0.02299758138791097,0.0034200077910984165,-0.0085839950621448,0.0011534886408786083,0.017397487451903837,129.18584050762138,127.1962238150671,123.76021316183538,0.04383983517135004,0.17349033897494814,0.1391430957761364,0.15545475025978978,0.014920159704657734,-0.6026768616690772,0.48700288107938083,-0.02674097262406605,mid_vol_neutral,True,False,0.6
2017-11-15,128.68155800385412,0.0025451300122354414,0.002040849450082982,0.002541896653895402,-0.00473434915075277,0.0044917209058399354,0.03237560027815545,129.21461135919998,127.33292674008305,123.85684796329191,0.04325770826572284,0.1742522747600849,0.1393657714247835,0.15336939368408006,0.01601655500628585,-0.3916749401924058,0.5970532749077141,-0.024263901863812554,mid_vol_neutral,True,False,0.6
2017-11-16,130.24405628984124,0.012142363756120433,0.0050637881505677385,0.012069236619723008,-0.009849843714117457,0.014124488369209098,0.05791457856787896,129.3053117948626,127.49508808088123,123.96202766564977,0.04310420077690824,0.16075766998899038,0.14548435272796784,0.15278646701714063,0.017363254424732945,0.6870424467150082,1.268387005187598,-0.012416159230265289,mid_vol_neutral,True,False,0.6
2017-11-17,130.54152124566204,0.0022839042663016507,0.008284365809260175,0.0022813001212777183,-0.010160612283000692,0.010148227548303357,0.06663277651767219,129.370884600218,127.65474539047517,124.07535640182296,0.04267993541961124,0.16057121841777575,0.1441787468455373,0.15212903584335594,0.018296772692922705,0.8399191957345518,1.3820007849999085,-0.010160612283000692,mid_vol_neutral,True,False,0.6
2017-11-20,129.69263276697433,-0.006502823550602055,0.013883880326241327,-0.006524059018060542,-0.01172177866466284,0.005896309851030734,0.017335423203046263,129.4088958713948,127.80126779743055,124.19327280479945,0.04199601917885687,0.16184292549823762,0.14603744566650065,0.1273347859449238,0.01893600572955686,0.20390337938825348,0.9632573356677833,-0.016597363164760348,mid_vol_neutral,True,False,0.6
2017-11-21,128.80196517872,-0.006867526468173679,0.003483210251959301,-0.0068912164514271885,-0.019594476547212247,0.009864601683278407,0.016757148324734406,129.47180430884245,127.91873469570659,124.2958700220519,0.04164204559549933,0.1636949608903362,0.14272108481880366,0.12746542196132152,0.019033568475675517,-0.5036978113948357,0.48061447668967666,-0.02335090680209817,mid_vol_neutral,True,False,0.6
2017-11-22,129.9792536190437,0.009140298742260189,0.010084550073218068,0.009098779021702308,0.012145980571772297,0.02088821209799363,0.0228438028393827,129.60477842813185,128.0199083927363,124.39970456238743,0.04184152915840755,0.12476750172211552,0.1456183060513133,0.12862301811045945,0.019049454467551286,0.3037721286870018,1.0835311132223333,-0.014424042323911812,mid_vol_neutral,True,False,0.6
2017-11-23,130.40473777308375,0.00327347743730777,0.0012336953241454118,0.003268131273894593,0.006303730646477046,0.018747459245821663,0.03364044001479605,129.72476682587828,128.11022776551286,124.497054142952,0.0419906536657777,0.11771720728929713,0.14498208237141796,0.12776324117792132,0.018600413689517793,0.5739644407501994,1.265968217518558,-0.011197781663706108,mid_vol_neutral,True,False,0.6
2017-11-24,128.38614685723627,-0.015479429277792223,-0.016511025517847555,-0.015600486532918848,-0.008363443083863387,0.0033635350567617905,0.021366724666260994,129.7462860106338,128.14077524916465,124.57893620447196,0.041478519271353154,0.14311522630219092,0.15630961589171077,0.13167774561984638,0.018493708332575107,-1.178232953972998,0.13603170257927844,-0.02650387567216672,mid_vol_neutral,True,False,0.6
2017-11-27,128.58804913973538,0.0015726173535188792,-0.008516934259663156,0.0015713820857480281,0.005248697970570593,-0.008250719469970913,0.02105543854796954,129.6927974958715,128.1658121093574,124.6763547029101,0.040235719153924876,0.12892181920529963,0.1486407677621685,0.13166445811321098,0.018220718042228305,-0.9337506855178669,0.23443638873071065,-0.024972938773465514,mid_vol_neutral,False,False,0.6
2017-11-28,130.80178258769703,0.017215701325058674,0.015526295784401789,0.017069190275499597,0.01906358738901237,0.010315950586853528,0.051108074770739975,129.7595758499628,128.24224631067142,124.79635962138654,0.03977052090008004,0.1537240154411679,0.16108682964770923,0.1335848452762272,0.018461420001527742,0.8633857257597675,1.3982129481371064,-0.008187164103539701,mid_vol_neutral,True,False,0.6
2017-11-29,131.1498225060014,0.002660819381960833,0.009005813269158613,0.002657285669062354,0.01918118291723947,0.014356023349431979,0.07635358825175209,129.85238300400093,128.32966344932848,124.9280112110884,0.03941767538900387,0.1537380239953954,0.16108746790306064,0.12571364402816051,0.017199237467682742,1.0460623395087805,1.5134944015395255,-0.005548129286508829,mid_vol_neutral,True,False,0.6
2017-11-30,130.89670067725757,-0.0019300203683635386,0.0037725845899085897,-0.001931885257577123,0.005010934134022538,-0.004888266498176641,0.07172915600984475,129.82023294812774,128.43578610249935,125.05441787053793,0.03810992973093996,0.14348826739850767,0.14879262657187128,0.12585969536838726,0.015989608952661386,0.895555326984033,1.326465509136964,-0.007467441652343032,mid_vol_neutral,False,False,0.6
2017-12-01,131.71594211762715,0.006258686705859162,0.02593578311913647,0.006239182464538477,0.008996531224383375,-0.0012554913242801558,0.07471758150765617,129.81195414302988,128.53950066371578,125.19046128557002,0.036915694774203534,0.14620506492453653,0.15026660764908314,0.12620582513517278,0.01439831179071967,1.6032902480315137,1.67964135531992,-0.0012554913242801558,mid_vol_neutral,False,False,0.6
2017-12-04,130.05752898200993,-0.012590830760153549,0.011427810376667846,-0.01267076695393844,0.0028135462072949036,-0.00894121222327271,0.06285229848225504,129.7532859801416,128.63079479911093,125.33621823165048,0.03524175063529822,0.15762428544892737,0.15593868937819905,0.12923603020713667,0.012106670431580265,0.2664435686554064,0.770868645250777,-0.013830514405648864,mid_vol_neutral,False,False,0.6
2017-12-05,130.35947161015358,0.0023216082183554754,-0.0033815363123733677,0.0023189174497979196,0.01209225673903691,-0.007739161249251225,0.06044850523191525,129.7024488951858,128.75716852472888,125.49130411837946,0.03355726363982825,0.1525513021270993,0.15615408723955637,0.1290536215757853,0.008095331636917419,0.604364114114127,0.9189478766623587,-0.0115410152232015,mid_vol_neutral,False,False,0.6
2017-12-06,133.2809806752306,0.02241117602726983,0.016249798348996425,0.022163735750470898,0.025401954267747495,0.03785646648254093,0.06692582326637164,129.94552426931688,128.93070568946305,125.66516352779446,0.034061633481865305,0.18324326838781438,0.15296245678132908,0.13274874423255395,0.007704100786746,2.552913657810623,2.4807479302068303,0.0,mid_vol_neutral,True,False,0.6
2017-12-07,130.949648127895,-0.01749186219612564,0.0004044979771335999,-0.01764665252098758,0.004178608569877396,0.01050868003925598,0.04020119529678401,130.01361413240323,129.0370002622002,125.82164968187462,0.033316718236706455,0.20887287735117605,0.1650197166538776,0.1373589543497665,0.008242817552125003,0.7078843270306282,1.1183081879569419,-0.01749186219612564,mid_vol_neutral,True,False,0.6
2017-12-08,130.83037639235485,-0.0009108213519111175,-0.0067232994809501845,-0.0009112364017219576,0.019038109601003494,0.010515442371067607,0.031307284738553376,130.08168529814964,129.14575108597916,125.98043150873181,0.03255468917117943,0.18958889806162973,0.16501891682457193,0.13661344092761368,0.00823692839008854,0.563852164802487,1.0237730518151218,-0.018386751586463856,mid_vol_neutral,True,False,0.6
2017-12-11,130.83992032310442,7.294889010300842e-05,0.006015732785471517,7.294622946211787e-05,0.01751228981568853,0.022852904506274863,0.027515459267158038,130.22784865123685,129.25196566914033,126.14599495709186,0.03235817114553208,0.18982218451841879,0.1582541660675923,0.13645196365821016,0.008117317062012833,0.49577789334969674,1.0067647277031555,-0.018315143989481752,mid_vol_neutral,True,False,0.6
2017-12-12,128.55086323555892,-0.017495096923727527,-0.013874008173363817,-0.01764994484275298,-0.01720862902330067,0.0015269001624809153,0.01237037184153289,130.23764790545206,129.30189328453594,126.28731431056916,0.031280525810915005,0.1908734873087975,0.17120608879245944,0.14120567908364753,0.008722561188284555,-1.3830564837759096,-0.4966565062632933,-0.03548981569394127,mid_vol_neutral,True,False,0.6
2017-12-13,129.36578147445638,0.006339266951511657,-0.02937552815817357,0.0063192583143117705,-0.013603076218142718,0.005317183605919373,0.02040414109401656,130.27185907898217,129.33251425940497,126.43590571872838,0.030339114023411495,0.19407640610590338,0.17244078616748088,0.14170038963914705,0.009135886083829035,-0.7661111336780007,0.022218366390145215,-0.02937552815817357,mid_vol_neutral,True,False,0.6
2017-12-14,128.79925577117655,-0.004379254674789723,-0.016421520694872016,-0.004388871697741872,-0.016023665189640934,-0.011093024586469213,0.02554879560689116,130.19961905304893,129.37149086648526,126.56901650919322,0.02868476538720688,0.19468699667733166,0.16731546236632056,0.1405980076798241,0.009291035597012734,-1.140591767914137,-0.39297708082497373,-0.033626139913952136,mid_vol_neutral,False,False,0.6
2017-12-15,128.0789629312778,-0.005592368027175665,-0.02103038710846228,-0.005608063862529329,-0.027612292998681953,-0.018864176630437934,0.012240150591831034,130.07649113732973,129.39743639029226,126.67651402501333,0.026839837980109138,0.19042682373854222,0.16790908685254752,0.14036167488787515,0.00925724115045835,-1.5222353500149077,-0.9283844993327369,-0.03903045819139572,mid_vol_neutral,False,False,0.6
2017-12-18,128.97528756825454,0.006998219039747289,-0.014251252601233944,0.006973845154669931,-0.00832125154326957,-0.005531117561694332,0.027750315074684506,130.04062387739373,129.41451092533543,126.79157605922818,0.025625107906599665,0.18739493919944042,0.16876947254403238,0.1399132409091401,0.009250394471992333,-0.7992510416001588,-0.31158977365584234,-0.03230538284729356,mid_vol_neutral,False,False,0.6
2017-12-19,129.23707642923873,0.0020297598549305906,0.005338067566472704,0.0020277026756458497,-0.00861000099993825,0.003378141396483958,0.041891794591522924,130.06237943991968,129.44698750674968,126.91146388451672,0.024827666933777914,0.18726569130697815,0.16707043141874225,0.13766212827209356,0.008717210653674997,-0.6275741633247979,-0.15147523829634923,-0.030341195161564527,mid_vol_neutral,True,False,0.6
2017-12-20,128.16144820034347,-0.008322907470629692,-0.009309519568362123,-0.00835773625078753,-0.038411575672316234,-0.013985350493148974,0.02854902143045468,129.97148916898468,129.45242533322013,127.00186784859257,0.023382501145041257,0.13754960239143713,0.16620305762582066,0.1386582413567555,0.008225322301942785,-1.3095173439261398,-0.9354474840948394,-0.038411575672316234,mid_vol_neutral,False,False,0.6
2017-12-21,128.36250357290382,0.0015687663910137761,-0.003390952809918857,0.0015675371624327213,-0.01975678890304744,-0.015660736220593496,0.021710397817069627,129.86937745897566,129.44888804833116,127.10174753874998,0.021774916347093498,0.11636535642414002,0.16577866979930228,0.1377321371176151,0.007470657094014136,-1.058679526567863,-0.7857115547732331,-0.03690306807024313,mid_vol_neutral,False,False,0.6
2017-12-22,128.46570662636853,0.0008039968884379078,0.0030195723500527905,0.0008036738560726809,-0.01807431753383304,0.000619691228997965,0.024505956962985076,129.8733554474323,129.46666613301397,127.20510975334288,0.020975931700096595,0.11711801879018044,0.156383143418476,0.13764918118352615,0.007468083849543295,-0.9919351881334897,-0.7340036105887212,-0.036128741133707454,mid_vol_neutral,True,False,0.6
2017-12-25,128.52003828822754,0.00042292735770366185,-0.003529740375931234,0.0004228379491367125,-0.01773068975545089,-0.0005289049173918814,0.023825909299852954,129.8699549048569,129.49285643930094,127.30001044444725,0.02018809308370928,0.11728758996392488,0.15629053323409592,0.13764258001344085,0.006963655772207713,-0.9490326830883636,-0.7305177700758618,-0.03572109360902875,mid_vol_neutral,False,False,0.6
2017-12-26,128.6179189453796,0.0007615984126347897,-0.004790865755912699,0.0007613085437301872,0.0005216278454529544,-0.016695977677928298,0.02033594069371203,129.76076172274102,129.50107496138193,127.39659201143239,0.01855755851849228,0.07791837579151402,0.1425919673843028,0.13742230296652277,0.00817216020050696,-0.7986805501801404,-0.6666154554104626,-0.034986700324584175,mid_vol_neutral,False,False,0.6
2017-12-27,128.92887132620817,0.002417644317201262,0.005987940497247379,0.002414726517034753,-0.003377323920348174,-0.016934458143789022,0.008559008743778795,129.64971416375136,129.51752956846045,127.49075547095914,0.016934237190899593,0.07127756229464205,0.14251620840887316,0.13448208790170893,0.009133093719955613,-0.5136569649052756,-0.4486020104254699,-0.03265364140460025,mid_vol_neutral,False,False,0.6
2017-12-28,129.6980856882169,0.005966191700092605,0.010404768356317762,0.005948464452883306,0.0069785334679046684,-0.00915695340554079,0.022448961142148338,129.58978341429932,129.54289033069298,127.57701546379832,0.01577688538318367,0.07369668925173152,0.14444030318867057,0.13397849826311445,0.009456408154836242,0.07890563285186851,0.11910795442332457,-0.026882267588833497,mid_vol_neutral,False,False,0.6
2017-12-29,124.85604979224128,-0.03733313310125075,-0.02809821335919338,-0.03804785964023582,-0.025163485597285873,-0.05208095705878746,-0.015188604901756442,129.24678879803002,129.45541002376675,127.61976097128192,0.012749027379186373,0.20497254831280903,0.19256880205501242,0.15470285643607998,0.011714058069933114,-2.671364141038908,-3.1468178996092178,-0.06321180141612692,high_vol_trend,True,False,0.3
2018-01-01,123.84218186042273,-0.00812029479953602,-0.036397876083058334,-0.008153443969336115,-0.039799141406181016,-0.04778921428260363,-0.0334009274349677,128.9360214419507,129.35360551410642,127.63859979103307,0.01016480635984518,0.1993957359963537,0.1901309942526824,0.15388139847123625,0.01322078121665582,-2.514862190741323,-3.3156154811643423,-0.07081879775335431,high_vol_trend,True,False,0.3
2018-01-02,122.52200242082708,-0.010660175876774924,-0.047395546239099806,-0.010717402613043525,-0.05195934629555288,-0.06012197727193036,-0.03989589672768068,128.54414798248436,129.25316963392763,127.61331434699503,0.007294173341178878,0.19886072187931766,0.19145591681748564,0.15512813305361797,0.014490825001113011,-2.4586161844282635,-3.528844580700183,-0.08072403279069673,high_vol_trend,True,False,0.3
2018-01-03,122.89632308889152,0.003055130186158328,-0.046789738987580654,0.003050472759549727,-0.04108197266327274,-0.07791552503386556,-0.039043326991406446,128.02491510316742,129.16470067104035,127.58368980248774,0.0034583205844158638,0.20211312033474813,0.16827248379755358,0.15520734953745885,0.014211114326985267,-2.0574197956025473,-2.9955382853019947,-0.07791552503386556,mid_vol_neutral,False,False,0.6
2018-01-04,123.10949588255014,0.0017345742191523517,-0.05079943756074534,0.0017330715826635497,-0.040923225584878264,-0.059871502958813494,-0.04224287101302182,127.63290749090015,129.06679119232825,127.56809401096635,0.0005080696739752089,0.20224527441681187,0.16152097747950672,0.1548337491775032,0.014245074836663067,-1.725364682157062,-2.6405506438319013,-0.07631610107570863,mid_vol_neutral,False,False,0.6
2018-01-05,123.14725669707305,0.00030672544186960415,-0.013686105703421214,0.0003066784112380075,-0.0413997639445034,-0.058725808998977835,-0.03472062014484689,127.24875150613607,128.97062106302718,127.54482657193871,-0.002321341239471142,0.20192314084943927,0.1617906589460404,0.15419078587803034,0.01427273625820513,-1.524419499875385,-2.424216106215803,-0.07603278372366329,mid_vol_neutral,False,True,0.6
2018-01-08,121.7514931668842,-0.011334101689510212,-0.01688187871152702,-0.011398822116707284,-0.05266529026519384,-0.06946218809807192,-0.04291335087204573,126.79433014832505,128.81249453766526,127.51683875930435,-0.005665985904364179,0.20309819695361958,0.16399572271877877,0.15570480531551603,0.01417364331760008,-1.7903875348143596,-2.7080039254311856,-0.08650512211071304,mid_vol_neutral,False,True,0.6
2018-01-09,122.26044783892078,0.004180274580607879,-0.002134756017192152,0.004171561506411641,-0.04942912432877,-0.04893328009094322,-0.046382376425984306,126.47980937849316,128.66837918432623,127.47784312825429,-0.007829076216460784,0.2066586737643126,0.1574533436687291,0.1550299271668836,0.01423779374100585,-1.4265093584812119,-2.3175467340868297,-0.08268646269315694,mid_vol_neutral,False,True,0.6
2018-01-10,122.01290005354156,-0.002024757718091852,-0.007188360181540787,-0.0020268103111374123,-0.053641757672478474,-0.05683791600150978,-0.047564003352963735,126.11216530744741,128.5227635968923,127.45151146109103,-0.01050867218669671,0.20338412366070305,0.154016956440358,0.15505214370250464,0.014343336516651234,-1.350149173533989,-2.2303219697008903,-0.08454380035772913,mid_vol_neutral,False,True,0.6
2018-01-11,122.0480646636613,0.0002882040350185022,-0.008621846846822212,0.0002881625122134368,-0.05898329943701408,-0.05241638289827821,-0.049692288006991436,125.77460575207165,128.3329308542711,127.44085247766265,-0.013074667135352436,0.1963572290264717,0.1543036119815002,0.15491683601138237,0.014494792360413945,-1.2035138139801993,-2.077438764183105,-0.08427996218710954,mid_vol_neutral,False,True,0.6
2018-01-12,122.5604236776335,0.004198010147757447,-0.004765295104243283,0.004189223086687518,-0.018386182475159774,-0.04308700763454287,-0.05161060202027745,125.49867878938942,128.14650896343207,127.44259106808362,-0.015253238830146731,0.09553888029436858,0.15572826793628258,0.1545786333716783,0.01456318298947647,-0.9399488359507768,-1.8085619894953475,-0.08043576017586629,mid_vol_neutral,False,True,0.6
2018-01-15,123.15776373169072,0.004873841295036652,0.011550335262656253,0.004862002581642641,-0.005526534807852368,-0.045105724873729436,-0.04478814698903,125.20780259756125,127.98504639327038,127.39934203752888,-0.01720212526154219,0.093866542039422,0.15424804323661612,0.15498687970334282,0.014625620940383107,-0.6709758806570637,-1.5398869027625934,-0.07595395001037253,mid_vol_neutral,False,True,0.6
2018-01-16,124.2527706121616,0.008891090965701842,0.01629572611958463,0.00885179794985564,0.014126182703004142,-0.03856715081144835,-0.02580310379437245,124.95858730670736,127.84257753932822,127.37507791050784,-0.018971455354070743,0.08579890369635532,0.158638865242981,0.15477700001380518,0.014603532691653928,-0.2426208136058081,-1.1434574934523551,-0.0677381725234173,mid_vol_neutral,False,True,0.6
2018-01-17,122.94661138452987,-0.010512113502150644,0.007652562397734819,-0.010567756058059595,0.00040919284136742284,-0.040689590271028364,-0.03434784563595972,124.69784546591669,127.73312030316663,127.3337805582381,-0.020700988227674855,0.10370798794244211,0.15999599128548497,0.1561416316278216,0.014573564124189415,-0.6166682121634942,-1.48952714271159,-0.07753821466757338,mid_vol_neutral,False,True,0.6
2018-01-18,124.63867942012604,0.013762624415113223,0.021226184647859192,0.013668779553780859,0.012421328887860739,-0.02901021754115929,-0.026298122665169843,124.5116542582778,127.63413687424581,127.31856096858681,-0.022046327644258845,0.12461523959399338,0.16921849389097973,0.15842592312147186,0.014645519203736846,0.0469450071661805,-0.9270074916897315,-0.06484271957874843,mid_vol_neutral,False,True,0.6
2018-01-19,124.85102904644997,0.0017037217283741857,0.018689600607463497,0.0017022720408528414,0.01383524404094505,-0.028137295740968016,-0.024264120966102642,124.33092037928188,127.54177839362626,127.31006783651289,-0.023400721622870546,0.12451236377381733,0.16940508792721173,0.1584842947755302,0.014682465713524804,0.2044707836040048,-0.8295110812989046,-0.06324947180064755,mid_vol_neutral,False,True,0.6
2018-01-22,127.11518604363955,0.018134868526772152,0.032132950388498394,0.01797239317117232,0.04405443200112025,-0.010930997712880974,-0.019610335901237508,124.26067776705247,127.52574904927185,127.32185566748385,-0.02404283132996432,0.12793939114652114,0.18301300147858043,0.1605596584053823,0.015297451430766097,1.1702819340461181,-0.12656590132440837,-0.04626162412936785,high_vol_defensive,False,True,0.3
2018-01-23,127.1999523995684,0.0006668468069561673,0.02371924402881964,0.0006666245634202998,0.04040149245286151,-0.011024642269428897,-0.017504667896933723,124.18977943976192,127.50265053423813,127.3494371746526,-0.0248109281437765,0.1292782715046791,0.18300474679852918,0.16055144959282633,0.015020015185403655,1.295409751785645,-0.09336903055608767,-0.045625626738746816,high_vol_defensive,False,True,0.3
2018-01-24,128.85269550551106,0.01299326827380387,0.048037795059753474,0.012909579907648478,0.05605796968163257,-0.0005908360161190895,-0.003410715215840354,124.18597064872706,127.50607328427128,127.41950001217718,-0.02537703697739435,0.13164769125741707,0.18898604578186481,0.16280503579774291,0.014823896029419333,2.015346568630665,0.41519940136446737,-0.03322518447332001,high_vol_defensive,False,True,0.3
2018-01-25,127.51021017434964,-0.010418760165587737,0.023038841293755885,-0.010473415405284972,0.044754052640989084,-0.01686898848396834,-0.030633273189714205,124.0765768730337,127.45139636196146,127.47324222142133,-0.026646104619254984,0.15279064746963222,0.1911074452687122,0.16007517334244065,0.014572868340076874,1.6497442527968182,0.01826987538815764,-0.0432977794104229,high_vol_defensive,False,True,0.3
2018-01-26,128.7797012804899,0.009955995715201338,0.03146687908017398,0.009906761305218557,0.050744583090009066,0.03142540145053041,-0.023519724226485406,124.27275944744613,127.416159962658,127.5354526765666,-0.025582637303172118,0.15526068776745505,0.13728568094604335,0.161382014282088,0.015376026696884943,1.9352638831732674,0.4268803797961981,-0.03377285620150938,mid_vol_neutral,False,True,0.6
2018-01-29,128.52147408177706,-0.0020051855699710908,0.011063100184227626,-0.0020071986460670145,0.04355154062208877,0.0377843167090528,-0.02064619169888504,124.50672405851383,127.39273678895407,127.59700229319229,-0.024219050441150802,0.15921353469210758,0.13320819787292523,0.1611378449251934,0.016245018722246055,1.598721472406156,0.35478879416266346,-0.03571032092756854,low_vol_meanrev,False,True,1.0
2018-01-30,128.1938543238621,-0.002549144104171286,0.007813697297398337,-0.0025523987041426222,0.031718276319182115,0.04629251718849536,-0.02422325096184963,124.7903166536656,127.38057457185691,127.64965463378175,-0.022399888102473953,0.1603647250843695,0.12598899558886498,0.1611760014819501,0.017167632704618515,1.31198723765856,0.25598206496778037,-0.038168434277689234,low_vol_meanrev,False,True,1.0
2018-01-31,129.0735003853413,0.006861842684415365,0.0017136225126217486,0.006838407387039113,0.04983373621944631,0.05026332066893335,0.005092897334591395,125.09917551848807,127.36245950718285,127.69118394995958,-0.02029903984982462,0.14145159170906987,0.12701403549829726,0.15506034577843542,0.018726572976587884,1.4603849324738163,0.5406927510476507,-0.03156849738479783,low_vol_meanrev,False,True,1.0
2018-02-01,129.2162296167509,0.0011057980994044758,0.013379473220760607,0.001105187155032091,0.03672656207464353,0.04960408366895397,-0.0028677167414443705,125.40451220519813,127.3386893440562,127.72445855478452,-0.018163681223133166,0.13330911715289087,0.12708292452491263,0.15394750871071808,0.020065981276942778,1.3483403679900294,0.5968738055173681,-0.030497607669802473,low_vol_meanrev,False,True,1.0
2018-02-02,129.16473586373215,-0.0003985084007750439,0.002989870138024653,-0.00039858782634966144,0.03455083110029711,0.04886409432133232,-0.0023497310085810463,125.70538616353107,127.35426112418611,127.74751818667536,-0.015985688427701206,0.13457792106441385,0.12726549061450854,0.15393799096678146,0.021157661098607845,1.1955496123418319,0.5742373603899009,-0.030883962517717523,low_vol_meanrev,False,True,1.0
2018-02-05,129.24400434682798,0.0006137006557227487,0.0056218641298120264,0.0006135124184856047,0.016747159560129843,0.06153937816330379,0.010376687097618298,126.08001172252825,127.36738022832795,127.76659616884268,-0.013200511689969607,0.10688222298342431,0.11677528049205212,0.15189608891035214,0.02279540813969695,1.1144010525115362,0.5939755560669774,-0.030289215370043254,low_vol_meanrev,False,True,1.0
2018-02-06,129.1512614747252,-0.0007175796863574391,0.007468432522860002,-0.0007178372698924217,0.01534048589127801,0.056361756869099056,0.006204542709566496,126.42455240431848,127.33436980606852,127.78830805836996,-0.01067199084777426,0.10747491287971789,0.11742006998310137,0.1517595557928167,0.0241638657574738,0.9849023875752809,0.5802334390112612,-0.03098506013073543,low_vol_meanrev,False,True,1.0
2018-02-07,129.70184613608845,0.004263099369501644,0.00486812357975297,0.004254038104970474,0.006590088218535239,0.0630174848657219,0.007928782865713968,126.80899970844584,127.30541027867027,127.81753686399935,-0.007890444302855126,0.08873634833934481,0.11612797854233217,0.15191620637148182,0.025423847264303346,1.0895091446842717,0.7725797987578188,-0.026854053151541102,low_vol_meanrev,False,True,1.0
2018-02-08,130.6355961228929,0.007199203516538466,0.010984429048516375,0.007173412957912531,0.024510868143577058,0.07036188146774003,0.003006201159616362,127.23837628140741,127.30018818758298,127.86798714504117,-0.004923913152082293,0.06895423435892896,0.11651044147765727,0.15058520249257776,0.026454406966627958,1.3393544640072252,1.077360666479731,-0.01984817742888445,low_vol_meanrev,False,True,1.0
2018-02-09,130.2001198100436,-0.0033335195442416587,0.008015995537696607,-0.003339088099219369,0.011029832461405986,0.06233411980122172,-0.002615270852987628,127.62036108802792,127.26987174143129,127.90468620257354,-0.002222945249209296,0.06005431774810097,0.11889573010969885,0.1506763964683189,0.027153660026810123,1.091124493639859,0.9579152288253399,-0.023115532685749396,low_vol_meanrev,False,True,1.0
2018-02-12,129.91388548138218,-0.0021984183200369767,0.00518307319507505,-0.002200838389125284,0.010834075858164649,0.05485745717509305,0.001705977507646006,127.95816717551247,127.26699887141875,127.94889683526482,7.245345975581685e-05,0.06034158024201323,0.12010456705532202,0.15014010997133068,0.027679966111330317,0.9022436486448095,0.8660202438752546,-0.025263133395252546,low_vol_trend,True,False,1.0
2018-02-13,130.75187995481764,0.006450384193578351,0.012393363114038713,0.006429669496241647,0.019954354633047178,0.05230554868625137,0.015138858893899876,128.2831226426453,127.27484703831202,128.01600778152044,0.002086573903950617,0.06205447126232946,0.11874088287561368,0.14999144473282688,0.02803164423852413,1.1939384913101587,1.134441155844205,-0.01897570611800714,low_vol_trend,True,False,1.0
2018-02-14,130.72427663342583,-0.00021111223334879803,0.007882929409228412,-0.00021113452067313918,0.012789428063515906,0.06326050926747717,0.00573186099810763,128.6720059050901,127.22371295747593,128.07720932346948,0.0046440470147846025,0.05638816487572135,0.10890041909204085,0.14885595917513908,0.028660826068838845,1.198713654917553,1.173521488718079,-0.01918281234765795,low_vol_trend,True,False,1.0
2018-02-15,128.0884976143953,-0.02016288853845971,-0.019497737095343304,-0.020368933926743424,-0.008727479556557283,0.02767855219839732,-0.017761932566583094,128.84449681480356,127.16648994720593,128.10174510470307,0.005798138889469451,0.12158657299350652,0.12946124875940582,0.15439372944978155,0.027881371682445262,-0.5265305938640216,0.3139163053774647,-0.038958919978897666,low_vol_trend,True,False,1.0
2018-02-16,128.44831335777985,0.0028091183055933833,-0.013454722275367703,0.002805180106287235,-0.005546579731391388,0.028812612429422124,0.00048421501902939923,129.02436103037005,127.11884868651443,128.13229988624678,0.006962031782112854,0.12297803064918082,0.12955533434446115,0.15120593280191494,0.02691206757121341,-0.5266460461755068,0.4591494361812923,-0.036259241888583094,low_vol_trend,True,False,1.0
2018-02-19,128.28947320025642,-0.0012366075767845652,-0.012503761819659731,-0.0012373728068586374,-0.007385496537309799,0.009237976933878844,-0.002321957145134834,129.0830753882009,127.06783974405748,128.1599027065989,0.007203287940343195,0.12284742100844594,0.11375727503848852,0.15119494523454063,0.024900888706251106,-0.7822011309270656,0.4285346234577534,-0.037451011012119784,low_vol_trend,True,False,1.0
2018-02-20,128.6721882372936,0.002983214658928146,-0.015905635301325605,0.0029787737040996745,-0.0037093965011356644,0.011574185445451413,-0.016281080488911748,129.15668718008715,127.07026624409217,128.18607976431403,0.007571862854045541,0.12424108948800272,0.11410317920205502,0.1470318115459636,0.022138358069090605,-0.5267830727817456,0.5616714601502896,-0.03457952075823467,low_vol_trend,True,False,1.0
2018-02-21,129.1694539157106,0.0038645933144461075,-0.011893909515179324,0.0038571449574494507,-0.0041047389550589175,0.0024582986716485955,-0.015100047811350992,129.17252510059714,127.06633969291724,128.1994269761611,0.007590502917122821,0.12384281240526371,0.10520714570478683,0.14715358396526237,0.017643463287533235,-0.0033493694068270855,0.7382013605217342,-0.03084856322852758,low_vol_trend,True,False,1.0
2018-02-22,131.4213135600547,0.017433375895616665,0.026019634922198165,0.017283157955553595,0.0060145738258250425,0.030672864395386634,0.0040078388537128085,129.36808026988237,127.11878084869483,128.24513585759004,0.008756233948235659,0.1494063486612435,0.11418906063473767,0.1514747153924346,0.0083451656631734,2.139183639505043,1.4810278767450709,-0.01395298193151362,low_vol_trend,True,False,1.0
2018-02-23,129.79861278328823,-0.012347318199836366,0.010512395143307707,-0.01242417967726874,-0.003083768489162142,0.00791205052245858,-0.014556547244878426,129.4190258450223,127.15317384573504,128.27530511801365,0.008916141154031498,0.16240489923575613,0.1196895899439635,0.15304105153051378,0.007398338827485042,0.3979022460965712,0.9038683303369294,-0.026128018223605,low_vol_trend,True,False,1.0
2018-02-26,129.7132383905939,-0.0006577450318123734,0.01109806716654771,-0.0006579614409757149,-0.0015444622416211917,0.009272880795457628,-0.002647217689824455,129.47861406046314,127.1679328621818,128.2912218937586,0.009255443585125755,0.16207424440905888,0.11942256467857033,0.15085221336723156,0.006713477095536933,0.2517640541351288,0.8663360230330084,-0.026768577681239747,low_vol_trend,True,False,1.0
2018-02-27,129.10184392937424,-0.004713431480128594,0.003339149648160733,-0.0047245747273639265,-0.012619596949685064,0.00708294177050206,-0.009647382466694387,129.52401354073874,127.16522821218452,128.3061078594671,0.009492187874684976,0.15908783961022968,0.12039587314987421,0.1510786766640942,0.006534755415847711,-0.4759109820186985,0.6595810854488604,-0.031355837304647305,low_vol_trend,True,False,1.0
2018-02-28,128.2351561636948,-0.00671320981405632,-0.00723311683755723,-0.006735844766057023,-0.01904099631555789,-0.006495091704677436,-0.037858548803982095,129.48209632965643,127.16670237145155,128.30956385233586,0.009138309274201672,0.16126239960565134,0.1203460149252771,0.14416163861086664,0.006270793689716876,-1.34320310954762,0.3638331527403034,-0.037858548803982095,low_vol_trend,True,False,1.0
2018-03-01,127.9405537811784,-0.0022973605002698516,-0.02648550440249353,-0.0023000034816004714,-0.0011550126355786006,-0.009872411842971163,-0.022979018193143186,129.4183125378778,127.15826337561703,128.3035757119741,0.00868827559729235,0.12550473170970752,0.12042561686199972,0.13985710406961685,0.005971819725032275,-1.493622243293015,0.2666513920767754,-0.04006893456963212,low_vol_trend,True,False,1.0
2018-03-02,128.1518037482403,0.0016511572040185385,-0.012687416296177645,0.0016497955426342911,-0.0023083962863230667,-0.007842172313660689,-0.0204736294274781,129.3676659321032,127.15198531805447,128.30932572553422,0.008248349841950331,0.1248895180065613,0.12066097801647975,0.13991168550941593,0.005626336890787882,-1.1825068798567235,0.3410909671055729,-0.03848393747558565,low_vol_trend,True,False,1.0
2018-03-05,128.2984124056367,0.0011440233622026508,-0.010907336849434346,0.001143369466143414,6.967996015005973e-05,-0.007316331198264137,-0.019424560265640323,129.32038633504365,127.14755280040266,128.32020461985178,0.007794421136990026,0.12490980328572313,0.12073275512005857,0.1399412990062438,0.005649265590254969,-0.9681733730125466,0.392879664429611,-0.03738394063692452,low_vol_trend,True,False,1.0
2018-03-06,128.34334198724366,0.0003501959281062561,-0.005875221600595615,0.0003501346238241474,-0.0025556901965752,-0.006255606629437804,-0.0016143123670433468,129.27999036066956,127.14206126123995,128.3215681113109,0.007468910047352839,0.12386449829504144,0.12074790533194496,0.1352703298207436,0.0056730406736649995,-0.8691895026939133,0.4104506056144364,-0.037046836412605866,low_vol_trend,True,False,1.0
2018-03-07,128.04451215961885,-0.0023283625235075434,-0.001486675025627049,-0.0023310773744514577,-0.008709038569024385,-0.012778029194207896,-0.010213437431276451,129.1971236618461,127.12437407790814,128.3209518231843,0.006827971786470988,0.12202200497619144,0.11971661473463795,0.13470299415063305,0.005654160209250476,-1.0413985275783353,0.3152909119685579,-0.039288940470595723,low_vol_trend,True,False,1.0
2018-03-08,127.87300102832666,-0.0013394649126264868,-0.0005280010978166993,-0.0013403627976324344,-0.026999521124909442,-0.021147337912152175,-0.007191460364456392,129.05899390711778,127.08787238471035,128.31538135770165,0.005795194165718831,0.06746594368960313,0.11610615993105175,0.1344377396896136,0.005662657818975923,-1.0879853894012015,0.271027033020578,-0.040575779226007636,low_vol_trend,True,False,1.0
2018-03-09,127.70735323113968,-0.0012954086934292564,-0.003468156546385881,-0.001296248460576881,-0.01611157089667914,-0.01914565503119925,-0.002901410908031088,128.93435557817256,127.14489845348831,128.30015423862753,0.0049431066027050274,0.04092034307267566,0.11579778878184505,0.1339734669909584,0.005695208901816049,-1.1203072858462622,0.1952934452532549,-0.041818625702284895,low_vol_trend,True,False,1.0
2018-03-12,126.76520790289008,-0.007377377295921139,-0.011950299882894422,-0.007404724728371799,-0.02272729078605429,-0.02423665158520205,-0.017135683176475736,128.776921699248,127.20335897433766,128.27848224422206,0.0038856045558519625,0.04950010553504114,0.11798243627636555,0.13399943077936133,0.005681591986199087,-1.718347997660477,-0.15422187666456216,-0.04888749121840341,low_vol_trend,True,False,1.0
2018-03-13,126.34510812303468,-0.0033139990601934732,-0.01556943923439047,-0.003319502517410834,-0.021353186929287005,-0.03370331526633308,-0.022377234042333716,128.5565831076588,127.27982108838181,128.2664953611547,0.0022616018757455336,0.04806082789116906,0.11462854930075621,0.1340581597292646,0.00573880475809054,-1.8522743473845475,-0.33831458700380723,-0.05203947717864377,low_vol_trend,True,False,1.0
2018-03-14,127.55368178496876,0.009565654578071792,-0.0038332792743059896,0.009520193385103673,-0.005314255459369699,-0.02425406305630584,-0.004742193724470489,128.39805336523597,127.37296826230336,128.26883446667185,0.0010074068194461105,0.06949667441819367,0.1213551722392592,0.1345213399904105,0.005351672696363229,-0.7693203477207328,0.06719004836698964,-0.04297161426368634,low_vol_trend,True,False,1.0
2018-03-15,126.85698473822262,-0.005461990880989531,-0.007945510638942221,-0.00547696209315035,-0.008469316498418755,-0.00961454696642694,-0.011728649666186475,128.33647772142734,127.4479180394168,128.25735461587254,0.0006169089156078389,0.07346032864589448,0.1002746721818538,0.134932440200175,0.006181823697865219,-1.2874469629333962,-0.22557631473380166,-0.04819889457942628,low_vol_trend,True,False,1.0
2018-03-16,127.30019141570136,0.0034937506862025014,-0.0031882409676237122,0.0034876617173784158,-0.006645340195226335,-0.008938396402921267,-0.009072578521340025,128.27907162432342,127.53097673378937,128.25079889840828,0.00022044873137616605,0.07575675430480969,0.1005999949913958,0.13512704358626576,0.006530249200061853,-0.8354055217998243,-0.0906710925232813,-0.04487353881423484,low_vol_trend,True,False,1.0
2018-03-19,126.4131107123655,-0.0069684160995413524,-0.002777553844224512,-0.0069928088964993015,-0.014694661125739472,-0.014626005088991034,-0.016393767103748513,128.18525349992885,127.62420908469899,128.21835181118212,-0.00025814020212966415,0.0811151044539705,0.10323266158334099,0.13584824321719094,0.007103047864171804,-1.424815879081851,-0.5022964283017441,-0.05152925742345971,low_vol_meanrev,True,False,1.0
2018-03-20,125.55782178104428,-0.006765824577066981,-0.006231237233369824,-0.006788816533215632,-0.02170365959830034,-0.02420388196481038,-0.02379215267535828,128.0295351771164,127.69015656354148,128.17926787393384,-0.0011681506635277117,0.08444742804843014,0.10439247788246495,0.13648580157758836,0.007508118911749555,-1.8063872057190387,-0.9254350170490141,-0.05794644408421301,low_vol_meanrev,True,False,1.0
2018-03-21,124.58933636288458,-0.007713461450841397,-0.0232399832023783,-0.007743364062294575,-0.026984177130739417,-0.03545820946037881,-0.033658364636916405,127.8005292994751,127.74168528972834,128.13222444331032,-0.0025886941811579245,0.088922153735421,0.10502474869092729,0.13718115916995455,0.007520478753785119,-2.08519242523062,-1.4321740789867208,-0.06521293787239757,low_vol_meanrev,True,False,1.0
2018-03-22,125.78302031951937,0.0095809480287945,-0.008465946285255432,0.00953534181533975,-0.016344190657919366,-0.0429024264618908,-0.03018599193598759,127.51861463744834,127.81638440284549,128.0746576285583,-0.004341553601670323,0.10842143653201743,0.08834295486981124,0.13810955983449683,0.009569897649811213,-1.2892878227966311,-0.9856502178086667,-0.05625679161216357,low_vol_meanrev,True,False,1.0
2018-03-23,125.44181067634749,-0.0027126844490228397,-0.014598412765031044,-0.0027163704449544583,-0.017740110475015114,-0.03356586032406117,0.004691489800301207,127.30077453210131,127.87401214281978,128.01026055312593,-0.005542415256081568,0.10853395306659014,0.07984004043530525,0.11492299178565787,0.012041293851143482,-1.419256884332551,-1.2470794095616373,-0.05881686913742812,low_vol_meanrev,True,False,1.0
2018-03-26,126.66370063878009,0.009740691367929877,0.0019823096275572993,0.009693556669627474,-0.0008007501883936508,-0.0235098420920693,0.02278318046380501,127.1482976445106,127.94413088096157,127.96458863711595,-0.0063790381487506265,0.11741415306032783,0.08956882465317496,0.11529253411677713,0.012832087834964197,-0.40865698472973766,-0.697011019366293,-0.049649094738993815,low_vol_meanrev,False,False,1.0
2018-03-27,125.54359596165466,-0.00884313873253828,-0.00011330094125427959,-0.008882471338008959,-0.0063438321695803435,-0.027561558064702285,0.024661640204420632,126.97038524612462,127.96994738795142,127.90626246363982,-0.007316899106337704,0.12476140019414438,0.09287206703046375,0.11460601555575951,0.013131871774821492,-1.2477638749847784,-1.3535157055304397,-0.05805317963881018,low_vol_meanrev,True,False,1.0
2018-03-28,126.69144507169202,0.009143031958300352,0.01687230039242471,0.009101487477941914,-0.006759794787658979,-0.012038126970674079,0.03088067964454444,126.89319969152447,128.04484406169465,127.88898218243065,-0.007786303979538389,0.1238108187430135,0.09772419808067673,0.11587334273755959,0.013043790246593754,-0.18257239631375874,-0.8196887022472372,-0.04944092975722836,low_vol_meanrev,False,False,1.0
2018-03-29,123.38073113274632,-0.026132103371875104,-0.019098676281350646,-0.026479614283399237,-0.02740293419908857,-0.035640166574789967,0.0022032033211714097,126.6652085591029,128.01968509594707,127.82691098509642,-0.009088089644354813,0.1779468829140057,0.13337590977102523,0.12807093483372967,0.014005149385799187,-2.477133305987702,-2.7088520012250275,-0.07428103764188598,low_vol_meanrev,True,False,1.0
2018-03-30,124.25876707191664,0.007116475409969958,-0.009431015050342495,0.0070912727973800865,-0.02389174996487553,-0.030378321353725868,0.009025863869446704,126.4705567252867,128.0078398564564,127.77480912504132,-0.010207429842280291,0.1823621632160832,0.13661185130068193,0.1288827869933804,0.015161599169891647,-1.601800000178672,-2.158661901433651,-0.06769318140972147,mid_vol_neutral,False,True,0.6
2018-04-02,124.53987009098326,0.00226223892036459,-0.016767475899457374,0.0022596839105344098,-0.014818404600805413,-0.029295314292511976,0.022902198992147405,126.28262960955404,127.95633353740327,127.74104129333756,-0.011416939059033515,0.18171022071588078,0.13695676188925168,0.1266870947295978,0.01622231947934142,-1.267732450227843,-1.8972145369268771,-0.06558408063898524,mid_vol_neutral,False,True,0.6
2018-04-03,124.60783067889128,0.0005456934221816923,-0.007453707818351751,0.0005455445856697949,-0.007566164247494345,-0.029105610392502257,0.019199854748308987,126.09585404413642,127.90449110298972,127.70357081861394,-0.01258944259875927,0.1793934285362219,0.13699259651965542,0.12644369465354063,0.017179965998163845,-1.116191755987722,-1.773010232511794,-0.06507417601820797,mid_vol_neutral,False,True,0.6
2018-04-04,122.735854169592,-0.01502294437757501,-0.03122224156383746,-0.015136931865692689,-0.01487673221000263,-0.041459472963660704,0.005925226887756985,125.83042114463505,127.78215427627134,127.64411378027133,-0.014208979810525268,0.19078449906155076,0.14524660538828751,0.1302347916334352,0.01877021684100949,-2.1367807059347443,-2.5330511261781954,-0.07911951466904499,mid_vol_neutral,False,True,0.6
2018-04-05,122.64179109342828,-0.0007663862919286002,-0.005989104072685492,-0.0007666801160342643,-0.024973396394136538,-0.04090941710001428,0.004864693523843888,125.56886064789015,127.68478589465292,127.56809112830717,-0.015671869530494265,0.18087359459787786,0.14529932740881568,0.13024730943728186,0.020199589589888545,-1.9131104116524003,-2.37812053737263,-0.07982526484950714,mid_vol_neutral,False,True,0.6
2018-04-06,122.68364657729094,0.0003412823923190089,-0.012676131686660486,0.00034122416873010253,-0.021987597948286086,-0.039337646006618265,0.001005405300993134,125.31767531519772,127.56286480058894,127.48951238162348,-0.017035417469671188,0.1814063338923981,0.14552747335592414,0.12997032693210728,0.02144793901455729,-1.6753347129976934,-2.18914349564486,-0.07951122541454336,mid_vol_neutral,False,True,0.6
2018-04-09,122.39091476861232,-0.0023860703267749583,-0.017255159498729244,-0.002388921528925989,-0.0337333099271504,-0.03450704816126471,-0.006226558032906837,125.09896065848382,127.44025361432564,127.41649520163985,-0.018188653984623215,0.16891227134084771,0.14413698801022765,0.12967065860310167,0.022427649399590213,-1.6294197882788786,-2.157075528876083,-0.08170757636571124,mid_vol_neutral,False,True,0.6
2018-04-10,122.90344039190916,0.004187611672531455,-0.013678035141902578,0.004178868028263369,-0.021029790882777455,-0.02724021358843609,-0.010859558411491665,124.92687727192754,127.3344453356866,127.35750995377174,-0.019085114672283354,0.1697631176224805,0.1454864717622965,0.1286363087337145,0.023363001250883354,-1.1876010193441455,-1.8278585182481055,-0.0778621242937031,mid_vol_neutral,False,True,0.6
2018-04-11,125.1085164299148,0.01794153223843198,0.019331451892161233,0.017782482528478766,-0.012494360932432835,-0.019169696404185643,0.01758409622712831,124.80461900417484,127.25514565657807,127.30880258188044,-0.019670152628252113,0.19051438221057787,0.15643929597840484,0.13201868275464432,0.024921548470547242,0.19121820189807456,-0.8830435342460091,-0.0613175578684394,mid_vol_neutral,False,True,0.6
2018-04-12,125.44177732812418,0.0026637746791287054,0.02283060455764918,0.0026602331192423665,0.01670476561822576,-0.011155928173910312,0.006443408352322821,124.73385863366994,127.17965661080552,127.25917297743086,-0.019843868891154748,0.13027974281347485,0.1559692571240233,0.12912104308112785,0.02576955285691741,0.4647531954704946,-0.7159412462446683,-0.05881711934734657,mid_vol_neutral,False,True,0.6
2018-04-13,125.1637974334158,-0.002216007303382339,0.020215822771149528,-0.0022184662809798467,0.007283432652887667,-0.016782331263816674,0.002505132631702045,124.62703893455564,127.09963784219921,127.22694948319266,-0.02043521878971466,0.12779183993102156,0.15533856800004844,0.12916811718166632,0.026258917235580544,0.3823019155431699,-0.7977660369865929,-0.060902787484691245,mid_vol_neutral,False,True,0.6
2018-04-16,125.73794273076857,0.004587151469722661,0.027347029544505075,0.00457666255435034,0.00961999268916891,-0.005340964855561348,-0.010834608796451484,124.59328053547581,127.02951660987802,127.19844841910299,-0.020481129416323296,0.1290859850732638,0.15466685762613658,0.12395616847296545,0.026540388903588678,0.8377051227067216,-0.5350412287069605,-0.05659500632608916,mid_vol_neutral,False,True,0.6
2018-04-17,126.3175608149884,0.004609730934288514,0.027778884075111643,0.004599138663849163,0.013720888380626795,0.0060509096380232386,-0.006937043355237926,124.631267487173,126.97284259668328,127.1536062013759,-0.019836942022770532,0.1303028829243529,0.15355074773631486,0.12433016062645813,0.026564942894080838,1.20048477154075,-0.27345101872678074,-0.052246163143188196,mid_vol_neutral,False,True,0.6
2018-04-18,125.718150787942,-0.004745262837400177,0.004872844594626002,-0.0047565573415236295,0.024298495647646412,0.009060281224787747,-0.02432657466164534,124.68770820842587,126.89316868972035,127.09928948419531,-0.018973994941720806,0.10095533431452305,0.1518362505457206,0.1216457444763263,0.02631442950405817,0.722900265679361,-0.4958230378892163,-0.056743504204228246,mid_vol_neutral,False,True,0.6
2018-04-19,127.84676723282158,0.016931655703956938,0.01917216063039784,0.01678991294392732,0.04244047720591548,0.016407197951359365,0.002639451836929485,124.79089555409101,126.83739211191893,127.06879014975095,-0.017926467962553483,0.12216965260393862,0.15970832258997722,0.12487744228565047,0.024838877249264056,1.9394091822065522,0.436567981720665,-0.04077260997689336,mid_vol_neutral,False,True,0.6
2018-04-20,128.62804795416548,0.006111071388462452,0.027677735829264805,0.006092474517782945,0.04845308680264537,0.02540012186238938,-0.001177618248966894,124.95020741798189,126.80595067480137,127.03791120811633,-0.016433706838223427,0.12050018273288549,0.16015928715637912,0.12382208338476966,0.021585206165869283,2.0531994674769622,0.800636449172372,-0.03491070291869369,mid_vol_neutral,False,True,0.6
2018-04-23,128.78432781699937,0.001214975002105101,0.024228049386443073,0.0012142375172672177,0.052237644113324766,0.01674218554743545,0.00204521257712198,125.05623877689284,126.7833595215137,127.02517919646621,-0.015500394740857404,0.11577690508935454,0.1570310294835679,0.12377405604870816,0.018337164096004815,1.9084546942135459,0.8894031796386181,-0.03373814354794069,mid_vol_neutral,False,True,0.6
2018-04-24,130.87715258171522,0.01625061682730311,0.036096261971089394,0.016119988843834993,0.06487785992304063,0.042483701213159586,0.020931567055267664,125.32291660789588,126.78586497405166,127.03035600618183,-0.013441191947874742,0.12820147165320228,0.16162492643486012,0.12800299666624898,0.014423329690899437,2.3657631299185122,1.8148313277913646,-0.01803579236389974,mid_vol_neutral,False,True,0.6
2018-04-25,130.9639127350519,0.0006629129043933535,0.041726368978798556,0.0006626932746921631,0.04680253968495629,0.0337234109291451,0.01464601443415492,125.53653999106389,126.79065769608417,127.00718532678006,-0.01157922941077949,0.11282069478297305,0.15953553140664642,0.1272901503678946,0.008972669339495873,2.0454987445805513,1.844007790579149,-0.01738483561900528,mid_vol_neutral,False,True,0.6
2018-04-26,127.7776664078555,-0.0243291931391999,-0.0005404972410466558,-0.02463003751591221,0.018621300889425596,0.035637130974515596,-0.011132991677300086,125.75638675481932,126.78444107195337,126.97546550957966,-0.009600900062605944,0.18446470122199038,0.15543843133484037,0.13689121095965134,0.008170829900413151,0.7634812159752067,0.439493699761813,-0.041291069734737174,mid_vol_neutral,False,True,0.6
2018-04-27,126.62253099201664,-0.009040198090265461,-0.01559159914222974,-0.009081308633549936,0.011654596524820704,0.019022914646593447,-0.019681880311337552,125.87457495082433,126.74792542463811,126.93338705557628,-0.008341478387308476,0.19177251718732544,0.15865316895268952,0.1380985456950631,0.007612778623783469,0.2844178655080179,-0.055799999668767974,-0.04995798837524157,mid_vol_neutral,False,True,0.6
2018-04-30,126.13271780122317,-0.003868294109713788,-0.020589539587022587,-0.0038757953101885897,0.003139665417461801,0.012789861664993296,-0.024072966179967903,125.95421733633631,126.70479031665745,126.88631503035745,-0.007345927681784548,0.1923188231236772,0.15949144572761956,0.13827808757280888,0.006907173384570538,0.06835734163045667,-0.2556522982742761,-0.05363303029279032,mid_vol_neutral,False,True,0.6
2018-05-01,126.75525121954384,0.004935542729696429,-0.03149443031775778,0.004923402866833471,0.0034650004459515493,0.017233431710936165,-0.018551969433533322,126.06158836336894,126.66645157630246,126.86835891019732,-0.006359115493875356,0.1925263145724334,0.16020070127201172,0.13870183892818086,0.00593918674894691,0.26708921789034007,0.040006133356956707,-0.04896219567582716,mid_vol_neutral,False,True,0.6
2018-05-02,126.71437847824711,-0.00032245402776986953,-0.032448131458945206,-0.00032250602724847666,0.00792429481392487,0.03241533890461801,-0.02303334722550332,126.26051457880169,126.61735006755318,126.84184488023521,-0.004583111369772519,0.19047806520233787,0.14891874447760117,0.13837909677939209,0.005697491050137547,0.18310975521966866,0.04430300026445041,-0.04926886164639288,mid_vol_neutral,False,True,0.6
2018-05-03,125.70896317136486,-0.007934500559104718,-0.016189865526949898,-0.007966146214801574,-0.01672161219034629,0.025009191814558518,-0.0377127911361419,126.41387318269855,126.50310305977939,126.8109419542371,-0.003131186989225543,0.1716869641411143,0.15258250452387193,0.1383280396493717,0.005300733992951869,-0.3020691420460272,-0.3816781065413769,-0.05681243839521777,mid_vol_neutral,False,True,0.6
2018-05-04,126.76086281862251,0.008367737834443112,0.0010924740290856327,0.00833292239900532,-0.014516158530278767,0.03323357558305795,-0.026415159958675938,126.6177339947651,126.44234806048607,126.79776095311054,-0.0014197960357675843,0.17488069460192696,0.15457471426924765,0.13941585106459314,0.004831739415507789,0.06618993258382036,0.15720609743649067,-0.04892009215100124,mid_vol_neutral,False,True,0.6
2018-05-07,126.99809191283424,0.0018714695445956053,0.006860821892182178,0.00186972052728254,-0.013869978858788934,0.03764313023505128,-0.022444048669191696,126.8480928519762,126.38804513093088,126.77798899655636,0.0005529655106120135,0.17518700119357736,0.15382588453904503,0.13944211186298874,0.00408508955910581,0.07811396506426814,0.3093051730585637,-0.047140175068984935,mid_vol_neutral,True,False,0.6
2018-05-08,126.74677913843377,-0.001978870474471095,-6.683810752261543e-05,-0.001980831025526498,-0.03155916339716047,0.03127120554371077,-0.030631305781361418,127.04025978930244,126.34094383511209,126.75308602364831,0.002265615573261437,0.14528162402708303,0.15416337984028325,0.13875720213715184,0.0033281589977237186,-0.1744530045027729,0.20985010665292994,-0.04902576124285063,mid_vol_neutral,True,False,0.6
2018-05-09,126.15201674930896,-0.00469252467926784,-0.0044380261789682685,-0.004703569137674544,-0.03674215198104014,0.008340761677712916,-0.03497636400726323,127.09243480527216,126.29928104682436,126.73299170913795,0.002836223553841055,0.1438121007939153,0.1428331363036841,0.13902370439547068,0.004468720144540745,-0.5752723724211699,-0.07691520362718483,-0.05348823132756653,mid_vol_neutral,True,False,0.6
2018-05-10,123.97652960385636,-0.017244965253118028,-0.013781305038264136,-0.01739539157257619,-0.029748053089858728,-0.011680699647893977,-0.03210255477363644,127.01917241905876,126.22000056327792,126.68913196944749,0.0026051204588792842,0.11731292457960982,0.15565475542829202,0.13738491033388606,0.004467554212494108,-1.7467139774189098,-1.1640413336842395,-0.0698107938899899,mid_vol_neutral,False,False,0.6
2018-05-11,125.15932777126064,0.00954050069947665,-0.012634302195098313,0.009495277529609205,-0.011555630813036344,-3.571050293149636e-05,-0.025605517896977625,127.01894893595102,126.16015104373834,126.6560681808964,0.00286508779458039,0.12715273245715203,0.15952335916109558,0.13876451379087426,0.0045572155761065694,-1.0674136939274,-0.5233048624131333,-0.06093632311845176,mid_vol_neutral,False,False,0.6
2018-05-14,125.6831867938755,0.004185537202407108,-0.010353739171618637,0.004176802206854125,-0.0035639524398110023,-0.00043547664057386193,-0.02031566847509436,127.01621113910635,126.10784653150309,126.62769966595287,0.0030681397054386217,0.1287189709540625,0.15937804034363778,0.1390685672594091,0.004622368575813315,-0.7642018335096654,-0.22487291509737972,-0.05700583716343488,mid_vol_neutral,False,False,0.6
2018-05-15,125.99668326462796,0.002494338970467025,-0.005918066548945999,0.002491233270390986,-0.005984509104100311,-0.0025402449848632713,-0.020793187784539313,127.00016726158833,126.06091335705078,126.60148730914538,0.0031490937501343907,0.12648829644848833,0.15874680856321235,0.1390228093332123,0.0046273745866685975,-0.5725831513215601,-0.03451917032721506,-0.054653690074148664,mid_vol_neutral,False,False,0.6
2018-05-16,125.12933133736313,-0.006883926662126116,-0.008106770215002834,-0.006907730189326362,-0.01250881833552997,-0.004683647085869658,-0.03127769341646236,126.97072628905937,126.00260974060568,126.56349190925692,0.003217629141383238,0.13035627860868665,0.15975879700269083,0.1393881428004701,0.004573484456340732,-1.0345163023020056,-0.47386819574149974,-0.06116138474198973,mid_vol_neutral,False,False,0.6
2018-05-17,125.57791535946257,0.0035849629923299098,0.012916846121787229,0.0035785523292598295,-0.0010424699130137105,-0.01774665032575451,-0.044463093864313796,126.85728369539143,125.95670802722837,126.52229020596937,0.0026477033325646993,0.126531199308203,0.1473326234467747,0.1345884291807623,0.004951019586093758,-0.7133617658399741,-0.20769212087568564,-0.05779568305051952,mid_vol_neutral,False,False,0.6
2018-05-18,122.72087998546878,-0.022751097323248426,-0.019482749142343825,-0.023013897178210237,-0.03187090039718643,-0.0459244158847969,-0.05452857042190762,126.56192529695659,125.85697856231496,126.50093850790165,0.0004821054276298309,0.16031091889016577,0.16392281167349584,0.14000642588491957,0.005184582009672164,-1.9550231695892162,-1.6842005327685303,-0.07923186516382186,mid_vol_neutral,False,False,0.6
2018-05-21,121.76748768369066,-0.007768786386562865,-0.03115531369049962,-0.0077991206164251805,-0.04118647887035687,-0.05448520213794594,-0.06125628197622279,126.21108329029119,125.75702415793099,126.48019156613432,-0.0021276713176262563,0.15909260605898448,0.16447101319969037,0.14071150381097716,0.005507274380575525,-2.0539712153832794,-2.051567732404268,-0.08638511611491806,mid_vol_neutral,False,True,0.6
2018-05-22,121.21427278385386,-0.004543206978810832,-0.037956637880139366,-0.00455355870890451,-0.04365007452013647,-0.07383167808321767,-0.061095728034956,125.72793930039809,125.65440745114736,126.46711426976461,-0.0058447998409277835,0.15863219931160588,0.14839301670585753,0.1406928209306459,0.0056559708831779324,-2.1038530525806434,-2.170461115983024,-0.09053585763133021,mid_vol_neutral,False,True,0.6
2018-05-23,122.09286685517276,0.00724827242816195,-0.024266608394187816,0.0072221299507546285,-0.03217665479104148,-0.06773656723150767,-0.04789863787962545,125.28438700640413,125.54519115255144,126.45907970742739,-0.009289113156137119,0.16901758523584884,0.1527875235882272,0.14118469879926757,0.00562699378511953,-1.670903841816745,-1.6537408074395445,-0.08394381376379745,mid_vol_neutral,False,True,0.6
2018-05-24,123.06423848011056,0.007956006357767498,-0.020016870579167456,0.007924524210386799,-0.00735857929449113,-0.03688772897683135,-0.0381139142902881,125.0487156100169,125.4693362273892,126.45862713340301,-0.011149192074485947,0.15738390827134952,0.13638875885637283,0.14227315893119025,0.007070804450724195,-1.057415498633347,-1.1410702550114988,-0.07665566492203013,mid_vol_neutral,False,True,0.6
2018-05-25,123.29945918472912,0.0019113652148148308,0.0047145946095630276,0.0019095408805987091,-0.014860007796866581,-0.026243921845923612,-0.0378640364129702,124.88256201965251,125.38932158276977,126.46014915827956,-0.012474974520649385,0.14786492886688693,0.13424623392984503,0.14229180321707283,0.008325669085441283,-0.8433514121115404,-0.9891591171547209,-0.07489081667866582,mid_vol_neutral,False,True,0.6
2018-05-28,122.75926275751964,-0.004381174344002203,0.008144826609260969,-0.0043907998125106385,-0.023264241709204936,-0.026745281498016027,-0.04317395316322481,124.71388926746735,125.31624462367284,126.47022685418591,-0.013887360135311,0.14493677059999027,0.13438891230867162,0.14245243749270384,0.009198983937507692,-1.023266973413621,-1.195045691139036,-0.07894388129803398,mid_vol_neutral,False,True,0.6
2018-05-29,120.95052147156149,-0.014734051389106773,-0.0021759097029990793,-0.014843675663368515,-0.04004995736648187,-0.04579478713610363,-0.05760190128457898,124.42365278006824,125.22409861748318,126.45712759051234,-0.01608034951599413,0.15442824152523776,0.14025397129542022,0.14530518077610394,0.00935499075241871,-1.7181471633024363,-1.919429692046381,-0.09251476948324,mid_vol_neutral,False,True,0.6
2018-05-30,120.61347708843826,-0.00278663026022985,-0.012116922182598633,-0.002790520142456429,-0.03608949397123851,-0.048146875382861,-0.05803477982654304,124.11860771057779,125.14458143199425,126.4431333608613,-0.018383961141246408,0.15368057799170148,0.14006489960950239,0.14532682304779984,0.009668248618196451,-1.6567278206997686,-1.9541546394295413,-0.09504359528730955,mid_vol_neutral,False,True,0.6
2018-05-31,118.64807455640538,-0.016295049106260118,-0.0358850302756224,-0.016429273545582795,-0.05518359484803326,-0.05616853752372586,-0.07214131519348443,123.7655632798298,125.00188251673198,126.40913345978873,-0.020912809918120834,0.1598400017492962,0.14737818413872866,0.1486891750377331,0.009683934265346607,-2.1273182456642648,-2.5499816753389988,-0.10978990434112745,mid_vol_neutral,False,True,0.6
2018-06-01,117.50093932562744,-0.009668384717297585,-0.04702794235629404,-0.009715427009706932,-0.04253506543026275,-0.07305033499373348,-0.07992033071924587,123.30256710518006,124.84306508971758,126.35853861626867,-0.024184922875446713,0.1315565521478459,0.1430195697436962,0.1496979278478647,0.00976637584067695,-2.168981671838395,-2.71240047188341,-0.11839679802517977,mid_vol_neutral,False,True,0.6
2018-06-04,116.26859951783382,-0.010487914521078556,-0.052873103779602415,-0.010543300291090461,-0.04515891943291983,-0.08448546142224456,-0.08280354332789253,122.76609248543005,124.63516306729865,126.28964697413011,-0.02790058071364976,0.13424121641128162,0.14330860165623277,0.15036767666069262,0.009822688213083632,-2.198194291567144,-2.8339501870489667,-0.12764297704900085,mid_vol_neutral,False,True,0.6
2018-06-05,116.93994207131227,0.005774065880749468,-0.03315884339690256,0.005757459854547855,-0.03526260245081414,-0.07737346174619864,-0.0744402865409215,122.27575063207397,124.46308998949182,126.2165186887216,-0.031222284512271048,0.14395587167992888,0.14759876347105244,0.15102439001003884,0.009761134949903343,-1.736990115375116,-2.393759982324757,-0.12260593012694732,mid_vol_neutral,False,True,0.6
2018-06-06,116.51833079798293,-0.0036053658473016448,-0.033952642683973244,-0.003611880842756687,-0.04565816333727657,-0.07636569116822145,-0.08651534657846516,121.79406633450765,124.25962770401762,126.15223588285615,-0.034546906900607466,0.13088498116853112,0.14757932242798089,0.14940140426258086,0.009661203755017443,-1.656289476643451,-2.3317729007276484,-0.12576925674109263,mid_vol_neutral,False,True,0.6
2018-06-07,115.84513493776868,-0.005777596156792075,-0.0236239789740893,-0.005794351031903259,-0.0586612620489958,-0.06558817779518455,-0.08680523049777344,121.38749660120327,124.10891578011808,126.06430043803257,-0.03709855859731048,0.11046678816329654,0.13922688544232115,0.14943887907423636,0.009782007204293928,-1.628423957139954,-2.344121108781752,-0.13082020892349477,mid_vol_neutral,False,True,0.6
2018-06-08,114.61539187889557,-0.010615405295472446,-0.02455765429019452,-0.010672150650835831,-0.07043070069612345,-0.08424410773150692,-0.09964477975829056,120.860299806585,123.91604827625764,125.96194406635703,-0.040501472866157684,0.10297533555635321,0.1327074443360935,0.15023309781232783,0.010010563587683171,-1.7349431184791921,-2.4656385159241023,-0.14004690468040593,low_vol_meanrev,True,False,1.0
2018-06-11,110.41833167834304,-0.036618643724459,-0.0503168341560134,-0.037305936981219125,-0.1005295307414239,-0.12145502914854733,-0.12652784939701578,120.09705705080839,123.63361750800485,125.79497552270406,-0.045295278672456085,0.1777640382140177,0.1712994436902776,0.16611991165761916,0.011081093992355448,-2.3573320563056153,-3.1272676951371476,-0.17153722069765986,mid_vol_neutral,False,True,0.6
2018-06-12,107.58877209011064,-0.025625813623729843,-0.07996557733455267,-0.025959874191591445,-0.11047285467547596,-0.14609837892205157,-0.14311374182859926,119.17666149208253,123.29323633622924,125.59886371960948,-0.05113264592794453,0.19282981774790858,0.18076031317397867,0.17270119839554374,0.013143388331336138,-2.4501082327316386,-3.2764723556803665,-0.19276725347425883,high_vol_defensive,True,False,0.3
2018-06-13,107.0139802862616,-0.005342488743784735,-0.08156957318758518,-0.005356810870081017,-0.11275271329923608,-0.14477301890362104,-0.14106629499520085,118.27089393952747,122.97879885856263,125.38047656741699,-0.05670406448061871,0.18997555678465697,0.18094702432485693,0.17246439907423425,0.014824360164999446,-2.1495094164322155,-3.002357043214142,-0.19707988533618703,high_vol_defensive,True,False,0.3
2018-06-14,107.6243396160296,0.005703547593831182,-0.07096366477673177,0.005687343949230504,-0.0929111996262112,-0.1429676204772269,-0.14436511905472071,117.37321515235581,122.67844982901464,125.1816178618338,-0.06237659204961166,0.20683510034737995,0.18284981599465985,0.1714872313745729,0.016540751540116156,-1.787860463465943,-2.6208982297095145,-0.19250039224815763,high_vol_defensive,False,False,0.3
2018-06-15,107.99416825135468,0.003436291796488744,-0.0577690615457388,0.003430401236431729,-0.08090804319382405,-0.12000167971300302,-0.1390895294871778,116.6368795656501,122.38466026249593,124.97376253154243,-0.06670906594324677,0.21697374924754642,0.17766337087130335,0.17192282911564158,0.017346166190481474,-1.5210203523665695,-2.3561041912104637,-0.1897255879703721,high_vol_defensive,False,False,0.3
2018-06-18,106.08412210404528,-0.01768656750856956,-0.0392526268819533,-0.017844843864186232,-0.08759439312095951,-0.12879764441215447,-0.1624741613496965,115.85271128666781,122.05852440920458,124.74938901176512,-0.07131640319503496,0.2219438363908004,0.18217339091203227,0.17281285761073198,0.01842009484653877,-1.6254917074569164,-2.4469479140322914,-0.20405656105920056,high_vol_defensive,False,False,0.3
2018-06-19,105.03943570111016,-0.009847716908195747,-0.02369518992990538,-0.009896526377932525,-0.10176596772166135,-0.13344003730968412,-0.16332302817586308,115.04396943253064,121.70124431538859,124.5178448255376,-0.07608447934736451,0.20604105090334088,0.18227219621146204,0.1729728085931129,0.019486380373451125,-1.580510030959027,-2.3953366139368333,-0.2118947867208254,high_vol_defensive,False,False,0.3
2018-06-20,106.35070820016006,0.012483620940054507,-0.006197994732345169,0.012406343018381633,-0.08726200013499408,-0.12893594081696957,-0.16055335749009392,114.25686149978,121.32608815079351,124.29061690368579,-0.0807281808865834,0.23510911871300982,0.18856629788514165,0.17409875540959924,0.020879977488529065,-1.238083974386152,-2.0606561315857483,-0.20205637997736736,high_vol_defensive,False,False,0.3
2018-06-21,105.17069003975836,-0.011095536460188127,-0.022798277648207743,-0.011157551075148845,-0.09214409309242522,-0.14540006635025926,-0.1475922611724163,113.36218407776241,120.92066640502618,124.05016150791586,-0.08615851281637743,0.23459022150780584,0.18074320249571615,0.16813635977376196,0.02097172824342009,-1.291988926531014,-2.0747640722146397,-0.210909992506503,high_vol_defensive,False,False,0.3
2018-06-22,104.12887927048084,-0.009905904096318863,-0.035791645451423326,-0.00995529400276654,-0.09149305722825551,-0.15547983779496244,-0.16199973873702866,112.40365508205,120.49996804176747,123.79980294198336,-0.09205303715446111,0.2345245603381818,0.17718653160947093,0.16755178098879753,0.020513074790662035,-1.3332379248771926,-2.0653048375809595,-0.218726642444097,high_vol_defensive,False,False,0.3
2018-06-25,100.726120458087,-0.03267833896065453,-0.05050710266238767,-0.033224200744097834,-0.08777719308864573,-0.1794825237990687,-0.19121386280151886,111.30199796707834,119.99973159631386,123.51462410309594,-0.09887595274405636,0.22225672992015638,0.19622003397023144,0.17794519986817273,0.02094624480382922,-1.6983714433712125,-2.303681874311824,-0.24425735804323745,high_vol_defensive,False,False,0.3
2018-06-26,101.04193858690518,0.0031354144027575526,-0.0380571076712547,0.003130509241486724,-0.06085052720670692,-0.1646010504331502,-0.18912047472132254,110.30656882284555,119.4942191517522,123.23353087421772,-0.10489809031412478,0.2087000403624944,0.2004297174904866,0.17827356526703594,0.02165203906713206,-1.495576811177851,-2.1130577984324885,-0.2418877916788682,high_vol_defensive,False,False,0.3
2018-06-27,101.57651010182452,0.005290590445862886,-0.04489107951542859,0.005276644439011702,-0.05081083957340793,-0.15783449284573003,-0.1723974156608733,109.35472047351485,119.01138633802984,122.9522775138751,-0.11059215262462929,0.21657201688452343,0.20566635415097734,0.17748818393607205,0.022300256472095745,-1.2992492589693647,-1.9279472273699068,-0.23787693047263236,high_vol_defensive,False,False,0.3
2018-06-28,100.44165522748318,-0.011172414500200123,-0.044965330269178816,-0.011235294710934138,-0.06673847583336645,-0.1534489236086748,-0.1810160767224369,108.44439950706874,118.46328409792308,122.65033810492099,-0.1158246998528435,0.20941552120318177,0.20387783499316456,0.17818696748320767,0.022805998983391553,-1.360432150296491,-1.9330345659096366,-0.24639168530555688,high_vol_defensive,False,False,0.3
2018-06-29,101.13915596184482,0.006944337314851223,-0.028711759212062926,0.006920336453799682,-0.06347576355748141,-0.1392481069316358,-0.17561012585221003,107.6263103388796,117.91350625807667,122.35972846643901,-0.12041068014956002,0.21488765284441894,0.2107206271027857,0.1792675600716295,0.023112169185389643,-1.1398315218258668,-1.7620564288659266,-0.2411583749650421,high_vol_defensive,False,False,0.3
2018-07-02,97.39437065298692,-0.03702606842270506,-0.03307731688610449,-0.037728937563604126,-0.0819137801087293,-0.16233298537282104,-0.2042352911805826,106.68259889563726,117.28570711479641,122.03453331815507,-0.12579991913021815,0.2603223589525514,0.23550295856600453,0.19222507880188486,0.025222584109688913,-1.616068328314293,-2.025888151945779,-0.26925529689558303,high_vol_defensive,False,False,0.3
2018-07-03,97.80145521011468,0.0041797544806587705,-0.03207067700906574,0.0041710435714382476,-0.06890726747229647,-0.16366082043658414,-0.2042415175828305,105.72567455257737,116.62419316736441,121.70502907070804,-0.13129576189367653,0.2675425995324112,0.2342670665695425,0.1922236976275128,0.02655577087628306,-1.4305709716506343,-1.8828799132917826,-0.2662009634485647,high_vol_defensive,False,False,0.3
2018-07-04,98.74723769710477,0.009670433685860624,-0.02785360908623047,0.009623974323342511,-0.0714943100213774,-0.1525175736656348,-0.21070730822371708,104.83711989753347,115.97985966660546,121.38525868134482,-0.13632741704866147,0.26212879429735064,0.24275091640785235,0.18896097720939722,0.027890291338917583,-1.1878511152794446,-1.707643261772637,-0.2591048085268457,high_vol_defensive,False,False,0.3
2018-07-05,97.79153523171613,-0.009678270376738407,-0.026384670680356548,-0.00972540923043862,-0.07016360551834966,-0.15584253681219185,-0.2204229140032189,103.93443991223084,115.38013704308268,121.08228905751803,-0.1416214483452769,0.2616451149320314,0.2426449704038643,0.18883232262297261,0.027508859728326694,-1.3198691759895755,-1.7133627354527228,-0.2662753925107483,high_vol_defensive,False,False,0.3
2018-07-06,95.99215019533428,-0.018400212575845343,-0.05089033735314419,-0.01857160214601846,-0.07814094545290295,-0.1624846486869661,-0.23306777068345308,103.00327782805277,114.76752942714904,120.75772742589358,-0.14702537035351493,0.2675812143177881,0.24518091462068833,0.1910530678526208,0.02542193941706984,-1.6495944868527497,-1.789427420858446,-0.2797760812606792,high_vol_defensive,False,False,0.3
2018-07-09,93.0087350843536,-0.031079782095824737,-0.04502966176822687,-0.03157300494525429,-0.07661751826274954,-0.15766944065687305,-0.2602969870160441,102.13279799835331,114.10504977281164,120.40492004473455,-0.15175560965110502,0.26353850360051384,0.23748682445541788,0.19779796781219763,0.025647353359908705,-2.0593264296327733,-1.953123120088201,-0.30216048371529836,high_vol_defensive,True,False,0.3
2018-07-10,90.74230280200408,-0.02436795081982357,-0.07217839850076735,-0.024669762441757295,-0.10193426540448336,-0.15658203882089905,-0.2816335098893319,101.29047453394799,113.38479080446085,120.02562119038166,-0.15609289475549926,0.26767728385878803,0.23631826614608628,0.20071881478146106,0.025959535897059818,-2.146648540377506,-2.033252952097184,-0.31916540272825333,high_vol_defensive,True,False,0.3
2018-07-11,88.5735740100516,-0.023899865057255054,-0.10302732435169126,-0.024190100554382664,-0.12801125062022944,-0.17231773107478154,-0.295459140506647,100.3684542201375,112.62197471509693,119.61966239132508,-0.1609368208063401,0.25924260487854606,0.24226891464172384,0.20425204529728516,0.026317798958501525,-2.152083393817376,-2.0903289034432153,-0.33543725772935873,high_vol_defensive,True,False,0.3
2018-07-12,88.4678763221164,-0.0011933320870987085,-0.09534218772112946,-0.0011940446747926762,-0.11921128617651933,-0.17799378246832964,-0.3080163211244312,99.41063105544183,111.87715297811195,119.19012801894569,-0.1659491208899435,0.266472175255921,0.2377997865140875,0.19896931137928708,0.02617582533659797,-1.8834629335199935,-1.9770261222268979,-0.3362303017736006,high_vol_defensive,False,False,0.3
2018-07-13,88.28413483490559,-0.002076928879153783,-0.08029839257422255,-0.0020790886869679606,-0.1271023176403494,-0.18251016453568414,-0.3136478688818771,98.42512938461937,111.10761841843761,118.77498323946185,-0.17133114482378164,0.25148102333210726,0.2345606657285491,0.19753605197412147,0.025208708789180485,-1.7051337932447956,-1.886073153315933,-0.3376089042289542,high_vol_defensive,False,False,0.3
2018-07-16,89.45509308401456,0.013263518426031018,-0.03820761563003827,0.01317632808646126,-0.08151680138947404,-0.15675323215401904,-0.305388360522183,97.59367793361784,110.35675844186125,118.37240178639605,-0.17553689491131208,0.24576911912517474,0.24639856133342455,0.20097488077954118,0.02478251325464187,-1.3603951982195497,-1.7050508101838866,-0.32882326772495607,high_vol_defensive,False,False,0.3
2018-07-17,89.7236727117096,0.0030023961569498603,-0.011225526120018037,0.0029978979669247675,-0.08259368412311396,-0.14580964651201656,-0.3144435759657195,96.8278897841478,109.61629631332674,117.97862007421942,-0.1792759592947083,0.24415309548122732,0.2495797646032478,0.19650124434564736,0.02408663646334127,-1.1920905666350143,-1.6086354453834033,-0.32680812928333935,high_vol_defensive,False,False,0.3
2018-07-18,86.31853177788011,-0.0379514216361887,-0.025459537535603816,-0.03869033233169515,-0.12586383385577038,-0.1883595959189842,-0.3408983438628026,95.82628096303381,108.81962661389817,117.55945383036128,-0.18486963114585853,0.2614708177691876,0.2594173901326547,0.2064285268574695,0.024057522099504798,-1.5957612257614089,-1.7913894709016527,-0.3523567178109619,high_vol_defensive,False,False,0.3
2018-07-19,86.86550617205538,0.006336697148449755,-0.018112451848925404,0.0063167046960366565,-0.11172775878578478,-0.1740521419112393,-0.32018240265252595,94.91102176964866,108.07740614526216,117.14870335427004,-0.1898243936799905,0.279325851407915,0.2659628420136439,0.2048922736780255,0.02315916906620217,-1.374791880907679,-1.6647315349775957,-0.3482527984715019,high_vol_defensive,False,False,0.3
2018-07-20,85.73232289451481,-0.013045261893668836,-0.028904535850781787,-0.013131098648464606,-0.10688194065808254,-0.17667103021612185,-0.3229299539122299,93.99119395085037,107.28886604772723,116.72450854573279,-0.1947604224521149,0.2769789283620546,0.26627838414905725,0.20528270262250797,0.020879103876994366,-1.4307782838795347,-1.6733273637897759,-0.356755011403907,high_vol_defensive,False,False,0.3
2018-07-23,85.87928846852911,0.0017142376300141038,-0.03997318086883128,0.0017127700016911105,-0.07665351656872321,-0.1473980326258647,-0.3191355108682491,93.24885235137246,106.49278808122031,116.3003173063617,-0.19820638059194973,0.25909192956923105,0.2543547689972365,0.20589411419184658,0.01922621725351712,-1.2673171626267015,-1.5915031599240577,-0.35565233663913753,high_vol_defensive,False,False,0.3
2018-07-24,89.56646163532967,0.042934370237030395,-0.0017521694289650558,0.04203825000914277,-0.012958026525291544,-0.11357142501482742,-0.2933905240722696,92.67507850379369,105.76418364863436,115.91254850284257,-0.2004741531369144,0.3448380656755442,0.3101896684107729,0.22826430878387854,0.023299438985130698,-0.5584503138363339,-1.259838690750463,-0.32798767549903685,high_vol_defensive,False,False,0.3
2018-07-25,91.49369884196476,0.021517398046624114,0.05995429900732896,0.021289166992098908,0.03296835274572718,-0.09926321794037163,-0.27795329984851436,92.1709379408007,105.09147099872636,115.54704036966601,-0.20230810199966076,0.3359823580195501,0.3229877411047949,0.23474531990757,0.027735626473177358,-0.13125770148467186,-1.0705148738376893,-0.31352771882051245,high_vol_defensive,False,True,0.3
2018-07-26,87.71825174598628,-0.04126455858451772,0.009816849190308785,-0.04214011138025873,-0.008473409866884274,-0.12667456995487147,-0.30221163604372525,91.53476776672586,104.33427772645686,115.14549287684262,-0.20505123144828896,0.40468237603797047,0.34733956378578984,0.2460077308824832,0.033436860685083884,-0.7849715485898052,-1.3204278058424166,-0.34185469448389094,high_vol_defensive,False,False,0.3
2018-07-27,89.11495181822863,0.015922570781356837,0.03945570129804854,0.015797136391301897,0.009410716714579603,-0.11888772483084964,-0.29698370745756153,90.93355755954505,103.66215916311205,114.75956886271351,-0.2076167725209166,0.4127954467161089,0.3533657388138945,0.24835005930421525,0.03813152675619936,-0.42041978629765503,-1.1657578729202196,-0.3313753292723929,high_vol_defensive,False,True,0.3
2018-07-30,86.65865535131046,-0.02756323621122958,0.00907514368923712,-0.02795022998543953,-0.03126079953969463,-0.11022932054181533,-0.3176381310453936,90.39677179446122,102.95998251646444,114.3585033371977,-0.2095316993794758,0.43002504616713455,0.3438396959343608,0.25180185982990944,0.0415286468187953,-0.9020437428211615,-1.311782062911399,-0.34980478900831347,high_vol_defensive,False,False,0.3
2018-07-31,88.00100743285138,0.015490109742634317,-0.017478129356634065,0.015371362692632132,-0.019199674141664902,-0.1002075864434554,-0.3056943298201209,89.90674940559805,102.29571720944439,113.97506233029588,-0.21117174610485123,0.43924564654502557,0.3503875201655317,0.2555768348191589,0.044481023429558,-0.5033137999600178,-1.1604360160632619,-0.33973319383591705,high_vol_defensive,False,False,0.3
2018-08-01,88.03119813842521,0.0003430722721766699,-0.03784414388492763,0.00034301343634094626,0.01984123600424792,-0.10851989188345412,-0.3021816027455032,89.37094742766408,101.61448383510945,113.57983749383045,-0.21314425694156658,0.38976521549496407,0.34674135359086133,0.25588946695238146,0.0466069798130624,-0.4214316994072708,-1.1187206232560802,-0.3395066746024834,high_vol_defensive,False,True,0.3
2018-08-02,81.97011093624128,-0.06885158137519765,-0.06552958700534084,-0.07133659590945006,-0.056356031888166735,-0.16178725753702639,-0.3388255728873737,88.57987621289034,100.79260128423203,113.13096875581063,-0.21701478218500003,0.5264257209206827,0.41340890652704587,0.28581187170519884,0.05445147185002275,-2.2541173372042573,-1.56193818725327,-0.3849826845438654,high_vol_defensive,True,False,0.3
2018-08-03,79.71134581403223,-0.02755596029345364,-0.10552220264201362,-0.027942747863385676,-0.0702299538517206,-0.1696055807498037,-0.36312101356351545,87.76583599382523,99.92083901681812,112.65508029979394,-0.2209331726517284,0.5373453003910242,0.4175855391573532,0.2869121073660856,0.06058503790972651,-2.662916747569302,-1.6889613929459424,-0.40193007726836105,high_vol_defensive,True,False,0.3
2018-08-06,80.64657345582485,0.01173267910912612,-0.06937658876788344,0.011664384893294197,-0.060931047590384035,-0.13291398509308805,-0.358334431891134,87.1477279123988,99.07858523078421,112.19741492722852,-0.22326438653757752,0.5440657408018518,0.4150929656222974,0.2886175590963132,0.06433200740642937,-2.05920438213588,-1.561197959690669,-0.3949131147801309,high_vol_defensive,True,False,0.3
2018-08-07,82.9314705095981,0.02833222734534191,-0.057607714628966744,0.027938293173598486,-0.07407896889737564,-0.08607707817872867,-0.3417964000257132,86.7571862977785,98.31820421154497,111.77115141451408,-0.2237962551174666,0.5114560665859017,0.4274380135521663,0.2970593882431322,0.06759626600056295,-1.2060390528580351,-1.3274419358700857,-0.3777696555843968,high_vol_defensive,False,False,0.3
2018-08-08,82.29677304005828,-0.0076532764418587584,-0.06514082756603856,-0.007682713049182779,-0.10051977259977363,-0.0708653911750361,-0.34230629892701436,86.44334624927883,97.55187013057737,111.3482257812858,-0.2236666040905405,0.4859382175129795,0.42132359260531127,0.297064810897597,0.06925856487974269,-1.2598840905010087,-1.3439063210069393,-0.38253175642072246,high_vol_defensive,False,False,0.3
2018-08-09,76.84956865613503,-0.06618976884150485,-0.062468407345320776,-0.0684820400280303,-0.12390446541644129,-0.1313279819635148,-0.388032772831467,85.86243086597976,96.71590001257195,110.85889126465197,-0.22547997831764788,0.5433987761161705,0.47650999644935627,0.32017877322115446,0.07399188609401211,-2.3189691203921385,-1.7573042246056012,-0.4234018367302048,high_vol_defensive,True,False,0.3
2018-08-10,74.55054156811104,-0.02991594004009357,-0.06474365967877926,-0.030372551486967117,-0.1634339687443832,-0.1555612828111964,-0.39251949972214606,85.17575120264004,95.8568920574216,110.3499785735696,-0.22813078621620275,0.524420865206802,0.48322139794057173,0.3219255992556144,0.07686114671518297,-2.316671234513702,-1.8813228822015704,-0.44065131280981207,high_vol_defensive,True,False,0.3
2018-08-13,74.80520786332208,0.0034160220684429365,-0.07243166500685172,0.003410200718529682,-0.13678319193778177,-0.16376803953390984,-0.38567174796576364,84.44325694160543,95.02762422433138,109.83139364581503,-0.23115555454100334,0.5302775738611811,0.47872558532863607,0.3227847824699962,0.07815208488425955,-1.9212040021755772,-1.7867289358885727,-0.43874056535041583,high_vol_defensive,False,False,0.3
2018-08-14,75.53820490459319,0.009798743459283887,-0.08914909574826901,0.009751047095779976,-0.1416211347099391,-0.15810172921360033,-0.3768208712575378,83.7339835512496,94.199589480997,109.3313397352444,-0.23412642931094674,0.5220961808831303,0.48148425970006004,0.32475038432535247,0.07808128597112185,-1.567336619713863,-1.666772708359136,-0.43324092813618187,high_vol_defensive,False,False,0.3
2018-08-15,75.72606819708834,0.0024869970464935776,-0.07984158552330634,0.0024839095872807326,-0.13978146613417208,-0.12271366718851195,-0.37976664691709616,83.20436037221,93.38374422897913,108.82168596649836,-0.23540643913727688,0.5239282798579412,0.4695046744882958,0.32396359703567734,0.07627989520299357,-1.3637107058068472,-1.6021165536640176,-0.43183139999838305,high_vol_defensive,False,False,0.3
2018-08-16,75.39360919621522,-0.004390284730059424,-0.018945577514358325,-0.004399950330263912,-0.08023048480611983,-0.13206504493414972,-0.3873637855533457,82.630765523418,92.57471371414803,108.34181474713307,-0.23731418274397542,0.4275472033808544,0.46727450553067046,0.32239605716521413,0.07334813471122528,-1.2747676829701902,-1.587622723229499,-0.43432582192706937,high_vol_defensive,False,False,0.3
2018-08-17,76.31243120276741,0.012187001210685056,0.023633492092698827,0.01211333759987412,-0.04264028635515116,-0.10987561486392527,-0.38108056833862525,82.15977093883063,91.8086545006255,107.86235138844157,-0.23829056309971375,0.4231578347342934,0.47125189219843433,0.32441681229165664,0.06899606149535138,-1.008877291589077,-1.4642691747796703,-0.42743195003404133,high_vol_defensive,False,False,0.3
2018-08-20,76.47063938540406,0.0020731639674311797,0.022263577224795883,0.002071017928561695,-0.05178067574945655,-0.10955667252148815,-0.37706827437980983,81.68933848467438,91.12970065476671,107.38165908138576,-0.2392617213824093,0.41580400023362946,0.4713252275110312,0.32497273853353337,0.06106113367183804,-0.890626532354854,-1.4024061879229512,-0.42624492258394964,high_vol_defensive,False,False,0.3
2018-08-21,77.77192590883953,0.01701681238569397,0.029570745122519115,0.016873648282479694,-0.06221455581402502,-0.13168473456628949,-0.3569938768132912,81.09961169834988,90.53336373114126,106.91330003368525,-0.24144506181365866,0.39370968169201703,0.4443091259847764,0.32851093171336726,0.05630321855957214,-0.5928081891854557,-1.233632268842604,-0.41648144007622134,high_vol_defensive,False,False,0.3
2018-08-22,74.9963341827644,-0.03568886450527853,-0.009636496806155304,-0.036341281783098936,-0.08870868914556795,-0.18031148448480505,-0.37820933453585526,80.27474346538985,89.89301080907134,106.43590483381696,-0.24579263369136273,0.42098245475014334,0.44260190415429584,0.33353944484423204,0.05159447083974011,-1.014540149372438,-1.4470579200187923,-0.43730655489765635,high_vol_defensive,False,False,0.3
2018-08-23,69.88324054427531,-0.06817791421682817,-0.07308800720229391,-0.0706133776017649,-0.09064889021083122,-0.20332155334510582,-0.41100400655003655,79.38299290530429,89.13818882763626,105.90831932832545,-0.25045555052941804,0.4286046695351026,0.4771690571835611,0.35549705846621865,0.04927386407081933,-1.7640937768046236,-1.8601480007852462,-0.4756698203282155,high_vol_defensive,False,False,0.3
2018-08-24,69.10613987270578,-0.011119986215825106,-0.0944314211522631,-0.011182275463390892,-0.07302967330466859,-0.22452811270476403,-0.41186734106700507,78.38255230802817,88.36042826006327,105.3725442612796,-0.25613875172575884,0.41317666910741446,0.4665757658160457,0.3555293257302298,0.04608885490991589,-1.737047866971532,-1.8573465044895,-0.4815003646987067,high_vol_defensive,False,False,0.3
2018-08-27,66.10150286697754,-0.04347858252917636,-0.13559630992709693,-0.04445209885139294,-0.11635159161976039,-0.23721984146875008,-0.4314758830750466,77.35469468381152,87.56077587532192,104.80965014226325,-0.2619506450139446,0.44513937862524244,0.47682872234764184,0.362652375099345,0.04106472648060476,-1.9974261381402492,-2.041301151672614,-0.5040439938835019,high_vol_defensive,False,False,0.3
2018-08-28,66.69704328909627,0.00900948384361544,-0.14240206205931816,0.008969140577661409,-0.1170422520188763,-0.2420877301888955,-0.42964702985381076,76.28949647662377,86.79392802708163,104.24758617123513,-0.26818932429464526,0.4440770393436338,0.4722244271163473,0.36327945923342725,0.03487003513753721,-1.7352544252802578,-1.8942273188762704,-0.4995756862592513,high_vol_defensive,False,False,0.3
2018-08-29,66.97060036104925,0.004101487239355661,-0.10701501492268428,0.004093099068729352,-0.1156202618793265,-0.23924015829318934,-0.42523549811950623,75.23646658775496,86.0063258702994,103.66620701054647,-0.2742430850190093,0.4456238728097299,0.4738535485899746,0.3641153723484207,0.02506772300441845,-1.5995057001968611,-1.7975547782470738,-0.4975232023221803,high_vol_defensive,False,False,0.3
2018-08-30,67.02544407595491,0.0008189222526002737,-0.040893874497846316,0.000818587118725616,-0.11099302990631199,-0.1823184901129482,-0.42142202076970625,74.48923324474063,85.24342095102337,103.08204367802476,-0.2773791575436101,0.44882026652969137,0.4274843743513817,0.3646094310148954,0.023940337962649678,-1.4290142704791045,-1.7260132398052304,-0.49711171289114664,high_vol_defensive,False,False,0.3
2018-08-31,68.26233411812788,0.018454037257422673,-0.012210286323794062,0.018285827789574688,-0.10548867278582519,-0.14363089192616396,-0.4044226259745729,73.91678265994543,84.52609004797631,102.51302904487189,-0.2789523112463036,0.45900033672689045,0.43309850481227763,0.3688383733034202,0.022782276883255105,-1.0774660739449697,-1.5543106516900944,-0.48783139370451833,high_vol_defensive,False,False,0.3
2018-09-03,66.57031135147288,-0.024787062858515174,0.007092251524731141,-0.02509943476126826,-0.12946574153819423,-0.1745425937043985,-0.39710815822324463,73.21296955472783,83.84297386584402,101.92135273107893,-0.28167192062392077,0.45787622894535057,0.4311423486410544,0.36574645749603574,0.02140006133273589,-1.2672573710481763,-1.645123164624305,-0.5005265491429225,high_vol_defensive,False,False,0.3
2018-09-04,66.71435180554784,0.002163734120371741,0.0002595095014412685,0.0021613966189137413,-0.14217950724600614,-0.19554842817086393,-0.37991343790343257,72.40211361952531,83.15642213021687,101.32532064098454,-0.2854489562775707,0.4358010848452947,0.41044990087615474,0.36450117358383954,0.023022285678093803,-1.1601476021043737,-1.5697940101382206,-0.4994458213950833,high_vol_defensive,False,False,0.3
2018-09-05,67.25984707310535,0.00817658049271719,0.004319010289540737,0.00814333336735232,-0.10315820358372996,-0.18271586371477355,-0.37148541813709046,71.65026732117767,82.47008886964248,100.74073760383617,-0.288765706650442,0.43274959045735106,0.4157153195882884,0.36591989344994685,0.023531529005103403,-0.9896891013915836,-1.4672972165239975,-0.4953529998627543,high_vol_defensive,False,False,0.3
2018-09-06,72.60144686685051,0.07941736453755732,0.08319232893968942,0.07642141828586406,0.038896397782999914,-0.05527840772005932,-0.3254179572588316,71.43786123171344,81.91328470242983,100.18828440017646,-0.2869639233827661,0.509291760517635,0.47093401858661355,0.40619891548500203,0.023339635429163914,0.2723234946659127,-0.9195911305714368,-0.4552752650900699,high_vol_defensive,False,True,0.3
2018-09-07,70.55343729669539,-0.02820893602728225,0.033563211808766535,-0.028614452388362206,0.020943109058841225,-0.053616032658378554,-0.3466921553348751,71.23800601814266,81.30157032912685,99.60753829360175,-0.2848131051270183,0.5305380224175912,0.4696494656036849,0.4081599806599056,0.022765899248886116,-0.1625047333339383,-1.0899299320296507,-0.4706413702896224,high_vol_defensive,False,True,0.3
2018-09-10,72.10031564482424,0.0219249182945378,0.08307012812595183,0.021688023617566023,0.09075153389354385,-0.03615914313666502,-0.32034771825599284,71.10276140721776,80.79568922896358,99.04069817188001,-0.2820854182204714,0.469703400780592,0.4771912430348553,0.4116811669441654,0.022693362084253883,0.2412606786882713,-0.8996064672510768,-0.4590352255847139,high_vol_defensive,False,True,0.3
2018-09-11,71.79664790852773,-0.004211739346501764,0.07617995177099601,-0.00422063370325641,0.07645923069374128,-0.049531981873161324,-0.3164791163499281,70.9156835574145,80.27559308293185,98.44989312514814,-0.2796773941921149,0.4744454683500596,0.47541421518985,0.4116230059713576,0.022394381980544914,0.21990266087195967,-0.899264145211692,-0.4613136282101902,high_vol_defensive,False,True,0.3
2018-09-12,72.83646002389095,0.014482739036618897,0.08291147234878982,0.014378865882328735,0.0875885781405259,-0.03815869808104588,-0.3151295251667978,70.77120314875462,79.75737752946756,97.86861859803652,-0.2768754258254702,0.47505046686788366,0.47884766790525496,0.4120263716679888,0.022759049235022547,0.5331829483931264,-0.7606158119997926,-0.45351197406497534,high_vol_defensive,False,True,0.3
2018-09-13,71.21608270478596,-0.02224678847068473,-0.019081770706378287,-0.02249798073997715,0.06252310128795435,-0.055409557069446835,-0.3228523776171509,70.56232682418315,79.22586847892897,97.30300276100581,-0.2748186096836366,0.49941846616393337,0.4844337683400149,0.4132525798503292,0.023453137720942624,0.1757082172571956,-0.9106922926636452,-0.46566957757971383,high_vol_defensive,False,True,0.3
2018-09-14,71.42366390782445,0.0029148079359964107,0.012334290779760781,0.0029105681201789524,0.04631148100247917,-0.06406252844904359,-0.31408400428187344,70.317888459436,78.73449875317877,96.75101409016389,-0.2732077371932703,0.4950916769035716,0.4818406526192753,0.41358879306298313,0.023871347020313405,0.3181577840710287,-0.8579287798395299,-0.46411210702399897,high_vol_defensive,False,True,0.3
2018-09-17,68.58738470607885,-0.039710637155298434,-0.04872282329595545,-0.040520620308128,0.030299893656143162,-0.10308864608277202,-0.3190705211899961,69.92372572546975,78.24607174561328,96.17556075921246,-0.2729574418543549,0.5249671408498826,0.49868990011445347,0.4157768773305507,0.025350114622118697,-0.4208843222463816,-1.1518411382748872,-0.4853925566978863,high_vol_defensive,False,True,0.3
2018-09-18,69.63059187591647,0.01520989864693223,-0.03016931981797988,0.015095387810746192,0.04371233462431867,-0.10468217081914555,-0.3108743473282841,69.51665902382359,77.82383752709153,95.6043141657762,-0.27287110806231063,0.5281336117400445,0.4976741001862945,0.4176476690745717,0.0263534346203012,0.04411688508215348,-0.9902221302923561,-0.4775654296423042,high_vol_defensive,False,True,0.3
2018-09-19,71.43207483297655,0.02587200407933299,-0.019281348797755227,0.025542986607030402,0.06203147853334201,-0.04752578094153015,-0.2967658097194906,69.33844605633422,77.48100754355002,95.05149112932348,-0.27051700891262254,0.5386899760189908,0.49537253258149344,0.4220972798224301,0.026831472019106798,0.9138452961268354,-0.7400056056131276,-0.4640490003068253,high_vol_defensive,False,True,0.3
2018-09-20,69.98392436969569,-0.020273112137186966,-0.01730168647716801,-0.020481432011910845,-0.03605331036935533,0.0014407435121241985,-0.3032380419140439,69.34348024760523,77.11132850450161,94.49424074130678,-0.2661618347996024,0.36579178404813933,0.4360918793746939,0.42303067705287534,0.027474185365206422,0.27937951395790184,-0.8815995935208314,-0.4749143950236424,high_vol_defensive,False,True,0.3
2018-09-21,82.25131130200567,0.17528864010978484,0.1515974790673691,0.16151376858608077,0.16580161723542552,0.1902171276461604,-0.18675106075598125,70.00073881907022,76.99067203384361,94.04914522614062,-0.25570042501977186,0.9460071369705688,0.7555885120648878,0.5622240746327927,0.07084827932479539,3.326016949677966,0.6610077998726006,-0.382872853386113,high_vol_defensive,False,True,0.3
2018-09-24,80.0676804795157,-0.026548279752917736,0.1673820312967751,-0.026907049393457613,0.11050388286702884,0.21128381363194793,-0.17790237831307187,70.69904769969713,76.80292378175362,93.57984111180741,-0.24450558090575025,0.9698291763877706,0.7420394662946431,0.5599086548937321,0.09219594622352795,2.234003093804428,0.42034299952994436,-0.39925651751753843,high_vol_defensive,False,True,0.3
2018-09-25,78.81742327666545,-0.015615004648100284,0.1319367127759039,-0.015738203011411683,0.09778695207445498,0.18172289789569485,-0.19410786774761501,71.30506669907558,76.58479879305276,93.10054755318976,-0.23410690298746184,0.9768560234248419,0.747861439069253,0.5603435805276847,0.10836464212205706,1.6871680625880638,0.295843570269464,-0.40863712978881805,high_vol_defensive,False,True,0.3
2018-09-26,78.8435537055844,0.0003315311238636376,0.1037556152461967,0.00033147617956408727,0.0824737182411539,0.17728605209638482,-0.20156193181395632,71.89871436630234,76.43529923160683,92.6274629227525,-0.22378620662143234,0.9780003137590461,0.7483326770794824,0.5597681084169946,0.12085140732046129,1.4992545813234934,0.3244356745890494,-0.40844107459184575,high_vol_defensive,False,True,0.3
2018-09-27,80.39729564366623,0.019706645186032157,0.14879661819135892,0.019514983171782845,0.12892049927738092,0.19950410999974877,-0.17787060553691492,72.56730694468791,76.30593502103905,92.1916705831506,-0.21286482297511733,0.9623932830921574,0.7485394991521611,0.5615424592312294,0.12911125470341575,1.6138951303288855,0.5610261106519722,-0.39678343274219674,high_vol_defensive,False,True,0.3
2018-09-28,81.51898852342867,0.01395187326616032,-0.008903478461128711,0.013855441780453306,0.1413442557166027,0.19420159853251096,-0.15077442939296792,73.23013966495294,76.22166833361733,91.75526719067227,-0.201897156347691,0.9605173822826218,0.7480448701170228,0.5615851075493393,0.13510301472729666,1.6157342909023709,0.7351963859673538,-0.38836743164376764,high_vol_defensive,False,True,0.3
2018-10-01,81.08411806483848,-0.005334590951962204,0.01269472999886423,-0.005348870689286876,0.18220163098961328,0.21802221468871763,-0.12820964620903808,73.95583000062122,76.12576492554352,91.30927650338191,-0.1900512978231511,0.9205408825943975,0.739218839051965,0.5583855387064983,0.13828040651793905,1.3801562263870604,0.6978323077587383,-0.39163024120884615,high_vol_defensive,False,True,0.3
2018-10-02,79.8925945389874,-0.014694906404461139,0.013641289167090287,-0.014803946078580797,0.14737778879372576,0.19753235063798802,-0.11956615523291592,74.6147421372932,75.93228758361667,90.84823561612549,-0.17868804351276646,0.9354346474948388,0.7442557249093262,0.5570585479200114,0.13864978144673779,1.049010911962397,0.5773581974228305,-0.40057017787358684,high_vol_defensive,False,True,0.3
2018-10-03,80.22904430822739,0.004211276041057976,0.01757265543631692,0.004202433435187645,0.12315153235881815,0.19282228252802436,-0.09421015009372036,75.2632019990493,75.70699449294192,90.39923274583414,-0.16743538951642656,0.9348793573237982,0.744519157203335,0.5552145829394876,0.137283870426034,1.0204120313253489,0.694191671785185,-0.39804581342537027,high_vol_defensive,False,True,0.3
2018-10-04,80.24211512015718,0.0001629187040990132,-0.001930170937550324,0.00016290543428818793,0.14657924434576985,0.10524126698631076,-0.09298020415917718,75.64523541171465,75.55747176042534,89.9458747434411,-0.15899160881493624,0.9199609703532349,0.6979565449504599,0.555220243656938,0.135491666383975,0.9294484429511809,0.7417609021430028,-0.3979477438293666,high_vol_defensive,False,True,0.3
2018-10-05,79.74766366406628,-0.006161994301253082,-0.021728984761057446,-0.006181057741021701,-0.030438999674383793,0.13031578218800033,-0.09669315089061925,76.10494673008319,75.37012599734209,89.51614258022705,-0.14981874177748833,0.22084925170373249,0.6879993219992351,0.5553157361995085,0.1322977444974793,0.7473145957841564,0.724994316078152,-0.4016575864009466,high_vol_defensive,False,True,0.3
2018-10-08,80.12071295981536,0.004677871157712454,-0.0118815512583208,0.004666963920302363,0.0006623456553513929,0.1112394202890965,-0.10434710649099121,76.50596659583275,75.23936714951219,89.09967483298831,-0.14134404262149858,0.17935028192937472,0.6857448423077207,0.5546446156791927,0.12848933153715283,0.7441581547320564,0.8334711642229177,-0.39885861768193553,high_vol_defensive,False,True,0.3
2018-10-09,79.78001392884224,-0.004252321508222301,-0.001409149506218843,-0.004261388339844662,0.0122129170449774,0.11119413305319892,-0.1108253650607599,76.90513489684847,75.07494727943201,88.6853322444382,-0.13283140570664675,0.15939102430036223,0.6857529516880942,0.554605891094084,0.12351669071532848,0.6017540385858029,0.8400589223804023,-0.4014148641114491,high_vol_defensive,False,True,0.3
2018-10-10,79.4893482513544,-0.003643339517928501,-0.009219803915788805,-0.003649992643997205,0.00819083508312568,0.09134008194908505,-0.07911607607157833,77.23777930822163,74.90411028169059,88.25929705840002,-0.12487656391468416,0.16127703221159181,0.6858320992087545,0.5493749009677985,0.11761876198732284,0.4779956355612601,0.8617417749024997,-0.40359571299187647,high_vol_defensive,False,True,0.3
2018-10-11,80.15322579795905,0.008351779970636963,-0.001107763947461038,0.008317096833114185,-0.0030357967112343287,0.12549332613842967,-0.07727210339166435,77.6846364628803,74.86777257892496,87.8301869315785,-0.1155132514587699,0.13144131497030437,0.6781528367027715,0.549502320786002,0.1108039060961578,0.5449951431934084,1.00147212721435,-0.39861467561323993,high_vol_defensive,False,True,0.3
2018-10-12,80.16514623598778,0.00014872062739890168,0.005235044548516532,0.00014870956958273136,-0.0166076924157591,0.12238916137716793,-0.06493672946873141,78.12171057928848,74.87684858736407,87.3988438020911,-0.10614709324771021,0.10527343451957445,0.6784298367660779,0.5489087166316419,0.10233224430266949,0.4741094295806191,1.0003275598598738,-0.3985252372104886,high_vol_defensive,False,True,0.3
2018-10-15,79.13087635782122,-0.012901740054485744,-0.012354315949367534,-0.012985690354383737,-0.024089078769474415,0.15372348277930348,-0.07858020520490083,78.64888516187558,74.84653464540399,86.9625599380941,-0.09560062148741666,0.11868196968499788,0.6606064536539049,0.5494678354233011,0.09393439168829398,0.13092362736368943,0.8149676494368487,-0.4062853082493324,high_vol_defensive,False,True,0.3
2018-10-16,78.49639598670515,-0.008018113792232273,-0.016089467511023137,-0.008050431735179624,-0.0174759445520436,0.1273262781765201,-0.12359610334609794,79.09217536741502,74.75783315494613,86.53801868324554,-0.08604129640504576,0.10303178374746766,0.6623519513850646,0.5420189213440728,0.08373848484956188,-0.19785716188735022,0.7253315401555187,-0.4110457802079094,high_vol_defensive,False,True,0.3
2018-10-17,77.63836508915037,-0.010930831750544434,-0.023285927019441766,-0.010991012242297593,-0.03229103925411392,0.08688380213910141,-0.15143484117683814,79.4024898802237,74.66466499592796,86.10826756325267,-0.07787611890000101,0.10651264468465818,0.6611513523177667,0.5401722638916691,0.07080794029104721,-0.7208809715437112,0.5881061424194275,-0.4174835396932298,high_vol_defensive,False,False,0.3
2018-10-18,77.90265358966761,0.0034040966758350777,-0.02807837346390063,0.0033983158540153062,-0.029155033201534897,0.11315068840867792,-0.11189915394965455,79.7984263412223,74.68572669459863,85.70081335358529,-0.06887200694363149,0.11059094675602192,0.6544921642163947,0.5340928482919582,0.03744741428686832,-1.6801443844588955,0.6347693756011834,-0.41550059734708045,high_vol_defensive,False,False,0.3
2018-10-19,78.52020816319929,0.007927259792515962,-0.02051936720661829,0.007896004141059192,-0.015391742459535895,-0.04536223289020569,-0.11888850791997141,79.61187118428198,74.76512002650038,85.31100604196101,-0.06680421579925877,0.1211806069386986,0.1737928176042914,0.5332332009818491,0.12410736714408373,-1.0884887548770728,0.7367658522116179,-0.4108671187336803,mid_vol_neutral,False,True,0.6
2018-10-22,80.41835315866466,0.024173967948737385,0.016270220425989024,0.023886402762485465,0.003714897032913056,0.004379703234174137,-0.07201014333014844,79.62940481823942,74.87738293240723,84.9525035783693,-0.06265970437491919,0.17616447517125133,0.1730407959799642,0.5330051743401928,0.16673373981545772,0.7778215589629026,1.074027667142923,-0.396625439344401,mid_vol_neutral,False,True,0.6
2018-10-23,80.38351645362928,-0.00043319346476344833,0.024040854910635012,-0.00043328732015841305,0.007564582845589918,0.019869885513340346,-0.08656140652747157,79.70770947708762,74.97428916338797,84.58693932219248,-0.05768301683691168,0.17435864186940125,0.16262894479199388,0.5319355130252842,0.19726913061394152,0.66994039349314,1.036865129157318,-0.3968868172608815,mid_vol_neutral,False,True,0.6
2018-10-24,80.20133543029485,-0.0022663977811859803,0.03301164750444552,-0.0022689699477405375,0.008957013670423564,0.017221214175360933,-0.0889441797193109,79.77559856332314,75.0637945080521,84.2237693685156,-0.05281372275954288,0.17350933109830485,0.16303868548673664,0.5319346992029729,0.21954773731303798,0.4286921575650794,0.9751975866885823,-0.3982537116400454,mid_vol_neutral,False,True,0.6
2018-10-25,79.30311994277967,-0.011199507872232783,0.017977132852093458,-0.011262694576804629,-0.010606009261838412,-0.013609608285036323,-0.032536139856344404,79.72088977827882,75.14198472298338,83.8583492185657,-0.049338670255756556,0.1778465364528703,0.1523222387855565,0.5133316273000065,0.23693168045553364,-0.4231969573140694,0.7848083960849092,-0.40499297393361966,mid_vol_neutral,False,True,0.6
2018-10-26,78.27484059294576,-0.012966442563367653,-0.0031248970932876707,-0.013051240697410857,-0.023580143388965857,-0.03979622403620153,-0.01802133945195017,79.55868238175466,75.18123291078695,83.4949437057062,-0.04714370893913822,0.18738535481763108,0.14802622941764157,0.5108588081217487,0.24977002242519286,-1.3633921638731887,0.5817038663433824,-0.4127080983619096,mid_vol_neutral,False,True,0.6
2018-10-29,78.24247287123156,-0.0004135137353077356,-0.02705701126632265,-0.0004135992556890938,-0.011227014377705125,-0.03504564471348892,-0.029810325244756575,79.41660012207433,75.21666958050349,83.1731851176351,-0.045165818649937295,0.1778872635559607,0.14758030574919867,0.5102919334781754,0.25880420005823684,-1.2855484341230097,0.5673913325316411,-0.41295095162987194,mid_vol_neutral,False,True,0.6
2018-10-30,78.18508851643855,-0.0007334169369549448,-0.027349238179433577,-0.0007336860187307831,-0.003965882335786763,-0.021372519348030194,-0.05723257967082862,79.33122482094689,75.22493283265548,82.87914828189837,-0.042808396737908816,0.17363079400519643,0.1394224576949931,0.506859290526724,0.26433236297742807,-1.2119149884193252,0.5546279563583264,-0.41338150334476986,mid_vol_neutral,False,True,0.6
2018-10-31,79.5707571746701,0.017722927536754085,-0.007862440846421959,0.01756770773937393,0.02488965453227676,-0.008205097533360184,-0.03312421331588877,79.29831046426901,75.3164212924936,82.60471605078246,-0.040026837989259434,0.18398299503121437,0.1536951446206369,0.5079974439876442,0.2653027977038687,0.29484352137505015,0.7919044455680957,-0.4029849062368296,mid_vol_neutral,False,True,0.6
2018-11-01,79.72242503604761,0.0019060753819970522,0.005287371966834042,0.0019042611253569188,0.023359556607213783,-0.006476525242777642,0.03738285627557958,79.27232596006354,75.51320498232903,82.32569690498265,-0.037088917066116056,0.18393547560690268,0.15389936005845584,0.4889603048667229,0.2656341049276026,0.49835337855577694,0.7868640115084978,-0.40184695046392693,mid_vol_neutral,False,True,0.6
2018-11-02,79.99731583477072,0.003448098807817379,0.02200547747880277,0.003442167745139504,0.01881181553290534,0.0031305264534906563,0.0730614983082769,79.28480856859876,75.73102850157034,82.0457283808168,-0.033650987890596507,0.18150577139251578,0.15280489300666192,0.48469692880180626,0.2636774468790258,0.7814532312119398,0.804246701205772,-0.3997844596469293,mid_vol_neutral,False,True,0.6
2018-11-05,81.48224725282398,0.018562265528012212,0.04140685055959725,0.018392089355123657,0.013229493671180537,0.01699353691087957,0.08925901792428181,79.3528852832492,76.03864338928726,81.7997096323046,-0.029912384286619687,0.16354115129596442,0.16561246859302473,0.4859304993699761,0.25842961806216885,2.084188526961284,1.0510158950042503,-0.38864309941285624,mid_vol_neutral,False,True,0.6
2018-11-06,76.07326482195336,-0.06638234232896856,-0.027010568569493687,-0.06868828465926693,-0.05362108827575829,-0.04646212659470106,0.007083301993156432,79.16754782790474,76.22616781994441,81.51004792351301,-0.02873878933068985,0.3781273481815095,0.2907702269328236,0.5053097620330106,0.24728926618487623,-2.474113199388782,-0.03057502156323738,-0.4292264024728093,high_vol_defensive,True,False,0.3
2018-11-07,73.95533759802845,-0.027840624809278736,-0.07057139803652923,-0.02823552171709559,-0.07787897544043965,-0.06961952481767464,-0.02338336904606353,78.89084729523844,76.36586256468398,81.1860942174917,-0.028271429293106,0.3939728378101202,0.30470205588756805,0.5086353577209938,0.23378667779675136,-2.894259076621688,-0.4988888463806492,-0.4451170960526061,high_vol_defensive,True,False,0.3
2018-11-08,75.54695101107298,0.02152127844639784,-0.052375150694257355,0.021292965647325926,-0.047364705630962844,-0.05746836438619496,0.0020338834616429047,78.66053355589415,76.53629270338635,80.88985682720485,-0.02755998537706572,0.419460211376142,0.31486771959072674,0.5104302160832511,0.21841558500182107,-1.6994173742113492,-0.21312052911979115,-0.4331753065716084,high_vol_defensive,False,False,0.3
2018-11-09,74.81373150075541,-0.0097054811677324,-0.06479697824764108,-0.009752886326031392,-0.044217389214361136,-0.06675488022536669,-0.01963899823909232,78.39296281913252,76.66732065103889,80.5967053495076,-0.02734283642015578,0.41793774810130985,0.31560092985846305,0.5102643639572769,0.20012660830295123,-1.802942170255826,-0.4124624073281854,-0.43867661295908333,high_vol_defensive,False,False,0.3
2018-11-12,75.42598750659914,0.008183738380133532,-0.0743261256336415,0.008150433177192233,-0.035996885850830385,-0.0468197626735356,-0.013660823123760935,78.20771837657142,76.84443417414143,80.34370401999271,-0.026585600819322153,0.4223191286416934,0.3159287512978568,0.5105161791318573,0.18015142680367313,-1.335332210850534,-0.3332727620604925,-0.43408288921289007,high_vol_defensive,False,False,0.3
2018-11-13,75.63646818139208,0.0027905590864756302,-0.005741789071148529,0.0027866727049074987,-0.03259726865322443,-0.03643387405706444,-0.027457950957142763,78.06472198630577,77.02287650165832,80.08964931593759,-0.025283258784713714,0.42329558449493704,0.31561913867098,0.5093523263155869,0.1554221289580604,-1.1246649784367928,-0.3464123362711703,-0.4325036640771911,high_vol_defensive,False,False,0.3
2018-11-14,76.75509125610907,0.014789467324601846,0.03785735754866271,0.014681169623894177,-0.0353856871360444,-0.011376770131970915,0.023451240550752983,78.02055829465371,77.21278138531838,79.84143512748044,-0.022806163615663788,0.4195177723400884,0.3187893951921825,0.5047224409185541,0.12371667717711884,-0.5812284738181204,-0.1221617009097952,-0.4241106955602294,high_vol_defensive,False,False,0.3
2018-11-15,77.26016656987234,0.006580349335759239,0.02267749440408595,0.006558793349342094,-0.030885393476953626,-0.00824730596700085,0.1055607319887133,77.98843394366395,77.30595577937882,79.60962024090432,-0.020364200863344784,0.4217835273310034,0.3194874751896049,0.4838695250478823,0.0784457001605307,-0.3334879149838483,-0.012419002091511908,-0.42032114275828836,high_vol_defensive,False,True,0.3
2018-11-16,77.81492216611,0.007180357237981605,0.040115505605067714,0.007154701212693719,-0.027280836186657997,-0.008982222711679477,0.12602038414308603,77.95316964380947,77.45118547676711,79.37637790294698,-0.017929871540342424,0.42374446082102496,0.31924586474963623,0.48318613983329023,0.08073505560448048,-0.06340341237346,0.10227900328328252,-0.41615884147998783,high_vol_defensive,False,True,0.3
2018-11-19,77.33461029938574,-0.0061724904858085905,0.02530457811532938,-0.006191619059790147,-0.05090233877041839,-0.03834625726784924,0.16993724719109138,77.79898250084554,77.55587136985835,79.17578029941097,-0.017389128258148312,0.4073042396323619,0.30636132914956393,0.47401501621027026,0.08160074514262275,-0.22064004885773267,-0.06373417297029729,-0.419762595476176,high_vol_defensive,False,True,0.3
2018-11-20,76.98146464316935,-0.004566463254282449,0.017782380564778544,-0.004576921397571944,0.011938488815244064,-0.04232275422315557,0.15419606097822913,77.62887991032252,77.65956770455118,78.96758039374151,-0.016952532631037576,0.2222102594264096,0.306473160719372,0.47410030446929485,0.08140891157627997,-0.32041072219267525,-0.20109254231435517,-0.4224122282626943,high_vol_defensive,False,True,0.3
2018-11-21,76.80459549588466,-0.0022975549777407567,0.000644963597403736,-0.0023001984069040238,0.03852673776357918,-0.04235266054095055,0.14684048047678777,77.45904291360203,77.73893041399106,78.74815397172932,-0.016370047970776347,0.15546779040536352,0.3064735694395731,0.47420696407787033,0.08056605374104668,-0.3384136151764651,-0.2829399810326132,-0.42373926792273153,high_vol_defensive,False,True,0.3
2018-11-22,77.96332028761712,0.015086659649090395,0.009101115736126042,0.01497398781379538,0.03198500064138887,-0.016894665129559505,0.16318991037593333,77.3920529308439,77.87387516564768,78.54987182228831,-0.014739920824617836,0.13725489696053825,0.31016671287385095,0.47486638912128676,0.07846757128862207,0.30236676325203193,0.02825834114310155,-0.4150454183887462,high_vol_defensive,False,True,0.3
2018-11-23,78.12857867430147,0.002119694057085786,0.004030801541148099,0.002117450675267349,0.04430800478803265,-0.0018685687193527034,0.1445342396159508,77.3847398349117,78.00797346097721,78.37123610707799,-0.012587478789009454,0.11758091791750036,0.30683609203130363,0.47376524659156266,0.0750020428312569,0.3943997010525874,0.039864782298273845,-0.41380549363843966,high_vol_defensive,False,True,0.3
2018-11-26,78.96452768307334,0.010699657192750678,0.021076169872424444,0.010642820920378058,0.04691407157466254,0.009228425244561356,0.18618233984459565,77.42084257550377,78.21551632051711,78.2307940330652,-0.010353358515306499,0.12050803971521407,0.309121964777011,0.47055381671506696,0.0704539809251807,0.8081936651345029,0.27691191117493186,-0.40753341337209725,high_vol_defensive,False,True,0.3
2018-11-27,79.25259767342143,0.003648093628879412,0.029502335929556978,0.003641455474823391,0.047809338259384715,0.013653615762786231,0.18793925937283773,77.47421803335291,78.4079564364672,78.11589698177936,-0.008214447676074377,0.12021986692576733,0.30925412599931607,0.4705489331674003,0.06362730908085722,0.9133569491882308,0.35082724627193224,-0.40537203979209613,high_vol_defensive,False,True,0.3
2018-11-28,80.76403410294876,0.019071127936469034,0.051552105463223974,0.018891553508653472,0.05223031829202096,0.014996425453879025,0.20077635643693315,77.53388187976685,78.59459562186665,78.03780158270834,-0.006457379535575569,0.13165240302939596,0.3102643216666963,0.47156169720419594,0.05653351791947766,1.5902896343725683,0.9819564159938381,-0.3940318138883696,high_vol_defensive,False,True,0.3
2018-11-29,81.35369683082881,0.007301055902289688,0.04348681573211777,0.007274532216013192,0.05298371001121738,0.020461893802698583,0.12055200470081173,77.6154454695059,78.82199107108931,77.96665978779546,-0.004504673141641269,0.13192338886447885,0.31107910079088963,0.44432190095164814,0.04710596887981551,1.7364664413697808,1.3589975806570764,-0.38960760628655955,high_vol_defensive,False,True,0.3
2018-11-30,80.16753314176226,-0.014580329293862548,0.026097421738090043,-0.014687666917935764,0.03023341680699998,0.0021277877290672986,0.13626686683792766,77.62395633485548,78.78031550788444,77.88549377086403,-0.0033579736526802018,0.16410959631112312,0.3158968597012222,0.44119700617260027,0.03316107504519342,1.1759396379163736,0.7676441128964867,-0.3985073283853705,high_vol_defensive,False,True,0.3
2018-12-03,81.05303936390814,0.011045696274326167,0.026448732641283,0.010985138101284318,0.04808234049576554,-0.0052675018594429135,0.1241703817662354,77.60249594040968,78.80002268557229,77.80147323366296,-0.002557500327219797,0.15977728018483617,0.31122555358730714,0.4397106972121621,0.00666051076876881,1.624161134692967,1.2333789707292786,-0.3918634230234823,high_vol_defensive,False,True,0.3
2018-12-04,80.0487147049977,-0.012390956178722212,0.010045311509622179,-0.012468364180341836,0.03984400759385287,0.052258173648110695,0.11493665842148348,77.80126843456192,78.82464851413893,77.70472365359583,0.0012424570402755908,0.17650782323955144,0.19654087388264016,0.44054725442639736,0.026231035982575437,1.0406840734553868,0.6669854523334532,-0.3993988166994765,high_vol_trend,False,True,0.3
2018-12-05,80.07260121492885,0.00029839966849154465,-0.008561148482733594,0.0002983551561652222,0.04254961175102223,0.08271564724847491,0.09934778802627675,78.10713161540693,78.84922946432583,77.64226434796633,0.0059872966269662875,0.17439510346273188,0.16082944613270625,0.4398124382690542,0.041781215992107094,0.9756415671971687,0.6635447184652952,-0.39921959750548397,mid_vol_neutral,True,False,0.6
2018-12-06,81.40584303681575,0.01665041227158648,0.0006409813938188513,0.016513313893815187,0.044155671365697424,0.07755299118403913,0.14308229187878374,78.40007621669407,78.86940041218881,77.58766771661394,0.010470845741199941,0.17727380349114139,0.15461270319521045,0.4378984657421619,0.052556011915676173,1.467402069116169,1.3590379691478134,-0.38921635611926064,mid_vol_neutral,True,False,0.6
2018-12-07,81.78957480930903,0.004713811173477245,0.02023314930594755,0.004702735956271903,0.04685860407456466,0.09324282011629359,0.14513272400674193,78.74886838212174,78.87481213790643,77.54824023576188,0.015482339028064507,0.1768228334516482,0.14616509168343858,0.43791982990885786,0.061307597740839034,1.5212195435839502,1.5549005038428,-0.3863372373541585,mid_vol_neutral,True,False,0.6
2018-12-10,80.48948824750018,-0.01589550459016298,-0.006952868403586443,-0.016023193045930643,0.019311969680200214,0.06713204438268727,0.1735319635298247,79.00204341916681,78.86291954155966,77.49434223355158,0.019455629174467193,0.20018491865792587,0.1622397711618303,0.43075037094776714,0.06632596752257768,0.7943579285376737,0.873509364323208,-0.3960917166146076,mid_vol_neutral,True,False,0.6
2018-12-11,79.32953970705654,-0.014411180462184925,-0.008984216680948953,-0.014516030080316726,0.0009708455734431798,0.04882659931724609,0.139291474764768,79.18669699545003,78.85165844492104,77.39197301426886,0.02319005332568902,0.21589798268898305,0.17402351068920702,0.43144369943363864,0.06923660525181148,0.08417245358002798,0.2572780475764719,-0.40479474786908276,high_vol_trend,False,True,0.3
2018-12-12,80.52610284981708,0.015083449963016804,0.005663630605317049,0.014970825826473827,-0.0029460050599798837,0.04913044245006826,0.1273101479707024,79.37524757513543,78.85759961575283,77.28229705434738,0.027081888098075213,0.20686744075773944,0.1743030360724842,0.42951127561844277,0.07114299845322399,0.710229155939729,0.8958817381341545,-0.39581699923084135,high_vol_trend,False,True,0.3
2018-12-13,81.21018918553368,0.008495212254248097,-0.0024034374435947248,0.008459331007948356,-0.0017639966084583847,0.05112625031799567,0.16041205058084973,79.57274870591849,78.87696109706036,77.21721642874284,0.03050527312583662,0.20816562607387826,0.17503465256603248,0.42708306649032257,0.07216769438465158,1.030183938162182,1.2397398933415742,-0.3906843363988989,high_vol_trend,False,True,0.3
2018-12-14,81.45862272429427,0.003059142470325016,-0.004046384710843287,0.003054472815001584,0.01610489348910038,0.04682521625358871,-0.009637397448909346,79.75493373382771,78.91118027826492,77.14065313780351,0.033889790787149154,0.19201359823355796,0.17419923124971573,0.23072151333062935,0.07247999263663656,1.0740729228631045,1.3313164669815707,-0.3888203529745424,high_vol_trend,False,True,0.3
2018-12-17,83.81650290448214,0.02894574081086998,0.041334772147533005,0.028534725443045368,0.03409450851271267,0.08381619277582208,0.046820669744835675,80.07902836408253,78.98509607715826,77.11223161333523,0.038473750385331185,0.2331243863414314,0.194801436120903,0.2315338571640689,0.07188493863972983,2.1703975383073932,2.3811231701523505,-0.3711293053228646,high_vol_trend,False,True,0.3
2018-12-18,82.97206886509444,-0.010074794463209913,0.04591642875388935,-0.010125888670381928,0.03651968892780011,0.07781878728461744,0.052712273704321966,80.37855857517879,79.04893717588331,77.06194222765765,0.04303831763963495,0.2289691813790409,0.19898936697321695,0.23012324577878726,0.07069934447782014,1.5481401168133335,1.8651200995415254,-0.37746504831567274,high_vol_trend,False,True,0.3
2018-12-19,85.52101009658054,0.030720473363517797,0.06202842395190866,0.030258046415789608,0.06804336063751948,0.1134881909659029,0.08469248374991989,80.81437930521358,79.16957041278783,77.0368403472392,0.04903548667036883,0.26453263234026103,0.2190154670542344,0.23805850253738678,0.06872987968692158,2.5807454006307293,2.7692484190663973,-0.3583404799145955,high_vol_trend,False,True,0.3
2018-12-20,83.66013478229114,-0.02175927660568877,0.03016795824918339,-0.02199950079442473,0.027692014005135768,0.07307044484069825,0.04058394144358224,81.09922002994728,79.23970859247446,77.05374058569971,0.05250205134101371,0.2929404291300059,0.23597396090386802,0.23965169407399062,0.06617131091139476,1.4229359036015519,1.860150057216599,-0.3723025268988074,high_vol_trend,False,True,0.3
2018-12-21,82.9523385749882,-0.008460376129501013,0.018337111538818673,-0.00849636826004271,0.014216527820203773,0.0617412985432102,0.017583020563946006,81.34040802498161,79.29545243925448,77.08615051330926,0.055188350739317826,0.29806135421404145,0.23983318968072792,0.23878904596228384,0.06356238096261706,0.9475206066618408,1.5045171220950924,-0.3776130836167808,high_vol_trend,False,True,0.3
2018-12-24,79.91439547201294,-0.03662275416417571,-0.0465553595920849,-0.0373102036700635,-0.00714494262553711,0.012029044139311829,-0.014426038301238897,81.38790141442858,79.3111228215383,77.07882873347116,0.05590475039336229,0.3463234996996521,0.2760557879476874,0.250330526687975,0.061623186513862165,-0.8964700579410357,0.24805138172982297,-0.4004066066504829,high_vol_trend,False,False,0.3
2018-12-25,79.83246891880492,-0.0010251789145637735,-0.03783923902625885,-0.0010257047698951258,0.006339747004779905,0.007316747493539388,-0.0007525806431675219,81.41689497669776,79.3378442801803,77.04783871756322,0.056705760107695236,0.33768211533249426,0.2759016248271755,0.24849153939235866,0.05955472229208505,-0.9848672061405764,0.20352812242996043,-0.4010212971546565,high_vol_trend,False,False,0.3
2018-12-26,78.24802873772106,-0.01984706476628384,-0.0850432116113451,-0.02004666313211179,-0.02828988404349675,-0.031152546961938365,-0.024692000105293266,81.29109470843639,79.35003755315172,77.00735127453984,0.05562772076946931,0.34191741486727006,0.2757579454875341,0.251666569152562,0.05726871235110301,-1.7346337136228651,-0.4547985724821127,-0.41290926626365276,high_vol_trend,False,False,0.3
2018-12-27,77.22962280835043,-0.013015100134780577,-0.07686470970522385,-0.013100538687754154,-0.049015602809263314,-0.05069313606060455,-0.037542533709333914,81.08489100731246,79.33657693752536,77.011151816062,0.05289804262349462,0.3393137593200327,0.27664710162603673,0.2530104614958176,0.05480772833392849,-1.951993879509161,-0.8659463319719667,-0.42055031095143314,high_vol_trend,False,False,0.3
2018-12-28,78.17574248058777,0.012250735376310162,-0.05758241631828653,0.01217630240683688,-0.04030119997017101,-0.02484535301407309,-0.01971118790514237,80.98530147425375,79.32968762387314,77.04740382518676,0.05111006281278074,0.34829910285078297,0.2774408432280758,0.2540657004731278,0.05174070273508284,-1.3562332761311362,-0.47371113965123135,-0.4134516261470139,high_vol_trend,False,False,0.3
2018-12-31,79.37812030436976,0.015380446486716215,-0.006710620339122619,0.015263366389580405,-0.05295356458823375,-0.020664481834153148,-0.009268422958468303,80.90155552127683,79.30888296678725,77.09313294959725,0.049400282826351116,0.3178152886412802,0.2803714023817057,0.2558843664504016,0.04911324563403575,-0.7246398756549199,0.028481981243919697,-0.4044302502710977,high_vol_trend,False,False,0.3
2019-01-01,78.18298643360617,-0.015056212797442514,-0.020661799735598563,-0.015170708268426678,-0.05771921198294949,-0.023307410721924438,-0.02001788940097815,80.80826910770725,79.26487236638678,77.11958076488737,0.04783076238530759,0.3209035990637568,0.28197583366527745,0.25759876396384235,0.051235921533635695,-1.2031260167880349,-0.4450403031335821,-0.4133972751587356,high_vol_trend,False,False,0.3
2019-01-02,77.98797147070174,-0.0024943401601836834,-0.003323499278058528,-0.002497456209337236,-0.08808406983700956,-0.02603424532983012,-0.018887773188240753,80.70403762049588,79.22060508719491,77.1421997976235,0.046172365219252054,0.25091118154048575,0.2819757904200969,0.2575440315666838,0.051318660027042697,-1.197998085560378,-0.5064783181019498,-0.41486046189338033,high_vol_trend,False,False,0.3
2019-01-03,77.71133245719979,-0.003547201039917791,0.0062373689179442415,-0.0035535072749321617,-0.07110677433848178,-0.04538385012418733,-0.030465315855340735,80.51931209151509,79.18876933748332,77.16537703023334,0.04346424770227819,0.2415948443542475,0.2740507844238881,0.25701302039244206,0.04977403027464334,-1.1919634819747666,-0.6047568738867645,-0.4169360694714491,high_vol_trend,False,False,0.3
2019-01-04,76.90347920573166,-0.010395565561986286,-0.016274399634541803,-0.010449976873060308,-0.07291969669774201,-0.0597398337742826,-0.04068684688298985,80.27500731133622,79.16134210973904,77.17128751026299,0.04021858259991418,0.24206258115347717,0.2742592151778833,0.2578266546969464,0.04659398171966445,-1.366215306335435,-0.9174101803095813,-0.42299734878808815,high_vol_trend,False,False,0.3
2019-01-07,77.17577694142396,0.003540772647799839,-0.027744967435624157,0.003534518870117204,-0.03426940183196503,-0.0411694915476013,-0.024707162442590858,80.1093217460324,79.14000819114288,77.1783388858232,0.037976754909758714,0.18330788866185288,0.27073073480419546,0.25666453839287984,0.04376684772709468,-1.1449910060320065,-0.7939993342277585,-0.420954313582969,high_vol_trend,False,False,0.3
2019-01-08,76.55038094218297,-0.008103527091352314,-0.020881851229994086,-0.00813653913060568,-0.0411121943373699,-0.035033088243500266,-0.024791138753068043,79.97036380778874,79.10731403965778,77.16612343615662,0.036340303837502086,0.184159592811713,0.26779357832742884,0.25667558708993815,0.041091209739872056,-1.2764597580196602,-1.0238329115345952,-0.42564662598998004,high_vol_trend,False,False,0.3
2019-01-09,74.0177144487556,-0.03308496263839944,-0.050908581760427896,-0.03364464947622169,-0.05406288640375867,-0.0808233376598364,-0.04663481303653494,79.64494438773565,78.99625318513948,77.15633723881655,0.0322540861577747,0.22356927853668046,0.28208472985592836,0.2644954876535983,0.03811822620869654,-1.8845880107156072,-1.9164174551605941,-0.44464908591034025,high_vol_trend,False,False,0.3
2019-01-10,75.44096459856782,0.019228507127136085,-0.02921540252681165,0.019045975545799038,-0.023160260852513326,-0.07104064951487099,-0.03159955248849555,79.35648315838736,78.9106239763899,77.21191447935945,0.027775100429626054,0.25005409605671086,0.29085478057238395,0.2675044129374124,0.03449226876834302,-1.2617997431469263,-1.312489334492847,-0.43397051690070565,high_vol_trend,False,False,0.3
2019-01-11,76.97598635769627,0.02034732412683904,0.0009428331814564928,0.020143083184338405,-0.015346910497069044,-0.05502961155837338,-0.019666552619084343,79.13235134005745,78.85019738684841,77.29061294420937,0.02382874615288011,0.26597721751593956,0.30228900491445093,0.27035035023274767,0.02979561123372508,-0.6944406167470489,-0.7065189839212628,-0.4224533315427371,high_vol_trend,False,False,0.3
2019-01-14,76.82816084518545,-0.0019204107606221044,-0.004504212461668544,-0.0019222571135829396,-0.032124210669220554,-0.08337668379293572,-0.0446439422403464,78.78293423709263,78.75711565869564,77.39787952399143,0.017895253999457017,0.24902034708420212,0.2784069828030232,0.26555413247630844,0.025093664836846535,-0.6650938548141013,-0.7306307620585043,-0.42356245837960393,high_vol_trend,False,False,0.3
2019-01-15,76.8872855711465,0.0007695710181088167,0.004401083636905723,0.0007692750501686922,-0.016572670366844955,-0.073335320875767,-0.043494375920959394,78.47869507239524,78.77339607367949,77.49978194681195,0.012631172643235544,0.24035292183465903,0.2780312523646415,0.2655692151410962,0.01917605408799845,-0.5695842841460387,-0.7183252850803659,-0.423118848753823,high_vol_trend,False,False,0.3
2019-01-16,76.408127539293,-0.006231954064890521,0.03229514864569816,-0.0062514537469191694,-0.020257533330024446,-0.10655723718646659,-0.047296068957587645,78.02305094453087,78.82245187250479,77.59415721859439,0.005527397181829263,0.24148680285886517,0.24659986434652983,0.2657996534091215,0.015874471862489328,-0.7079707154692034,-0.9446319681460909,-0.4267139455892903,high_vol_trend,False,False,0.3
2019-01-17,75.4952800071514,-0.011946995189381915,0.0007199723502024913,-0.012018934079560574,-0.028516464458628432,-0.09759552499391921,-0.048016268948507745,77.61480820577387,78.82141845242636,77.67885557790635,-0.0008245148780319234,0.24667798802324056,0.24040219172170513,0.2659305403224479,0.015347848049423308,-1.1031377031663674,-1.300696758432947,-0.43356299132347476,high_vol_defensive,False,False,0.3
2019-01-18,75.58573095041136,0.0011981006395551663,-0.01806089760025409,0.0011973834897385303,-0.017135092832342047,-0.088805303757862,-0.034354712474198856,77.24647782454502,78.83685844141947,77.75208954622919,-0.006502869886005347,0.2435009043600566,0.2410084216298197,0.26471696807801004,0.01521353267162612,-1.103227424376475,-1.2826287316845952,-0.43288434278111165,high_vol_defensive,False,False,0.3
2019-01-21,74.85701153109638,-0.009640965432921034,-0.025656598991886437,-0.009687740420304005,-0.030045248680651726,-0.06328501781243812,-0.04326884383762819,76.9936086274992,78.82547892190942,77.83495654802542,-0.0108093838275235,0.24466623860578346,0.2104460543680237,0.26538705229908127,0.020735074657015944,-1.465810027383679,-1.55529540352017,-0.4383518852288273,high_vol_defensive,False,False,0.3
2019-01-22,74.75512762015917,-0.0013610469995168906,-0.027730956232215664,-0.0013619740652665194,-0.023451918853019338,-0.06359995334491975,-0.04386975779349822,76.7397415625669,78.80785211068476,77.91536430617153,-0.015088458535404747,0.24301644612123863,0.21040382077191766,0.26539153993020587,0.02462063013799336,-1.4411626035574059,-1.5726630752875121,-0.43911631471022095,high_vol_defensive,False,False,0.3
2019-01-23,74.13665369715035,-0.008273331110494109,-0.029728170487812955,-0.00830774505775839,0.001606902473016758,-0.05254285771660261,-0.06829272047256074,76.53417281053837,78.75548335950559,77.98413237241199,-0.018593007548630136,0.17817605861916705,0.2021031604576843,0.26305943397805365,0.028462580771197676,-1.6588739557978598,-1.7460841179778612,-0.44375669115309746,high_vol_defensive,False,False,0.3
2019-01-24,76.50625660803756,0.031962636465453054,0.013391255728707918,0.03146246142861887,0.014120869412769466,-0.009366434458807915,-0.040342079741751635,76.49800450052274,78.74040516026889,78.02318046982386,-0.01954772876620936,0.22223972602196929,0.23222942015489295,0.27157195299136694,0.029099802510145552,0.005746711111589925,-0.8411468527571057,-0.4259776884860831,high_vol_defensive,False,True,0.3
2019-01-25,76.99584466723749,0.006399320538034159,0.018655819016306863,0.006378931822748081,0.0002579805791502743,-0.015092889122777065,-0.037519648455862864,76.43900960985522,78.72402361029144,78.08760454352928,-0.021112120717636684,0.1989071910848457,0.22891731494202383,0.2718243205321145,0.029688932120652125,0.4015219772064165,-0.6486156116996509,-0.4223043357187223,high_vol_defensive,False,True,0.3
2019-01-28,76.71548362865643,-0.0036412489504171752,0.02482696088913494,-0.0036478944341883897,-0.0014666134824713462,-0.03354371035121062,-0.05850064013793321,76.30587777606955,78.71164107687684,78.1337562233676,-0.023394222108976015,0.1995819667473942,0.2210605387888042,0.26897051038315006,0.03036961188154885,0.33969566428001124,-0.7469455232983376,-0.424407869449947,high_vol_defensive,False,True,0.3
2019-01-29,76.38722100137181,-0.004278961843916407,0.02183252752246667,-0.004288142800482675,-0.006503865574913115,-0.022968749521474763,0.004127023865128754,76.21608950445783,78.69975620404091,78.17966195429604,-0.025116154262551316,0.20058919687635807,0.21561067679574925,0.2319143927838481,0.03097643000632059,0.15243354472703344,-0.8623764796661242,-0.42687080621422924,high_vol_defensive,False,True,0.3
2019-01-30,75.27214997298859,-0.014597612189127807,0.015316260165676665,-0.014705205685772273,-0.014867234715577049,-0.034823594542825353,0.017805508266589776,76.08029842957218,78.66910729358298,78.20401885378702,-0.027156154572892444,0.21129780299944972,0.2208841942206038,0.22660914568568305,0.030925072305371042,-0.7627375702788106,-1.2524412512268073,-0.4352371239193814,high_vol_defensive,False,False,0.3
2019-01-31,73.54316953563225,-0.02296972303802647,-0.038729996784263254,-0.02323763769386214,-0.025857384346865575,-0.05363648762377349,-0.026523657786626464,75.8718902834938,78.5807042785433,78.22728972209548,-0.030109689942848572,0.23282575111080567,0.23346424852371794,0.22723540761245226,0.030552321099623598,-2.0618044965287408,-1.7951751016851039,-0.4482095707651125,high_vol_defensive,True,False,0.3
2019-02-01,72.32510332895735,-0.016562601453894765,-0.06066225207952791,-0.01670129488594044,-0.04313813705913838,-0.059534053908357865,-0.03326432356569364,75.64297148965508,78.4646347716364,78.23630411630681,-0.03314743271610143,0.24178229947449728,0.23717472346254045,0.2288702474163172,0.029954580679791745,-2.454925242276897,-2.0868767190160127,-0.45734865573060346,high_vol_defensive,True,False,0.3
2019-02-04,72.09407877506669,-0.0031942512800831047,-0.06024083581301243,-0.003199363790701944,-0.03690947179853599,-0.06584576622032912,-0.04417454569276846,75.38888658133722,78.32722579347627,78.27137105699668,-0.03682680444629571,0.2399510471548043,0.2359285659000217,0.22822149349027998,0.029419335850956182,-2.1735462099964518,-2.0266701623231227,-0.4590820204816748,high_vol_defensive,True,False,0.3
2019-02-05,72.1088162277583,0.00020441973795914947,-0.056009430864577214,0.00020439884709147114,-0.03539973078297909,-0.05802145802225722,-0.046639564729195615,75.16680834561598,78.18435016456301,78.2961533005151,-0.03996805491692701,0.24049755392062833,0.23552555954865823,0.22811643714724947,0.028913822494832746,-1.846998992292917,-1.9013988099033743,-0.45897144617004426,high_vol_defensive,False,False,0.3
2019-02-06,72.31951637741749,0.0029219748802100654,-0.0392261094791454,0.0029177142093075228,-0.024510646611538567,-0.0229431303571771,-0.05778867311734903,75.0818984420491,78.01545981005238,78.30502771595953,-0.04116120468792728,0.24083580285394288,0.20726359479205878,0.22596227502059038,0.028311914626276892,-1.571262162598997,-1.7374913336945745,-0.4573905743262767,high_vol_defensive,False,False,0.3
2019-02-07,72.39094768412541,0.0009877182576158994,-0.01566728574226839,0.0009872307849017453,-0.05379048860011548,-0.04042918765251724,-0.06302366538833848,74.92939759632696,77.83620482711831,78.32909794910381,-0.043402776768677764,0.150389348459903,0.19319514888092088,0.22546248317885867,0.027193974108733022,-1.3685121205262012,-1.632016473322611,-0.45685462908978436,high_vol_defensive,False,False,0.3
2019-02-08,73.04480508389207,0.009032308882316986,0.009950926052069153,0.008991761554872874,-0.05131497161205412,-0.0510702292989994,-0.061300801304346786,74.73283853263675,77.69375026596092,78.23703288692268,-0.044789458712609975,0.15665955045684946,0.17953458251236587,0.22578067920986689,0.024590580245096676,-0.9200139353830212,-1.3727347646592873,-0.4519487723317227,high_vol_defensive,False,False,0.3
2019-02-11,72.40145980224574,-0.008807543273028795,0.0042636098886577045,-0.008846558939331088,-0.05623406934762809,-0.057618209185819835,-0.06378968586047418,74.51150348048976,77.52071867472768,78.16037068014997,-0.046684364056974625,0.15735633785309228,0.18087009282711317,0.22610514681043323,0.023596097038159795,-1.149433048008922,-1.4915377781586185,-0.45677575723524766,high_vol_defensive,False,False,0.3
2019-02-12,72.3203264626021,-0.0011206036434243671,0.0029332090846663217,-0.0011212319891487294,-0.05324050915134981,-0.059398105611602636,-0.06054883733601235,74.28315552506254,77.36615090987975,78.09539971200935,-0.04881522088375423,0.15896038231964774,0.18048529471453206,0.22598312660266545,0.021509935045950047,-1.0853426509349253,-1.4459714113256854,-0.4573844963008863,high_vol_defensive,False,False,0.3
2019-02-13,72.75866572945299,0.006061079758504118,0.006072349125562315,0.006042785300148038,-0.033391954985177996,-0.047762743668378405,-0.0526782250503286,74.10068243457054,77.21987220017024,78.03455083224803,-0.05041187981121564,0.15935794792312805,0.18282186451707688,0.22641761542993658,0.021719596946005074,-0.7597380221366279,-1.2649073719681845,-0.454095660454765,high_vol_defensive,False,False,0.3
2019-02-14,72.93840417773872,0.0024703373334808987,0.007562499333509276,0.0024672910660509884,-0.008223270246742853,-0.033868022334250236,-0.06445231028310261,73.9728386430999,77.05052342298869,77.95996191758876,-0.051143217318443845,0.11724198920652495,0.17995720801982842,0.22410073832678468,0.02212241665818821,-0.5902125413961856,-1.1665275448718835,-0.45274709258427714,high_vol_defensive,False,False,0.3
2019-02-15,72.5058668464729,-0.005930172672983014,-0.007378187083943888,-0.005947825972959211,0.0024993191740545484,-0.04074663385816868,-0.07196741478260149,73.81884543790298,76.86484926373197,77.8698307008192,-0.052022525623310445,0.08490953043870933,0.18023403615933628,0.22422749499526104,0.022021500068033353,-0.7551396344552342,-1.2401562984595238,-0.4559923968210444,high_vol_defensive,False,False,0.3
2019-02-18,72.96796477616218,0.006373248811268439,0.007824496570425055,0.0063530255408718265,0.012121467060034252,-0.02523540168511096,-0.07593995788816166,73.72439310015628,76.71441879430522,77.78866916793243,-0.05224766166139272,0.08754592877160199,0.18021364717451063,0.22342515193583254,0.022894379825690828,-0.43707783273528317,-1.0650826267726192,-0.45252530101076316,high_vol_defensive,False,True,0.3
2019-02-19,70.87152165080852,-0.028731007254824026,-0.020033161942967448,-0.029151822541487266,-0.017158714310906764,-0.05195103122669764,-0.10575143615038418,73.53021280168875,76.54525843318025,77.69845843905064,-0.05364643933871105,0.17437795984715113,0.20499015757660335,0.2301655220227921,0.02288269751106648,-1.45741319910315,-1.5796418331286217,-0.4682548005592555,high_vol_defensive,False,False,0.3
2019-02-20,71.25932217464445,0.005471880874050816,-0.02060707875517831,0.0054569645228256325,-0.01465986300627542,-0.03881118689629359,-0.1176849575912563,73.38634622556346,76.3599228196768,77.60876121771481,-0.05440642172223664,0.17671401411629167,0.20573614855251776,0.22656839213690813,0.022859335561636166,-1.1276094444489264,-1.4085597601105357,-0.4653451541725674,high_vol_defensive,False,False,0.3
2019-02-21,71.516666135344,0.0036113725593520662,-0.01949231078500402,0.00360486721092428,-0.012077222038814783,-0.06521807096453036,-0.1209168246642861,73.13686670192877,76.166052358673,77.52150672786668,-0.05656030450143157,0.17819920091815744,0.16428799023072024,0.22604811814331546,0.023906515351602063,-0.9108092292965596,-1.2859043595002804,-0.4634143163336215,mid_vol_neutral,False,True,0.6
2019-02-22,72.2915116230626,0.010834474390238213,-0.002956384534567147,0.010776201995256906,-0.010312758860322901,-0.06109853154421763,-0.09824452880160717,72.90165004972003,75.98271013664836,77.44694520745665,-0.058689147074312165,0.18128736486887598,0.16846740562013768,0.22602943395484484,0.024329202497552535,-0.39717170000296936,-1.032796320338258,-0.4576006924857696,mid_vol_neutral,False,True,0.6
2019-02-25,73.52517542643545,0.017065126674973063,0.007636373742677227,0.01692115304456464,0.015520621093262355,-0.04158623593724253,-0.0928757761158645,72.74213463960898,75.77688358708743,77.38098983212285,-0.059948253473854685,0.19592851789695565,0.18298242692449368,0.22780007349405915,0.024115061823551956,0.6213689550461844,-0.6610963697979172,-0.4483445795946216,high_vol_defensive,False,True,0.3
2019-02-26,73.64619511618984,0.0016459626114795345,0.039150753373864866,0.0016446094995979051,0.018333278048369595,-0.035883304160688634,-0.07998279063446512,72.60508334534988,75.59036611210935,77.31965164399632,-0.06097503284616146,0.19534002937080971,0.18323704872823943,0.22675345303034955,0.023990965469297115,1.0901735993777992,-0.5971027150349766,-0.44743657539821435,high_vol_defensive,False,True,0.3
2019-02-27,74.59728468813265,0.012914306984119106,0.04684246792731783,0.012831628385388441,0.025270102746474343,-0.008965670372084733,-0.06837940123987607,72.57134008110708,75.3718916039404,77.2707310083641,-0.06081721844650767,0.2023440917616194,0.18369892505510624,0.22859695235888508,0.02346652420346111,2.3466832751011357,-0.26474898752205905,-0.44030060170471075,high_vol_defensive,False,True,0.3
2019-02-28,74.493565469278,-0.0013903886621110528,0.04162525317246013,-0.001391356149319731,0.02132157001611401,0.01292296673704385,-0.084911319749022,72.61885987778938,75.18856021768013,77.21413440507729,-0.05951338524602756,0.20332447403856752,0.1633565915677526,0.22559131683029163,0.02264068477842572,1.9897433033458363,-0.26009687364228373,-0.44107880140229094,mid_vol_neutral,False,True,0.6
2019-03-01,74.96207894024923,0.006289314627643261,0.036941644423086784,0.006269619424815866,0.03387604618226581,0.03646003240808482,-0.08347635850874624,72.75070865835397,75.02875502498534,77.16210373211992,-0.057170487329904596,0.19887042678678976,0.15101438049426882,0.22579605712415415,0.02166831352640086,2.058666653923868,-0.027485605277696973,-0.43756357013225045,mid_vol_neutral,False,True,0.6
2019-03-04,76.19084367877055,0.016391817781637785,0.03625517704479586,0.016258922236307406,0.044168408869494025,0.056825261842734065,-0.05340628524698232,72.95554690353916,74.9542839891205,77.13270340532941,-0.054155453100605766,0.20914635093316405,0.15819514468435272,0.22660763679328852,0.01930903143900238,2.474191559148638,0.5311704169073559,-0.4283442146601033,mid_vol_neutral,False,True,0.6
2019-03-05,75.97205205150924,-0.002871626257136106,0.031581494898004436,-0.0028757572862262745,0.07196868758979913,0.05357508312920811,-0.04232329681913738,73.14870869472671,74.87707565177459,77.10745996597744,-0.05134070390851253,0.11225364472745573,0.15924170701990525,0.22487764099678195,0.01563528278627684,1.9428571831037313,0.49220749041477496,-0.4299857964233291,mid_vol_neutral,False,True,0.6
2019-03-06,76.75968326836725,0.010367381103830065,0.02898763124254322,0.01031400838163673,0.07718795135662893,0.06139652355773029,-0.046772654433237304,73.37071703927418,74.8473087423875,77.09867314776962,-0.048353051437737715,0.11307929217700646,0.16157950685438216,0.2236753539941646,0.01467142736430992,2.058663104688795,0.8739256001336082,-0.4240762419402535,mid_vol_neutral,False,True,0.6
2019-03-07,76.88716598700246,0.0016608030831692933,0.03213164120479117,0.0016594254748086557,0.07509438207724739,0.062110228512218146,-0.053232522198104815,73.59552795441805,74.84045960596055,77.08851827174297,-0.04531142115109621,0.1153516948723398,0.16148412777530408,0.22291251919326155,0.014565540014689293,1.823893938223538,0.9383509826538895,-0.4231197459871975,mid_vol_neutral,False,True,0.6
2019-03-08,75.89058955136463,-0.012961544658913637,0.012386404222533676,-0.013046278462576137,0.04978562278608978,0.03895943680326308,-0.06835412859575674,73.73781717779167,74.7947565473761,77.06222208562461,-0.0431392298049641,0.1511727394813574,0.16938655240105216,0.22413810860061426,0.014598693277964273,1.151197698646242,0.5136853443924726,-0.4305970051624298,mid_vol_neutral,False,True,0.6
2019-03-11,76.30051239411651,0.005401497671518873,0.0014393949463054057,0.005386961902758533,0.03774675750971701,0.053853231723786754,-0.08967196494622187,73.93276980738521,74.73320438917102,77.02104367797914,-0.040096494712611674,0.13543580771404223,0.16484706230548554,0.21570108185397452,0.014705337219771084,1.2294927395833601,0.7680154945405478,-0.42752137621165887,mid_vol_neutral,False,True,0.6
2019-03-12,76.67467755169793,0.004903835450654981,0.009248473369026566,0.004891850814079101,0.041122048881549356,0.06020922888598301,-0.07589772557841779,74.15048736183999,74.70303821153286,76.98395528895982,-0.03680595413010912,0.1350089592771656,0.16439242743767055,0.21533396338508945,0.014789745017965676,1.2752972461318097,0.9861062822107897,-0.42471403524158335,mid_vol_neutral,False,True,0.6
2019-03-13,76.62996460004614,-0.0005831514794651937,-0.001689932302972097,-0.0005833215784213816,0.027248711805147874,0.05320739229864735,-0.10396328909695496,74.34405230536966,74.67587807411975,76.94824158065734,-0.03384338903388662,0.12701874124507312,0.16443199167209005,0.20479794389634554,0.014751709154912161,1.1289613221578023,0.9955742757082648,-0.4250495141030478,mid_vol_neutral,False,True,0.6
2019-03-14,80.14609876957553,0.045884585591042804,0.04238591370533773,0.04486302073186057,0.07587948388144627,0.09881892362592493,-0.042003709674388934,74.7044370349615,74.72457340036725,76.95667136892529,-0.02926626495013951,0.24813279979474237,0.22490720146371163,0.22270038721465782,0.018801915832582092,2.2932127718224127,2.62283137742322,-0.39866814932229744,high_vol_defensive,False,True,0.3
2019-03-15,78.64571836574994,-0.01872056690044599,0.036303958510172984,-0.018898014819906286,0.04914003823769186,0.08468075462469593,-0.051916802868012146,75.01142961092536,74.75941818356762,76.96038014665334,-0.025324076258642636,0.2809902990977742,0.2372572223141364,0.22522196712550593,0.02342021090905404,1.4721071253100015,1.8343950550868722,-0.40992542246227837,high_vol_defensive,False,True,0.3
2019-03-18,77.09383894146427,-0.01973253543274278,0.01039739475470336,-0.019929821526420498,0.011851755658473184,0.0565436377177122,-0.035294723984197196,75.21772331919045,74.75777942356844,76.94889380735566,-0.02249766569093581,0.2978068597974093,0.2517096724960494,0.21622433562144125,0.028690029896192612,0.762216231592357,1.103634454129463,-0.4215690899715022,high_vol_defensive,False,True,0.3
2019-03-19,75.75490227721751,-0.017367622142456574,-0.011995815357166095,-0.017520208581895746,-0.0028582849670099053,0.06890469560495571,-0.051076544378635846,75.46189235051091,74.74186985026913,76.92459194496345,-0.019014720227558013,0.3120881764883053,0.23549633706643472,0.21896783186819438,0.03075467937310102,0.13081952138276015,0.48104254658908946,-0.4316150594523944,high_vol_defensive,False,True,0.3
2019-03-20,76.83334070576434,0.014235889640519916,0.002654002344639972,0.014135510895759524,0.0009595849573735826,0.07822160471101469,-0.018079535737553165,75.74059327706689,74.7981823754093,76.89721778027439,-0.01504117491626844,0.3163020154042227,0.23853405521758306,0.21742702907605246,0.03284616471521723,0.5393808234680377,0.9582983916766908,-0.4235235941654253,high_vol_defensive,False,True,0.3
2019-03-21,77.5087850755747,0.008791032169185531,-0.03290632650234471,0.008752616026745897,0.008084822487504972,0.08378632931365582,0.003614704527523438,76.04019922407844,74.83953878494944,76.87508138066966,-0.010860244198728775,0.31919058368889636,0.2391647452183072,0.21653348712545611,0.03464792549543952,0.8164576970739906,1.2378387203517196,-0.4184557715369571,high_vol_defensive,False,True,0.3
2019-03-22,76.77559443497765,-0.00945945211090804,-0.023779094013422264,-0.009504476892835392,0.01166158925427796,0.06202779152406768,-0.017910262201319083,76.26440336467418,74.83553094649506,76.84286416667173,-0.007527840200527547,0.315367266941062,0.24245432167106423,0.21592228656844015,0.036342017648770306,0.3251734834377459,0.9013039858931995,-0.42395686131647825,high_vol_defensive,False,True,0.3
2019-03-25,75.4930253803046,-0.016705426563115355,-0.02076448109394491,-0.016846535937091563,-0.01058298284605197,0.026764301376445587,-0.04894415374372729,76.36279586236765,74.80882823719745,76.78297194794654,-0.00547225608646329,0.326708309140864,0.24630165814221996,0.21603942354985337,0.03823585646764218,-0.6005456827137746,0.32039234551282186,-0.4335799076669423,high_vol_defensive,False,False,0.3
2019-03-26,75.82996229717926,0.004463152922767444,0.0009908272297294296,0.004453222591855061,-0.011016873907935376,0.02965213854625004,-0.030096370626941038,76.47198422141712,74.7876817717181,76.7805389226988,-0.004018657665223246,0.3264974629731134,0.24653659899149238,0.21421256867946314,0.03979590964538458,-0.4907440696554053,0.4917177235683915,-0.4310518881763318,high_vol_defensive,False,True,0.3
2019-03-27,75.7772896263818,-0.0006946155477571825,-0.013744698195887639,-0.0006948569049102016,-0.011127174312485888,0.015818336326615334,-0.02834644628691796,76.53098446832958,74.77506501345988,76.79875844298233,-0.0034866966612691064,0.3264947281360813,0.24294160875459342,0.2141698783787775,0.04085061202103192,-0.6057121321475625,0.4746072008998912,-0.4314470883806716,high_vol_defensive,False,False,0.3
2019-03-28,75.23983517084464,-0.007092553167143634,-0.02927345464798259,-0.007117824887265263,-0.06121649929382922,0.010017908216172211,-0.031803563369812826,76.5682979534079,74.76995611673375,76.79568728458004,-0.0029609648563923008,0.19605394178494706,0.2444913295374299,0.21451607978589693,0.040927261953547796,-1.1163516163640808,0.22266793027212783,-0.43547958013466603,high_vol_defensive,False,False,0.3
2019-03-29,74.6448241278361,-0.007908191739887105,-0.027753224482633287,-0.007939627330318933,-0.050872371961907414,-0.004232204027665776,-0.029369998616749382,76.55243521278724,74.75113798028224,76.79399821085086,-0.0031455973603609078,0.18390002007324918,0.24530983132257905,0.2140836038148071,0.03976936368340306,-1.5708182492411957,-0.05045762204153237,-0.43994391585604264,high_vol_defensive,False,False,0.3
2019-04-01,74.87963876374081,0.003145759115227742,-0.008125076634216022,0.0031408215672034047,-0.028720844728002848,-0.01720948150355084,-0.029752057817648003,76.48687496703576,74.75159052493512,76.78853472342227,-0.003928447879270491,0.16829316414573825,0.2378928684874388,0.2140540156943373,0.03827723038782142,-1.266423075020199,0.060772240724036614,-0.4381821143243081,high_vol_defensive,False,False,0.3
2019-04-02,74.92354278227177,0.0005863278623643442,-0.011953316175408624,0.0005861560393430544,-0.01097433261683145,-0.01380124981389974,-0.02125186236682375,76.43444950357389,74.75495882817738,76.78140546943108,-0.004518749868356098,0.14784652019733574,0.23780283185130557,0.21346072712725828,0.03635365045635001,-1.1512387773202541,0.08000533386704325,-0.4378527048443619,high_vol_defensive,False,False,0.3
2019-04-03,75.61097567996866,0.009175125363393155,-0.002194772962099134,0.00913328960485544,-0.015909304666014257,-0.014964986038080497,0.02152540433163641,76.37701412415397,74.78444526783375,76.76996431366966,-0.005118540734370458,0.1347888055745927,0.23711090379239608,0.20302668808695662,0.034051141153745745,-0.5792209486967285,0.3919722839835953,-0.4326949329386165,high_vol_defensive,False,False,0.3
2019-04-04,75.91582643185392,0.004031832007770575,0.008984486203011066,0.004023725953961119,-0.020551975394370925,-0.01263331197969697,0.00629448252435405,76.32844714639654,74.77263666431007,76.75652091228947,-0.005577034508665313,0.12640197773771125,0.23756616341327766,0.19937424147329882,0.031101067314388674,-0.31243855657877684,0.544261204833834,-0.43040765421106797,high_vol_defensive,False,True,0.3
2019-04-05,75.45273337129177,-0.006100085875740846,0.010823379288456003,-0.006118767410978829,-0.017230228869230424,-0.005769571466782475,-0.019788677722506365,76.3065543373929,74.74177443839116,76.7328990243413,-0.005556217637667449,0.12193097106468055,0.2340262584709975,0.19527405718381463,0.02819367427508754,-0.6410702300816853,0.3420817037855335,-0.43388221643454516,high_vol_defensive,False,False,0.3
2019-04-08,74.32274547399547,-0.014976102876695041,-0.0074371791709952895,-0.015089377065454131,-0.015501828154504516,-0.025920755419114982,-0.03261063838608069,76.20766599138685,74.69391967529793,76.70278037608739,-0.006454973108835249,0.11614784546590516,0.23870365703779012,0.19756805426600405,0.023906627899765175,-1.3427088404053038,-0.1802325222503531,-0.44236045460154794,high_vol_defensive,False,False,0.3
2019-04-09,75.48394970613414,0.01562380701537669,0.007479717363218175,0.015503011904261654,-0.004563006238735734,-0.015529610082297807,-0.01825185860819356,76.14812959910866,74.67585424939318,76.68780522671703,-0.007037306987895842,0.14275599422871618,0.2452852225456789,0.20029476779201397,0.017889514847807785,-0.4716471871110521,0.3945407156592955,-0.4336480019601001,high_vol_defensive,False,True,0.3
2019-04-10,76.82806370812577,0.017806619913562916,0.016096711055661572,0.017649939291316592,0.013866609467358737,0.0025851389742064246,0.005495962044310243,76.15803455451264,74.70697252409593,76.68803990883946,-0.006911186606892605,0.16947420547259506,0.253906259959429,0.20325429895213679,0.006521738884840605,0.4743666236730691,1.025102885701285,-0.42356318719371666,high_vol_defensive,False,True,0.3
2019-04-11,76.70272002193565,-0.001631483082357832,0.010365343131554905,-0.001632815400181689,0.019442956616920748,-0.04296377241691807,0.015993582839481935,75.98586561713064,74.77016353382199,76.67543390618265,-0.00899334055149581,0.1639113015807682,0.18813964617531045,0.2017209892196759,0.013111285818811257,0.6706900222127198,0.928625557497874,-0.42450363410185843,high_vol_defensive,False,True,0.3
2019-04-12,75.63938929791323,-0.013863011946881776,0.002473812654379959,-0.013960000913060516,0.013323966955482991,-0.03822622680939192,0.0007099004908355244,75.8355491637388,74.83644925320112,76.65054201241875,-0.010632577765045781,0.1762281800239038,0.18318196491840463,0.2037992137757556,0.01811662914986315,-0.2261180262230992,0.3908706984444058,-0.4324817470976914,high_vol_defensive,False,True,0.3
2019-04-15,74.91701703398661,-0.009550212800918834,0.007995823569233895,-0.009596108526232794,0.0004991780257344036,-0.028236003516837083,0.0008016016357439426,75.72670806836493,74.8929080183795,76.6100669059279,-0.01153058433753451,0.18401849299966466,0.17332340146446976,0.2037807850602726,0.022550252809159912,-0.9669515769806023,0.011960277169190724,-0.4379016671813142,mid_vol_neutral,False,True,0.6
2019-04-16,74.91244566537692,-6.101909540279227e-05,-0.00757119947991769,-6.102095714352903e-05,-0.00014811254890989556,-0.01112081972936485,0.0021044448752345346,75.6845852377729,74.94898060713189,76.56666538584744,-0.011520420063083958,0.18400029529995743,0.1627046017315434,0.2037585537264089,0.027382215268574542,-0.9011533586678532,-0.0184957063528268,-0.4379359659131101,mid_vol_neutral,False,True,0.6
2019-04-17,76.62948581760165,0.02292062603181444,-0.002584705131688958,0.022661894547559226,0.01347040067230365,-0.0026532087019796036,0.03362482653498988,75.67439249336476,75.03517999593556,76.52531990299397,-0.011119553772631963,0.21364653350264964,0.17555628188190914,0.20825225205855083,0.02972137505860253,1.1322175726003176,0.816697728095579,-0.42505310638187155,high_vol_defensive,False,True,0.3
2019-04-18,77.8091910615599,0.015394925743939636,0.014425447224137855,0.015277626220994218,0.024940315065997032,0.0038757669300619746,0.017030430075773095,75.68941279266402,75.14354486348425,76.48987484530129,-0.010464941330551092,0.22485683580387528,0.18144590891703194,0.20022039483533655,0.031106912809019692,2.4092869199038613,1.3650775966362063,-0.41620184164791174,high_vol_defensive,False,True,0.3
2019-04-19,77.72235707196657,-0.0011159862788526764,0.02753813579654074,-0.001116609455220631,0.030080072639732114,0.012331557234516177,0.009435735238296772,75.73675092451347,75.23709590324574,76.46542308460333,-0.00952943344449475,0.2208404089005824,0.1779035247465994,0.1998441098700813,0.03227978765972848,2.062108631038693,1.2665892651769395,-0.4168533523822521,high_vol_defensive,False,True,0.3
2019-04-22,77.0304906851828,-0.00890176794488029,0.02821086229631109,-0.008941625391951464,0.036432254943202125,0.02036566023328712,0.0041061731169051985,75.81362418975736,75.32967652090448,76.42519759781607,-0.008002248306600124,0.20872675243752858,0.1697636643776428,0.20056930300143047,0.03345159826530706,1.2132781602546636,0.8791296038375477,-0.4220443885171802,mid_vol_neutral,False,True,0.6
2019-04-23,76.19875312918705,-0.01079751081159519,0.017170811236838723,-0.01085622697289354,0.009469608119814898,0.00486339200015018,-0.002467269652097648,75.83206373135776,75.40724505423618,76.38669798205797,-0.007260874803496242,0.20847153125383144,0.174291528417856,0.20162573052285668,0.03384254056987602,0.3642644676848442,0.41906596047384564,-0.428284870480788,high_vol_defensive,False,True,0.3
2019-04-24,76.84820191759005,0.00852308944349689,0.0028542028914171347,0.00848697298742579,0.00026212048686780065,0.014132364676651132,0.020938048736046877,75.88560934591817,75.48903577799892,76.35445398908459,-0.006140370583141652,0.1921074867216038,0.17664938798326554,0.2000188294386438,0.033905841586560896,0.932962654269734,0.7307199755843179,-0.42341209129569546,high_vol_defensive,False,True,0.3
2019-04-25,76.70507063079694,-0.0018625196585158044,-0.01419010293898848,-0.001864256304948752,3.064570409794243e-05,0.019474198164114,0.042993810507891306,75.9588711189158,75.56436910706009,76.3074462650244,-0.00456803579689935,0.19216900645905796,0.17452843385191316,0.19406395694890144,0.033632561641118615,0.7206139401939297,0.6231058152641527,-0.42448599761051975,high_vol_defensive,False,True,0.3
2019-04-26,77.20492893558584,0.0065166266151406305,-0.006657391204716312,0.006495485201348089,0.020697412448778207,0.03429715104379283,0.06747070355964091,76.08687635930328,75.65835034884235,76.26159980628717,-0.002291106499571316,0.17746993168558017,0.17223500083695018,0.19099692932030457,0.03301571649092495,1.093263782636316,0.8637054686523342,-0.4207355877451623,mid_vol_neutral,False,True,0.6
2019-04-29,76.68623676566393,-0.006718381547305974,-0.0044690604519942445,-0.006741051466442648,0.023615725795311793,0.024126692272425032,0.06369674276475279,76.17720625939944,75.73271578863239,76.2235672914688,-0.000608224381470901,0.17276889513700658,0.17471093974683546,0.19147600312683113,0.03237695351720903,0.5143365217739406,0.5437990961566478,-0.4246273070834662,high_vol_defensive,False,True,0.3
2019-04-30,78.31284618831805,0.02121123021885496,0.027744457386943866,0.020989403405467465,0.045391663464442455,0.045236827840557714,0.08603705184902899,76.34667142970174,75.88154227938257,76.21340035628141,0.0017486567033790923,0.19578756201482614,0.18846926068877415,0.19584583784102183,0.03107337991732217,1.8690964774502619,1.4781255585237578,-0.41242294443237115,high_vol_trend,False,True,0.3
2019-05-01,81.3474370101631,0.03874959179171977,0.05854704443700487,0.03801767420714984,0.061568352471937704,0.075868103520772,0.12483380814704503,76.63349449621145,76.08330457609296,76.22161369788488,0.00540372708401482,0.24690106459459274,0.227924253952704,0.21023078864817324,0.030495830791997407,3.10310297461448,3.124948826323412,-0.38965457338294485,high_vol_trend,False,True,0.3
2019-05-02,81.44420688976096,0.0011895873201974716,0.061783871913433375,0.001188880321836594,0.04671704947202393,0.07282250247080713,0.1250606532344214,76.90991351910682,76.2818553911813,76.22395387492715,0.008999266100853776,0.24217994437078047,0.228102519141363,0.21022684661731186,0.02987614854575986,2.452511708618306,3.001366257954217,-0.38892851420250063,high_vol_trend,False,True,0.3
2019-05-03,81.42177983613853,-0.0002753670823119059,0.05461893377391647,-0.00027540500278844346,0.04759792295988263,0.0791097445797484,0.11468269020124677,77.20836584234915,76.4644607554428,76.22358544604559,0.01291962836097027,0.24165288549093766,0.22573598272189316,0.2097716440393208,0.029359856440048793,2.0356566685979556,2.7982096990442873,-0.3890967831746287,high_vol_trend,False,True,0.3
2019-05-06,80.53689976366427,-0.010867854697540147,0.05021322156891195,-0.010927341216912936,0.04551975519423701,0.08361039746362775,0.11236568963718851,77.5190735568326,76.60469524218739,76.19078941463741,0.01743365769537486,0.24494505644858688,0.22161078955037797,0.2102625961887655,0.028236616559031667,1.4507211608357586,2.170977200353636,-0.3957359905693467,high_vol_trend,False,True,0.3
2019-05-07,79.40681622431516,-0.01403187287647445,0.013969228411983226,-0.014131250334509557,0.04210125446133195,0.05196954496224815,0.0979875245084465,77.71521688274166,76.71990766434989,76.15513688822962,0.020485551707453586,0.2510867557591283,0.22613868344018095,0.21269571149976693,0.026679914670618525,0.819928208274376,1.4907190625255036,-0.4042149463335064,high_vol_trend,False,True,0.3
2019-05-08,77.98961098871644,-0.01784740029867571,-0.04127758838950468,-0.01800858585598435,0.014852775245807415,0.015118788949353812,0.0718944637978145,77.77329424677119,76.78775419036157,76.07982289715098,0.02225913895606113,0.27248615828067463,0.2297912541447958,0.216191366386943,0.024203758818454713,0.1053588048075042,0.673439829761785,-0.41484816067826025,high_vol_trend,False,True,0.3
2019-05-09,77.6214838669725,-0.004720207179866542,-0.04693670880683665,-0.004731382538316196,0.011947231501637123,0.011978243337056327,0.06420595215960434,77.81923243902301,76.85031255831545,76.01943638799779,0.02367547217581567,0.2738788534487818,0.23049395783492563,0.21651975529014142,0.025691296441234454,-0.09702342526721942,0.43886267004952056,-0.4176101985915389,high_vol_trend,False,True,0.3
2019-05-10,77.18186704095677,-0.005663597294392586,-0.05207344771527456,-0.0056796962757562994,-0.0002987101334981368,0.020392519788444474,0.06449133563750142,77.89635632617521,76.89470832032961,75.96173167265746,0.025468411671480062,0.27423360490124427,0.22540691445678518,0.21648332253374641,0.026501234659638915,-0.36091318456082183,0.16537179311642652,-0.42090861989507766,high_vol_trend,False,True,0.3
2019-05-13,76.85259750160462,-0.0042661515194679644,-0.04574676046472159,-0.004275277508344167,0.002169368884915368,0.025836325900962187,0.05323750960245377,77.9931353495561,76.90794339678628,75.93111369295339,0.027156478501566772,0.27279831706512164,0.22286012639416306,0.2164813813433066,0.026600808170878384,-0.6096959457525072,-0.03192747012673938,-0.4233791114662231,high_vol_trend,False,False,0.3
2019-05-14,77.04397823945426,0.0024902312227721435,-0.0297561103342332,0.0024871357349226793,-0.016202551824161193,0.02845365086061391,0.0870936088977754,78.09971197825996,76.92938192054518,75.90322878615989,0.028937941471345985,0.24774621960830848,0.22282702768654586,0.20746246195636256,0.02574809371809418,-0.6059689410859876,0.06630586901912416,-0.4219431921258936,high_vol_trend,False,False,0.3
2019-05-15,75.77669989635774,-0.016448765653790498,-0.028374434290726946,-0.016585548614378137,-0.06848079446079403,-0.011128691679776703,0.06339349833614705,78.05707268219777,76.909722253105,75.87851549774625,0.02871112027114231,0.11691050138828366,0.21635006729997533,0.21050080236491314,0.025209714092017117,-1.274033792756905,-0.6527219238191285,-0.4314515130931931,high_vol_trend,False,False,0.3
2019-05-16,75.64374035119624,-0.0017546230614865488,-0.025479331458874266,-0.001756164215557326,-0.07122012430443281,-0.027830268902942712,0.05770786641594605,77.94880014667959,76.88485374038888,75.86265667317471,0.02749895093302923,0.11193286463571545,0.20807441020240589,0.21051577903741434,0.0246891239377795,-1.2330496691076966,-0.7112175083229413,-0.432449101379893,high_vol_trend,False,False,0.3
2019-05-17,74.49232663299266,-0.015221533372858587,-0.03484679123578216,-0.015338570082936655,-0.08510564638959506,-0.0415585754300154,0.030443615861920126,77.7872986247309,76.85688848202143,75.82582251469876,0.025868181115370037,0.11066413825704122,0.21382707186553043,0.21209455943225822,0.023932697780786518,-1.628603363357936,-1.3341736437212885,-0.4410880963240349,high_vol_trend,False,False,0.3
2019-05-20,74.36159377727496,-0.0017549841926912668,-0.03241274602693356,-0.001756525981590391,-0.0766767283631572,-0.03464727907310616,0.011375944987392472,77.6538537793355,76.8181101096846,75.77565724942781,0.02478627831264224,0.11532966918910012,0.21228228178773534,0.20933838027062712,0.022333687908413825,-1.5247733044308773,-1.3604796340492142,-0.44206897788009314,high_vol_trend,False,False,0.3
2019-05-21,72.83799190452356,-0.020489096526290607,-0.05459201914338341,-0.020701909986492205,-0.08272368333261748,-0.044105199713250776,-0.010974133971092481,77.48581571810233,76.74137639674112,75.72220730413699,0.02329050455280357,0.128689791644647,0.2204355487590562,0.21359035130770415,0.02094126396349002,-1.9397011645374926,-2.063825328692948,-0.45350048044731994,high_vol_trend,False,False,0.3
2019-05-22,72.64863710930605,-0.0025996707249387185,-0.04128000812030663,-0.0026030557367612323,-0.0684831455331033,-0.05464753505602504,-0.02612223202189279,77.27583747768813,76.66174984692631,75.66881396052302,0.021237593574593427,0.1203998915594515,0.21679028897725366,0.21191401721877917,0.019346424435609397,-1.7608769398759365,-2.0289291731618033,-0.45492119924949415,high_vol_trend,False,False,0.3
2019-05-23,73.01677365689157,0.005067356556622382,-0.03472814382403988,0.005054560714577586,-0.05932262539546995,-0.04808413503271736,-0.01982442111722349,77.09142262899287,76.51916334467263,75.62186837251994,0.019432927116185272,0.13484526877665032,0.21854158218779393,0.21219222526220238,0.0171239646928502,-1.458303265674429,-1.770126687780921,-0.4521590906146352,high_vol_trend,False,False,0.3
2019-05-24,72.49866236917075,-0.007095784458451271,-0.026763350722608825,-0.007121079265682778,-0.06067752506299018,-0.0609581102048764,-0.03286216985846968,76.8561093006721,76.39622222474105,75.57782020415434,0.01691354808943668,0.13491781113474088,0.21653105658751434,0.21220438099486996,0.013832100119808063,-1.4640594998430811,-1.916224648977439,-0.45604645162515567,high_vol_trend,False,False,0.3
2019-05-27,72.95395968769466,0.006280078882083373,-0.018929584723484938,0.006260441360606267,-0.050728770928380906,-0.048669451460687574,-0.04248389747097392,76.66949544677364,76.31342463966566,75.53560203161705,0.01501137721364798,0.1488356703974445,0.21851898515253454,0.2097705247516439,0.009522696396552106,-1.19784599498732,-1.6085301783712949,-0.4526303804331725,high_vol_trend,False,False,0.3
2019-05-28,72.83272374116048,-0.0016618144793397738,-7.232713622840059e-05,-0.00166319682470161,-0.05466039779520626,-0.06997731169136134,-0.041322147099834616,76.39548932441576,76.25498106894452,75.49842545960682,0.011881888388372897,0.1442546492627224,0.20003815612854206,0.20973015646279825,0.007716332733074386,-1.1169109016509273,-1.5957466836922978,-0.4535400071925194,high_vol_trend,False,False,0.3
2019-05-29,73.07860150842465,0.003375924373472561,0.005918409707696082,0.003370238733385376,-0.03560591041340366,-0.10164838384158792,-0.04795592690335626,75.98204754932884,76.17988628499774,75.48903433020351,0.006530924968105811,0.13650530979280853,0.12686274937834613,0.20865269752886362,0.022070971648775306,-0.9529201461640594,-1.4166161686382763,-0.451695199583673,low_vol_trend,True,False,1.0
2019-05-30,73.64761279210317,0.0077862913620880825,0.008639646804663448,0.00775613463373068,-0.02638853591619761,-0.09572926541246685,-0.042133861396932315,75.59221784444595,76.10266283932829,75.47110081213887,0.0016048133789456909,0.1480061062524792,0.13334406446522787,0.20932959324602698,0.028390177062603012,-0.6944955621997446,-1.111186677437941,-0.4474259386524,low_vol_trend,True,False,1.0
2019-05-31,73.5382675857171,-0.001484708088159592,0.014339646864828692,-0.001485811359372129,-0.01280748085606187,-0.09682313830877953,-0.030996227326122172,75.19804223192487,76.03791630234308,75.43672362441907,-0.0031639946835779753,0.1302915340773787,0.13284572609602283,0.20775792821583638,0.032965522775689704,-0.67147263596332,-1.1176407956514802,-0.44824634983059,low_vol_meanrev,False,False,1.0
2019-06-03,73.63141915591468,0.0012667087933369015,0.009286123345739306,0.0012659071946100394,-0.00981924383637156,-0.08574306470715576,-0.03498132783715924,74.8527682015374,76.00068417785529,75.40475620752638,-0.007320334071100443,0.13085036420372617,0.13277480055061192,0.20743382892170809,0.036501128055223715,-0.5686223912754735,-1.047811322005048,-0.44754743863016455,low_vol_meanrev,False,False,1.0
2019-06-04,72.33912225071009,-0.017550889552572002,-0.0067771938916439955,-0.01770673256244054,-0.006849030852846605,-0.08900613712605787,-0.05654481296076641,74.49938350285714,75.9308673769259,75.359274574322,-0.011410553993812744,0.11884997372773713,0.13667725062283323,0.21001908028028732,0.03870398300141487,-1.1195825814325526,-1.5483858800124974,-0.45724347251780206,mid_vol_neutral,False,True,0.6
2019-06-05,71.93282103404796,-0.005616618007251772,-0.015678741118829498,-0.00563245051744382,-0.009853124624775611,-0.07766149719024462,-0.06129643398002227,74.19654400512373,75.85397800507923,75.31452150926955,-0.014844116137791907,0.12116976749192009,0.12756301543127355,0.21024146630457533,0.04080592418946229,-1.24012549095753,-1.6423099227554572,-0.4602919286036121,low_vol_meanrev,True,False,1.0
2019-06-06,74.29262236684386,0.032805627512911384,0.008758051351392071,0.03227900932796791,0.017473364626428678,-0.04288582663317331,-0.07303507585017632,74.0301009301173,75.83503374899921,75.30249493286648,-0.01689710286337187,0.2084203363214777,0.18248743358218447,0.19921163710830378,0.03980044313233185,0.16018057280105785,-0.6436635225696743,-0.4425864666476703,high_vol_defensive,False,True,0.3
2019-06-07,73.65943490169504,-0.008522884843427003,0.0016476770524502804,-0.008559412320858216,0.016010951024358455,-0.04563807892069449,-0.06340184268984217,73.8539793231542,75.81532596447639,75.28323197237931,-0.018985006511801794,0.21024301868609482,0.18350184789674615,0.1964550476286387,0.03888952560401243,-0.13305682947893147,-0.8944491701676761,-0.44733723800260006,high_vol_defensive,False,True,0.3
2019-06-10,73.63601900283328,-0.00031789408774318684,6.247125169300816e-05,-0.00031794462677968893,0.009349174713180863,-0.041853868357594304,-0.04485209176386251,73.69315039821564,75.79045356925823,75.27102204709668,-0.02096253785279778,0.20879410797552722,0.18346732487705372,0.1925451698655605,0.037972839337344765,-0.04461476159633846,-0.8878719682421883,-0.4475129262271549,high_vol_defensive,False,True,0.3
2019-06-11,73.54025322428754,-0.0013005290052692242,0.016604168480433223,-0.0013013754270596463,0.009714444919587839,-0.04547694829928273,-0.029234399178889925,73.5179641474573,75.76278777809856,75.25887330313796,-0.02313227768728854,0.20867259925525322,0.1827088651867371,0.18939171885537395,0.03692502567831156,0.02209351778496598,-0.9092276415695739,-0.4482314516916328,high_vol_defensive,False,True,0.3
2019-06-12,72.99150638568838,-0.007461856800051514,0.01471769543334478,-0.00748983572354392,-0.0011918006220498212,-0.036755275889274075,-0.05000217724214784,73.37870447192384,75.71039839221295,75.24742183002334,-0.024834304121684747,0.21234161979659563,0.1761197298635788,0.18742777868557997,0.03610981320169217,-0.4490678465869479,-1.0982706709894698,-0.45234866958588205,high_vol_defensive,False,True,0.3
2019-06-13,71.97160340068544,-0.013972899526333404,-0.03124158082208539,-0.014071439489804336,-0.02275714483983171,-0.048545153022073295,-0.07143940741027299,73.1950976243983,75.63151393158957,75.20207529794982,-0.02668779638859553,0.21790860555233524,0.1813295164533002,0.18826355827831306,0.03555192376244508,-1.6616831316529945,-1.4459476407990552,-0.46000094660122137,high_vol_defensive,False,False,0.3
2019-06-14,72.9289657424303,0.0133019454411063,-0.009916844464522678,0.013214251376643615,-0.008285507169129236,-0.02098687155073975,-0.05010223262817093,73.11692957987017,75.58103857901234,75.16140650870175,-0.027201153142269563,0.23151507454051345,0.18288875819447578,0.18975390151129262,0.03465672931542426,-0.2799318841379428,-1.0360509047889934,-0.45281790865466176,high_vol_defensive,False,True,0.3
2019-06-17,73.44605230268371,0.007090276887782299,-0.0025798067674226433,0.007065259060548701,-0.0025174966794876408,-0.01231202060210601,-0.027114731027257588,73.07115250614062,75.56350471558612,75.12871219544202,-0.027387128424999574,0.23474941351972078,0.1850846404547821,0.18748033332420666,0.033774910990628605,0.6139950173689519,-0.8234114888565072,-0.44893823611898753,high_vol_defensive,False,True,0.3
2019-06-18,72.21656988153981,-0.016739938806744736,-0.017999439554697738,-0.016881635133447644,-0.0016941368011840208,-0.008531564458810426,-0.04765124900733153,73.04008140499143,75.49815711909422,75.0870056842437,-0.027260699246152043,0.2330961958891997,0.18014150430094777,0.19015271491094396,0.03220836020809359,-1.2902359986271525,-1.2550170728139785,-0.4581629763250925,high_vol_defensive,False,False,0.3
2019-06-19,71.45797660695602,-0.010504421295945532,-0.02100970174021566,-0.010559982161672476,-0.00660122069822866,-0.01638930267278904,-0.057000099115738445,72.98054837987392,75.39075537707083,75.04886395058338,-0.027559585339910764,0.23759867843161508,0.18359278439030757,0.19120184880913058,0.030759317563688895,-2.0967098030560174,-1.4736325027494785,-0.46385466069551495,high_vol_defensive,True,False,0.3
2019-06-20,71.89739508256989,0.006149327149729045,-0.0010310777391245862,0.0061304971924815,-0.032240446062689276,-0.015330430506032555,-0.04442380928513712,72.92457945115784,75.29464887828351,75.03240620605276,-0.028092218568953164,0.15668183684753767,0.18408799629451492,0.1912979263237682,0.0290040171265848,-1.3421712946069142,-1.2550777799687254,-0.4605577276043292,high_vol_defensive,False,False,0.3
2019-06-21,70.38254963846238,-0.021069545598526918,-0.03491638854390611,-0.021294676358483245,-0.04448697261397605,-0.029188300329361927,-0.057100737247021804,72.81877381462242,75.1895120850945,75.0129806691478,-0.029251028754651687,0.17954521193346962,0.1967644704456861,0.1952802976433466,0.02769714776215825,-2.5616425698439063,-1.7205594779633817,-0.4719235311603427,high_vol_defensive,True,False,0.3
2019-06-24,69.8529699999166,-0.007524303130052812,-0.04892138093357845,-0.0075527535015073215,-0.05137497999139695,-0.042506118942041704,-0.06712998148514437,72.66372433023352,75.0882311444131,74.9905695813963,-0.031028504839360815,0.17850628127015336,0.19570981550160274,0.19555894953778633,0.02603745349627628,-2.4270749803058225,-1.8090588787056308,-0.4758969385877402,high_vol_defensive,True,False,0.3
2019-06-25,70.19528528985546,0.0049005116022879935,-0.02798920794770443,0.004888543180306824,-0.04548485744576358,-0.036212272668507905,-0.06310776715613475,72.53185240766825,74.99388793690267,74.97143427201728,-0.03254015196638149,0.1849019700329452,0.1972835539796869,0.19591581514847844,0.025873624709102473,-1.8234176095944556,-1.6127031507577128,-0.47332856545449475,high_vol_defensive,False,False,0.3
2019-06-26,70.10092122426452,-0.0013443077437649276,-0.01899095730286038,-0.0013452121360317834,-0.039601664694381755,-0.04074626802781467,-0.07287373831844224,72.38296839346026,74.86331664503592,74.94924832048574,-0.03424023568658041,0.18478532914072976,0.19636006829594072,0.19476241615091433,0.02451056538777838,-1.6495059884437206,-1.5641574381265761,-0.4740365739423741,high_vol_defensive,False,False,0.3
2019-06-27,71.30547406031333,0.01718312420168111,-0.008232857693617035,0.017037163985500228,-0.009255446716444293,-0.03180196401479263,-0.0607297923006751,72.26586145687077,74.733242305011,74.93839358424762,-0.03566305600576192,0.2028721289207219,0.20520867043793273,0.1981037332576784,0.023685458046155145,-0.7010889170945775,-1.1219496536674685,-0.4649988790668841,high_vol_defensive,False,False,0.3
2019-06-28,71.71686098653517,0.005769359668990726,0.018957985394487897,0.005752780649814837,-0.016620347533461866,-0.02476814669394911,-0.049512750802186645,72.17479112691169,74.61313238330236,74.92511414327406,-0.036707625311095615,0.19135016304046862,0.20684156832275338,0.19828363091140472,0.022272638991680756,-0.3414715010896522,-0.9485627184408567,-0.46191226517690775,high_vol_defensive,False,True,0.3
2019-07-01,71.45648781077763,-0.003630571279554795,0.022955613925405682,-0.0036371777986021806,-0.0270887873415816,-0.029538088088885472,-0.038565013239731605,72.06604455965483,74.50165232581426,74.91566442335937,-0.038037703938670675,0.18517161967617118,0.20680593564017638,0.1961636520011867,0.020046330783777083,-0.4673095580987407,-0.9935288099818441,-0.4638658310528372,high_vol_defensive,False,True,0.3
2019-07-02,71.69963532475194,0.0034027353068091237,0.02143092700150162,0.003396959102578887,-0.007158115618559946,-0.008840125592647463,-0.05013402711589521,72.03407021335691,74.41166996972557,74.90945751198088,-0.03838483676328963,0.16927671030341934,0.19832715458786207,0.19343156811464216,0.016927367688777426,-0.25623514516763063,-0.8804839979016936,-0.4620415083869739,high_vol_defensive,False,True,0.3
2019-07-03,71.70511873326473,7.647749514982927e-05,0.022884114516385612,7.647457089528923e-05,0.003458565971830918,-0.003165485483677344,-0.06668064672726104,72.02268509831775,74.30880830603905,74.898922042019,-0.038401579959824406,0.16014617572447803,0.19735687720157646,0.18952660864511187,0.009736342665963528,-0.24295327483249238,-0.844528363069937,-0.46200036666904076,high_vol_defensive,False,True,0.3
2019-07-04,72.57622753741411,0.012148488413913805,0.01782126118432248,0.012075287783553369,0.009441683583454319,-0.02310316656954836,-0.05379851566334848,71.93686535684625,74.2262314441714,74.89530027561574,-0.03950094208691868,0.16878441017117793,0.16218333096986,0.19144954245407897,0.01149409040664766,0.5317472525570737,-0.5369716391726074,-0.45546448435682974,mid_vol_neutral,False,True,0.6
2019-07-05,72.4179708383936,-0.0021805583507207293,0.00977608113648576,-0.0021829392298080216,0.028919401334374317,-0.016854107894776482,-0.042589165372974525,71.87479215368118,74.13049228222755,74.89442131553496,-0.040318479117848915,0.1189281177164016,0.15988914952323235,0.1895455471850284,0.013205089667083617,0.4768262041766271,-0.5610039854971466,-0.4566518758227295,mid_vol_neutral,False,True,0.6
2019-07-08,72.20066340366944,-0.0030007390735802275,0.010414388051963153,-0.003005250318046128,0.033609070648759065,-0.0194925746747473,-0.036258165872846804,71.80302437372299,74.04078081498767,74.88674830181002,-0.04117849950780261,0.10965362515026889,0.16006509178771472,0.18870620615847286,0.014600972732544366,0.37331136160019057,-0.6049332356685463,-0.4582823217695047,mid_vol_neutral,False,True,0.6
2019-07-09,72.63821930512557,0.006060275360764811,0.013090498663242522,0.006041985748235067,0.034801967186009364,-0.012265852776042085,-0.030358458331610105,71.75792267776491,73.92728827732381,74.9044152783532,-0.04200677074769987,0.1102708176440691,0.16196364059226398,0.18918980726870016,0.015618600077443931,0.8757921962311255,-0.4319172074841906,-0.4549993634716337,mid_vol_neutral,False,True,0.6
2019-07-10,73.08576780666718,0.006161336357402014,0.019254539951859106,0.0061424329317198755,0.04257927756546365,0.001291402598005309,-0.046244836085282515,71.76263574881384,73.7620548932539,74.92267973467342,-0.0421774020503588,0.10753986924868149,0.16149048296064017,0.18337785173574128,0.016422624032474947,1.3081753899316764,-0.24261110048795664,-0.45164143123498424,mid_vol_neutral,False,True,0.6
2019-07-11,72.67630808889565,-0.005602454897301823,0.0013789715293475169,-0.005618207510828834,0.019224807725460424,0.009791426825479066,-0.06596756633291934,71.79787098322434,73.58669691723658,74.93427615420893,-0.041855414263695656,0.08989200194138978,0.15438332532020207,0.1805215617695613,0.017801606739485165,0.8518770171408666,-0.3554840291413814,-0.4547135853840393,mid_vol_neutral,False,True,0.6
2019-07-12,71.76482562782861,-0.012541672589534092,-0.009019104001443679,-0.01262098318797643,0.0006688056425454558,-0.015962657673127767,-0.07665145099268689,71.73966397749426,73.39355783307039,74.9290092942566,-0.04256489371476058,0.11217496315622694,0.15328288025355233,0.18204523978310724,0.01906906455919536,0.02525674078650087,-0.7051194500846639,-0.4615523890636736,mid_vol_neutral,False,True,0.6
2019-07-15,71.41990459266346,-0.0048062686998490145,-0.010813734586354262,-0.004817855951796173,-0.0005119649626643685,-0.02758688379424601,-0.07283591267059875,71.63835659199324,73.21121792965037,74.90795658591888,-0.043648233684968174,0.11341503568645248,0.15100205764312774,0.18150401276215147,0.020294523356673845,-0.23923352047024984,-0.8598894744623676,-0.46414031296262537,mid_vol_neutral,False,True,0.6
2019-07-16,71.18879199229893,-0.003235969043681175,-0.019954058988397638,-0.0032412161141364766,-0.00712476890766911,-0.014231884606632383,-0.06574859733458183,71.58696769753121,73.04685744501006,74.88338255467997,-0.044020645765323385,0.1126857155303514,0.13995767832045497,0.18045397523578532,0.022241866674789612,-0.43862356624905396,-0.9776295659032103,-0.46587433832163494,mid_vol_neutral,False,True,0.6
2019-07-17,70.70768502373656,-0.0067581841902081274,-0.03253824724426968,-0.0067811241302944665,-0.013910216273938736,-0.010499759702773726,-0.07990449666523636,71.54945311837024,72.90121892571045,74.84448655803601,-0.0440250657222524,0.11653779901077142,0.13707165744782834,0.1797002564471588,0.024054068108424715,-0.9064341996442756,-1.2255240835027508,-0.4694840579239742,mid_vol_neutral,False,True,0.6
2019-07-18,71.05809088330466,0.004955696957840816,-0.022266089846111004,0.004943457910357314,-0.020917822620731163,-0.011673638499716699,-0.07361938006253566,71.50748790840697,72.7699510660371,74.81013181217628,-0.044147013563098136,0.09714612297118737,0.13636826885346282,0.18015573741231944,0.025560625825941034,-0.48266798088499246,-1.022907315065526,-0.46685498168374195,mid_vol_neutral,False,True,0.6
2019-07-19,71.2297137013502,0.002415246679331684,-0.007456465222301145,0.0024123346589598514,-0.016408318588421733,0.012036563995471816,-0.07739421972942839,71.54984611155137,72.65090799924496,74.77280815978729,-0.04310339717813649,0.09973751418404964,0.11297712893433841,0.17959957217365108,0.028334475488223865,-0.3573706332021725,-0.9103128797515612,-0.4655673049486514,low_vol_meanrev,False,False,1.0
2019-07-22,71.27756526345499,0.0006717921442926933,-0.0019929924300555735,0.0006715665929602157,-0.012785175325238596,0.020394197462757724,-0.07052988554825868,71.62107587472829,72.53940735448197,74.72367537563413,-0.04152097023211376,0.10003315598405832,0.10880741616894513,0.1792819262783869,0.030704357488597178,-0.426245932649278,-0.8701514374927332,-0.4652082772624627,low_vol_meanrev,False,False,1.0
2019-07-23,72.7816470483452,0.02110175592180874,0.022375081968220245,0.02088219721533503,0.0019745492743585835,0.036845234659421244,-0.07062952515698417,71.75039396265278,72.4541607306598,74.69177132560249,-0.03938020628975869,0.14792168943785866,0.12964853238342935,0.17922372138765566,0.030730359964781732,1.3360656240106192,0.25246699869190947,-0.4539232328602516,low_vol_meanrev,False,True,1.0
2019-07-24,73.60449833736884,0.01130575251308974,0.04096886091886365,0.011242320145832412,0.007097558748699884,0.049979045238161435,-0.09518356026173147,71.92557281830798,72.41071669948,74.66021947629251,-0.03662789470975081,0.15573927569497653,0.13325072426303053,0.16102400384365442,0.030252842592717356,2.165326495470517,0.9804964347578763,-0.4477494240778216,low_vol_meanrev,False,True,1.0
2019-07-25,73.59882024707873,-7.714325100183217e-05,0.035755665993709274,-7.714622669545718e-05,0.012693437276074748,0.03216227389254289,-0.09632835707150267,72.04024012764626,72.36981829739767,74.62733601889326,-0.03466686644947414,0.15184965561718905,0.12155358301072387,0.16095067329796844,0.029272271964208754,1.8438951753243031,1.0795015879737866,-0.44779202648261585,low_vol_meanrev,False,True,1.0
2019-07-26,74.28843762911829,0.00936995157971876,0.04294168499107842,0.00932632588544783,0.035165026588054316,0.03585735079880226,-0.08760975529368309,72.16881895977541,72.36574051732018,74.61131449967081,-0.03273626200361579,0.13479273501200706,0.12383746068378887,0.16250533910641585,0.02730269005989913,2.166050615222587,1.6998866363947884,-0.44261786450882334,low_vol_meanrev,False,True,1.0
2019-07-29,74.84173852454413,0.007448008237677106,0.05000413872044174,0.007420408780259909,0.04791148842044479,0.047374994454399966,-0.0707149301231188,72.33808149546374,72.37534341226556,74.59672676097507,-0.030278074703579794,0.12750350825860104,0.12364741848317543,0.16231891432120912,0.02446273842422524,2.2157562293215394,2.144243325216462,-0.438466477772151,low_vol_meanrev,False,True,1.0
2019-07-30,74.32581618437577,-0.006893510898322686,0.021216463197168967,-0.006917380906600334,0.04406626526850177,0.036627534404170436,-0.06398695076233951,72.46939053844493,72.4050998978626,74.57323814730186,-0.028211831229606577,0.1349953974700289,0.12781139264366137,0.1605526814263383,0.021476998579767634,1.544289790164494,1.6259629273285972,-0.4423374152274021,low_vol_meanrev,False,True,1.0
2019-07-31,74.09905606383968,-0.0030508931105925896,0.006719123662850324,-0.003055556572543458,0.04796325942455404,0.0333858638388167,-0.04988555367252234,72.58908740497368,72.43410827695328,74.5479290619398,-0.026276271944973395,0.12752700817022866,0.12885856432795464,0.15676005316000827,0.01739787056271413,1.2171412858620296,1.3817528948268973,-0.44403878416532017,low_vol_meanrev,False,True,1.0
2019-08-01,74.08678325712198,-0.00016562703183597982,0.006630038476229672,-0.00016564074950751627,0.042622765911220384,0.020813367833553365,-0.04553765831001477,72.66461519095908,72.45550846895789,74.48733590681526,-0.024470209515029873,0.12983768317299021,0.12285710246648957,0.15655190429756644,0.016902954526030883,1.1067880715914864,1.3318156464869337,-0.4441308663713147,low_vol_meanrev,False,True,1.0
2019-08-02,74.26968616013187,0.0024687656147130976,-0.0002524143673614532,0.0024657232191617837,0.042678431525466465,0.025569831635720908,-0.037731412732987524,72.757200957046,72.49092894477711,74.44357558475907,-0.022653057896084405,0.12981721601943297,0.12233854166633157,0.15634399948116295,0.016354281320718714,1.1354221583610358,1.4213655739395856,-0.4427585557679319,low_vol_meanrev,False,True,1.0
2019-08-05,74.04845497136895,-0.0029787548621913462,-0.010599480568119324,-0.002983200182329957,0.03887464025562948,0.025592445839017097,-0.03648728372749033,72.84959053543096,72.5128188504506,74.41312174505812,-0.02101149868411467,0.13384045445960097,0.12232833652575015,0.1562370459823782,0.015534443916393215,0.8845520769156956,1.209968375085982,-0.4444184414293526,low_vol_meanrev,False,True,1.0
2019-08-06,74.56518907969924,0.006978323970838751,0.0032205888560936646,0.006954088153052182,0.024505381558201256,0.026528317915933464,-0.03217369113587176,72.94593902415964,72.54746815722137,74.40122461308295,-0.019559968219493573,0.09642385274125817,0.1228452305651384,0.15688215033948003,0.014189200163473997,1.1508324499255431,1.5505332591128806,-0.44054141332142305,low_vol_meanrev,False,True,1.0
2019-08-07,73.60329226979066,-0.01290007873352883,-0.00669055478415137,-0.012984007320762568,-1.6385786268835467e-05,0.007081056663350349,-0.028681740291405244,72.97181524731583,72.55796197244868,74.36892412872321,-0.01878619191786557,0.10975289558606402,0.1312643895363971,0.15550348694258856,0.012340202171839851,0.4464404014046385,0.7993180226097666,-0.44775847313772543,low_vol_meanrev,False,True,1.0
2019-08-08,74.47559915191275,0.011851465542121131,0.005248114139891236,0.011781786913314394,0.011912947814796127,0.024757601346731217,-0.015442668406666415,73.06177980046668,72.57452169964489,74.33859226948658,-0.01717563421689905,0.12476626650097071,0.13526479581836304,0.15749861322317388,0.011040712993414156,0.9740911213727809,1.4326577794428867,-0.44121360171118895,mid_vol_neutral,False,True,0.6
2019-08-09,73.19489649450503,-0.01719627196010043,-0.014471444827563906,-0.01734584505791639,-0.014720206394334467,0.019927183744481436,-0.017416963560284326,73.1332833438005,72.56765427782064,74.30278529008186,-0.015739678421415326,0.14565838121745062,0.14238460708665612,0.15835214699672326,0.010013202405415577,0.04341914229866316,0.47419526533699125,-0.4508226445837683,mid_vol_neutral,False,True,0.6
2019-08-12,72.23595433096371,-0.01310121619768001,-0.02447722428653043,-0.013187794146286609,-0.03481725899146315,0.011426082727980624,-0.02858517869692101,73.17408583071551,72.5397449813216,74.27021457958845,-0.014758658704268623,0.14705512934608028,0.14974464332501905,0.16050716764685324,0.009868732721989347,-0.6806334307771265,-0.231099589103719,-0.45801753584794647,mid_vol_neutral,False,True,0.6
2019-08-13,71.40688687138743,-0.011477213352477311,-0.04235625561059131,-0.011543584894590632,-0.03927207883930284,0.0030636125854206497,-0.01964778264359668,73.18499057466992,72.52110027373516,74.22598382533054,-0.014024647394506706,0.1517433881024884,0.1553064475474354,0.15671528248758473,0.011289607129113876,-1.3049724930411244,-0.8415351180787494,-0.464237984222321,mid_vol_neutral,False,True,0.6
2019-08-14,71.64224683696195,0.0032960401424364516,-0.026643447220275895,0.003290620108626665,-0.033155742561161494,0.013217259381517854,-0.013852844490804483,73.2317186653312,72.51528878979344,74.18463339743634,-0.012845176803665037,0.15608751040265448,0.15342250283757605,0.1568087616469238,0.012410174818536639,-1.2349585582007316,-0.6577611316115299,-0.4624720911115251,mid_vol_neutral,False,True,0.6
2019-08-15,71.97236439645269,0.004607861618885378,-0.03361147522095187,0.00459727792421592,-0.0285397579394302,0.012866564549975035,-0.014303689524089336,73.27743234098861,72.46888363038562,74.15195868969242,-0.011793705306740287,0.16056584960578535,0.15329948666679263,0.1567458439057151,0.013390032205487923,-1.0694611244928336,-0.3806944058043106,-0.45999523689107824,mid_vol_neutral,False,True,0.6
2019-08-16,72.15487924626548,0.0025359018193069627,-0.014208876548075011,0.0025326918459280005,-0.028474698402611853,0.0129884776568705,-0.004741923666876535,73.32369061823437,72.43879251727704,74.1270592408767,-0.010837724184252107,0.1606284029283326,0.153318158990367,0.15617582275373146,0.013558120657438008,-1.012529137377208,-0.2194872088605994,-0.45862583782987587,mid_vol_neutral,False,True,0.6
2019-08-19,71.95583070173886,-0.002758629029746773,-0.003877897534812158,-0.0027624410590725177,-0.028260201653622752,0.009515833429170506,-0.013681628663182233,73.35760389014857,72.40518875125514,74.09782116025669,-0.009989730582053102,0.1606268180302567,0.15380626031819847,0.15571342784353753,0.013040327805196513,-1.274636106806199,-0.3500820586484642,-0.46011928830959314,mid_vol_neutral,False,True,0.6
2019-08-20,72.23460407061626,0.0038742290396580614,0.011591559798981965,0.0038667435417919396,-0.03125567088138037,-0.007516221463985007,-0.008212238123482374,73.33025174126212,72.3790757681817,74.07093177314013,-0.009999604624207015,0.15601660139478313,0.13412520373910425,0.1559019848735335,0.012975764909780736,-0.9770250979013437,-0.11346635736570673,-0.4580276667784109,mid_vol_neutral,False,True,0.6
2019-08-21,71.83545675127654,-0.005525707858099582,0.002696871229545428,-0.005541031055510667,-0.024018429936994767,-0.024034422162404145,-0.017011063861215314,73.2417996619575,72.35595477549347,74.03317658385322,-0.010689490285471837,0.14722624208867507,0.12789903120579058,0.15612389643557295,0.013080719818415161,-1.204613827407654,-0.4090667069948086,-0.46102244755896604,low_vol_meanrev,True,False,1.0
2019-08-22,71.39437262412716,-0.006140200774063298,-0.008030745928280458,-0.006159129330036226,-0.04137229593145819,-0.029952214119071785,-0.03059488396910559,73.13157728080992,72.34441015996232,73.98796204577594,-0.01157465000098501,0.12443756532827455,0.12900857947628439,0.15567459523471897,0.01277106778091971,-1.4076218941347716,-0.7430493273443881,-0.46433187794366726,low_vol_meanrev,True,False,1.0
2019-08-23,71.07728265554285,-0.004441386021468485,-0.014934493716561859,-0.004451278277449139,-0.028931167887110254,-0.04322550151891735,-0.033465364509786655,72.97101953213115,72.30737649822456,73.94420753861846,-0.013161112126045094,0.10145604691043289,0.12275498039431296,0.15587465914222437,0.012826022032370807,-1.4753260557393495,-0.9549896181103096,-0.4667109868531145,low_vol_meanrev,True,False,1.0
2019-08-26,70.56973307311483,-0.007140812978004729,-0.019263173187027527,-0.00716643060965764,-0.023066370110024992,-0.057080521319374466,-0.04158124504318905,72.75741925955968,72.24985011363319,73.90667741460965,-0.015550126121929853,0.08824939948750594,0.11842791569432429,0.15641444936710966,0.01313178787636116,-1.6686233232447067,-1.2920506277029868,-0.47051910395922114,low_vol_meanrev,True,False,1.0
2019-08-27,70.39810151479736,-0.0024320845615166675,-0.025424138187613465,-0.0024350468832265047,-0.014127283806770863,-0.052844554842628955,-0.026832240639935057,72.56103352608076,72.21348074629833,73.85581893269628,-0.017531257866024608,0.07217878313129146,0.11749164263795223,0.1524599674082893,0.013636767164347823,-1.5937489826451456,-1.368582229464519,-0.4718068462720999,low_vol_meanrev,True,False,1.0
2019-08-28,70.45739999136,0.0008423306209497383,-0.01918351775346716,0.0008419760596035264,-0.016538382001032526,-0.049145782226189594,-0.020511096624301617,72.37895072245678,72.19346921398642,73.79211229552863,-0.01915057760390848,0.068662298314926,0.11814169753675502,0.15209166299188454,0.014087177271090516,-1.3884515897759648,-1.290270168600344,-0.4713619330049389,low_vol_meanrev,True,False,1.0
2019-08-29,70.34903002586331,-0.0015380920316386826,-0.014641806627635812,-0.0015392761094904673,-0.02255496792695877,-0.050451012541421925,-0.053081883709902966,72.19206306089384,72.16250191285229,73.7285753955679,-0.02084011967450039,0.05924435147355177,0.11788370154867375,0.1355477932974471,0.014341429898848426,-1.3225659417652256,-1.323648250462976,-0.47217502700340486,low_vol_meanrev,True,False,1.0
2019-08-30,69.33922949714831,-0.014354149991034126,-0.024453005143957873,-0.014458167389437997,-0.03902230560884623,-0.0663858556282716,-0.05865107993717866,71.94554022774466,72.141635510026,73.66557379756026,-0.02334921838174242,0.07842737615903864,0.12336514390711763,0.1374667015370658,0.01429907073250935,-1.8075362288830126,-1.9942937644135943,-0.4797515058348115,low_vol_meanrev,True,False,1.0
2019-09-02,68.9796665187159,-0.005185563512025926,-0.02253184878496728,-0.00519905520807011,-0.041360987066626165,-0.06845231888515313,-0.06323471240261125,71.692100805112,72.124169440402,73.60620029240755,-0.026004595804315467,0.07833139963404673,0.12351383030526952,0.1377297946392688,0.014250059833551517,-1.8116256254095728,-2.1848133201174105,-0.48244928744334103,low_vol_meanrev,True,False,1.0
2019-09-03,69.21479737265483,0.003408698038212865,-0.01680875075720345,0.003402901595535308,-0.04180554094280464,-0.07175455159545863,-0.05881752729951406,71.4245812197598,72.10455968205798,73.54922380948032,-0.028887355701049056,0.07701083327828309,0.12009606289100776,0.13803117037261683,0.01437767107680851,-1.5415257578409314,-1.9626596444172475,-0.4806851133447734,low_vol_meanrev,True,False,1.0
2019-09-04,68.98975315014599,-0.0032513888799990953,-0.020830272496487168,-0.003256686130220415,-0.039614192347708355,-0.06268115158128906,-0.05482491640050646,71.19390426377757,72.0823363205756,73.47282648280577,-0.03101721177912653,0.07680252826649997,0.11505868763508062,0.13745420969187477,0.014985310008562994,-1.5352905397600165,-2.046569192176877,-0.4823736079924622,low_vol_meanrev,True,False,1.0
2019-09-05,69.2794239005671,0.0041987503534137716,-0.015204276802437522,0.004189960197671644,-0.029623465349219003,-0.06977017050573397,-0.03740613482139965,70.93409550121028,72.04181531738068,73.38752881119584,-0.03343120213650341,0.08582941656223098,0.10449739370049956,0.13509855128734716,0.016286642197730045,-1.3015807810883064,-1.7721542151696486,-0.4802002239960842,low_vol_meanrev,True,False,1.0
2019-09-06,69.02418546148998,-0.0036841882438781726,-0.00454351797594299,-0.0036909915803748543,-0.028885420451463473,-0.056980899390002726,-0.05354224129176843,70.72555994955952,71.98796180687978,73.30054709509108,-0.035129166801321166,0.0855544690797614,0.09133975619953622,0.13208446338569169,0.018384821581412563,-1.392256714064699,-1.8343534454075914,-0.4821152642200084,low_vol_meanrev,True,False,1.0
2019-09-09,69.79201101621821,0.011124007470636688,0.011776579077573457,0.01106259074653426,-0.011020617806373867,-0.03383278226723596,-0.04975136405434799,70.60336278382225,71.9546722709886,73.22816229840143,-0.035844126524481656,0.10678347628583737,0.09586770306593621,0.1333768044831138,0.019136324745442312,-0.6848785198119506,-1.3156607943422873,-0.476354310550263,low_vol_meanrev,False,False,1.0
2019-09-10,69.22380215784905,-0.008141459890547043,0.00013009913394301797,-0.008174782561826192,-0.016680838427176603,-0.03057246729535179,-0.04144156567668522,70.49420854814534,71.90515560765053,73.15841278868805,-0.03641692238783323,0.11249070102040935,0.09201013385306624,0.13011616434061968,0.019342466855541158,-1.0524501926050598,-1.5881877175829204,-0.4806175509277759,low_vol_meanrev,True,False,1.0
2019-09-11,69.02218210690857,-0.0029125827339089305,0.00047005468612137946,-0.002916832556980059,-0.020370009177565818,-0.036571504185455295,-0.03408709028307888,70.36320531164267,71.85149687512342,73.08015259058124,-0.03717763554982956,0.11173040074659707,0.09030988673183557,0.12858709079335404,0.019311940355949814,-1.10094328638712,-1.6290968335321805,-0.48213029528123896,low_vol_meanrev,True,False,1.0
2019-09-12,69.07766254231844,0.0008038058739425757,-0.002912284007127952,0.00080348299501082,-0.018072281637393828,-0.04021962983165417,-0.039218841475593846,70.21847021893595,71.7815255752215,73.00387850969645,-0.03815425080998325,0.11263602940546663,0.08767549576135483,0.12786297498421484,0.018947711313028043,-0.9599392873636371,-1.5216273572679513,-0.48171402857064916,low_vol_meanrev,False,False,1.0
2019-09-13,69.19331169860364,0.0016741903537103031,0.002450246040324844,0.0016727904592821132,-0.0021044046725479104,-0.04104459155913731,-0.016896772651283087,70.07039184155286,71.7170323924257,72.92376233732662,-0.03912813058896769,0.0888367846591985,0.08713119798037988,0.12062880488096081,0.0179953782226577,-0.7853600023130426,-1.393116065322157,-0.48084631919681875,low_vol_meanrev,False,False,1.0
2019-09-16,69.50038834089436,0.0044379526684357185,-0.0041784535375557486,0.0044281339956440185,0.007548917651510667,-0.03412430010046652,-0.005047482720099916,69.94761972351063,71.66302689117019,72.85190385307892,-0.03986558999783163,0.0868167440356685,0.09008147127688235,0.12003979237592176,0.016020063017116684,-0.4341133649327514,-1.177314304330571,-0.47854233973377003,low_vol_meanrev,False,False,1.0
2019-09-17,69.97961017040136,0.006895239594294722,0.010918325619110991,0.006871576144260444,0.011049845217760978,-0.031217640481706277,-0.003072501501539926,69.83487002849989,71.60985470847571,72.76857149289975,-0.040315501654256236,0.09143028968829159,0.09315525016302564,0.12046047085550424,0.01542616572982124,0.16465373676143386,-0.8828481036769219,-0.474946764227954,low_vol_meanrev,False,True,1.0
2019-09-18,68.36244620676753,-0.023109073624388743,-0.0095583170511645,-0.023380274547754206,-0.009092755296764343,-0.04834674548717599,-0.02479960301713191,69.66121950127443,71.51538827647772,72.63872158486579,-0.040990562865463764,0.15215610575627142,0.12008081673623637,0.12940613191943665,0.014996047755750514,-1.6178417373239584,-1.6683652211982263,-0.4870802581101338,low_vol_meanrev,True,False,1.0
2019-09-19,68.45847909081367,0.0014047607915561588,-0.008963584300864857,0.0014037750381725598,-0.011849763804786861,-0.041122198086538386,-0.039926737841915805,69.51442482460877,71.43103169651609,72.50886430687633,-0.04129756424806652,0.15018294922258216,0.11998991022138004,0.12419158907000794,0.014453512611418163,-1.4372057491062808,-1.5396590076306946,-0.48635972856751175,low_vol_meanrev,True,False,1.0
2019-09-20,68.70557841508447,0.0036094772707850886,-0.007048850120711991,0.0036029787405378365,-0.004615875497484323,-0.03336796444445134,-0.04198848820246137,69.39583961258585,71.3698467522612,72.38170229266579,-0.04125162279282968,0.15119761764317283,0.12127589942518174,0.12379308241911549,0.014374614619017581,-1.0515480667417854,-1.3538105635874498,-0.4845057556824164,low_vol_meanrev,True,False,1.0
2019-09-23,68.20133999136118,-0.007339119113108139,-0.018691238718860692,-0.007366182945549814,-0.022791591783870357,-0.03356103216799533,-0.04555426552780395,69.27741995849816,71.30547546023514,72.25834669494276,-0.04125373569685109,0.1396921759781696,0.12139658426430654,0.12440182972994361,0.01450950719389673,-1.6630040092689837,-1.5379938566901286,-0.48828902934358476,low_vol_meanrev,True,False,1.0
2019-09-24,69.29560128861112,0.01604457181323049,-0.009774402574187824,0.01591721808894635,0.0010372029348857392,-0.015660936906863876,-0.033529236588890954,69.22229494718884,71.2676116461614,72.15723454558572,-0.040674225070844616,0.16217104980655508,0.1366335703014186,0.12882207428963077,0.01577791271083075,0.12401369282728847,-0.967527534240744,-0.48007884592727,mid_vol_neutral,False,True,0.6
2019-09-25,69.30911271439612,0.0001949824452598392,0.013847756482635587,0.00019496343865345572,0.00415707818456279,-0.016297610713774557,-0.03341471377770788,69.16488058334065,71.23964019997459,72.07042956284252,-0.040315410871366475,0.1612751763140772,0.13655258286560343,0.12882470902153287,0.01687080618213096,0.2796252191919517,-0.93917376571416,-0.4799774704293066,mid_vol_neutral,False,True,0.6
2019-09-26,69.40663033726948,0.0014069956900935043,0.013850019150995596,0.0014060067991257435,0.004762289035902256,-0.013396058030187064,-0.043672664007104234,69.11776059891096,71.20661098905389,71.9882810275455,-0.03987482945364629,0.16133941798295548,0.13673747158409433,0.1261613879400961,0.017867360657290523,0.6575533635006923,-0.8688253535697564,-0.4792458009714492,mid_vol_neutral,False,True,0.6
2019-09-27,68.5074010633202,-0.012955956362952992,-0.002884443393620595,-0.013040616798523542,-0.009912961505169293,-0.011996505295206905,-0.053999991021567606,69.07616917721955,71.15216473629329,71.90153636776913,-0.03929494880468343,0.1745859904644479,0.1349558346841821,0.12860579492351773,0.018489275418286728,-1.2465129877212948,-1.2554658480328231,-0.48599266964988763,mid_vol_neutral,False,True,0.6
2019-09-30,68.380928734158,-0.0018461119119860259,0.002633214286106078,-0.0018478180767525782,-0.01610724246957429,-0.008679917065059217,-0.052904426212201594,69.04623228799167,71.09423200570734,71.81681968009465,-0.03857853082946949,0.1719956461579094,0.1339575414486739,0.12854670506701762,0.01900405117352858,-1.3806527196256482,-1.2663587137520376,-0.48694158470529514,mid_vol_neutral,False,True,0.6
2019-10-01,69.2723473301686,0.013036070327095528,-0.00033557625606961405,0.012951832063115863,-0.01010669877283632,0.0008314689878223813,-0.04633747918321374,69.04910978586736,71.02404601134381,71.73910337100179,-0.03749689442343618,0.1828761132526324,0.14172366098630632,0.13092670039657248,0.02010590810843307,0.46208820001729617,-0.817146919385983,-0.48025331912160507,mid_vol_neutral,False,True,0.6
2019-10-02,68.50613604728221,-0.011060853463423781,-0.01158544144725615,-0.01112247954917864,0.0021018826634739973,-0.007009984538011826,-0.06266106106320735,69.02492893072416,70.92207876554208,71.66639773251104,-0.036857842522599715,0.14884409212849042,0.14677896932141224,0.13179426377206802,0.02151808132397903,-1.0415359385849035,-1.1291138280860085,-0.48600216099690186,mid_vol_neutral,False,True,0.6
2019-10-03,69.30626240972252,0.011679630593791845,-0.0014460855837437059,0.011611950186742255,0.012383905254223171,0.00038739509719287746,-0.04637062294153671,69.02627085618192,70.83622760879496,71.6030229530963,-0.03598663842170857,0.15962374894052236,0.15213187717147367,0.13398201066246054,0.02298462894086703,0.5612616962040285,-0.7230205120117577,-0.4799988561113384,mid_vol_neutral,False,True,0.6
2019-10-04,69.55640837718323,0.003609283761139892,0.015312320969429916,0.0036027859268306776,0.012383710052748187,0.007710672891463322,-0.030772975915780876,69.0528820019666,70.74158702375625,71.55366377053821,-0.034949737536728254,0.1596236697687662,0.1519518822642893,0.13198757112922635,0.023484570767997728,0.9820190512967495,-0.5742991894067877,-0.47812202442692686,mid_vol_neutral,False,True,0.6
2019-10-07,71.08683260182225,0.02200263441349648,0.03957103124738026,0.021764069482198715,0.04230844453828286,0.018552575957485384,-0.004663573729772552,69.1176230812468,70.66648890530182,71.52091615878368,-0.03360266068462148,0.18170848879748122,0.16633436716227318,0.13946368307477544,0.024987226661889548,2.943785892180412,0.212510913052213,-0.4666393341219369,mid_vol_neutral,False,True,0.6
2019-10-08,70.78700522421933,-0.0042177625114111494,0.021865260127991615,-0.0042266823617548395,0.02152234640979045,0.022581872385537993,-0.005643961034246359,69.19578323456531,70.5957126860987,71.50040629198064,-0.0322323071564673,0.1730226561191132,0.16405057917771923,0.13957425166045198,0.0254661056280465,2.0766525824135247,0.10034263251106357,-0.46888892274353866,mid_vol_neutral,False,True,0.6
2019-10-09,70.70708172036629,-0.0011290702806239228,0.03212771585256258,-0.0011297081606593473,0.020170060634462583,0.024410987338070234,-8.53235924869189e-06,69.28002821523819,70.52787319922922,71.48099073809124,-0.03079087880745035,0.17357581548605552,0.16358369130103584,0.13889489387987466,0.025233297325058468,1.7077493770778318,0.09748501920162314,-0.46948858447657915,mid_vol_neutral,False,True,0.6
2019-10-10,72.74657466405786,0.0288442528537296,0.049639269738671166,0.028436087625255294,0.04812140152257083,0.0531128585813363,0.02376202005660577,69.46347382132517,70.50106902736793,71.47828874816291,-0.028187789077274594,0.21933402433708513,0.19060281359218914,0.15063933976385144,0.026542624184158453,2.887057118161061,1.2512436352298812,-0.4541863790654316,high_vol_defensive,False,True,0.3
2019-10-11,72.17508670641647,-0.00785587445567737,0.03764826836706314,-0.00788689440342193,0.0535370717056729,0.043093399269585886,0.013272171906095087,69.61256257171581,70.45917703829363,71.47505299153536,-0.026057908904805194,0.20902819582295037,0.19422351907833182,0.1515308633936413,0.0270776212216167,1.9931539162227863,0.9929655729046853,-0.4584742223476922,high_vol_defensive,False,True,0.3
2019-10-14,72.10206523087341,-0.0010117268835447835,0.01428158481526065,-0.0010122390246486482,0.054417753101627664,0.03743399068819597,0.011567454140316347,69.74264641621477,70.42024924348371,71.46653404696715,-0.02412160675959829,0.2082693787524433,0.1943474966949069,0.15155081060372566,0.026832895532463784,1.6850218245096298,1.0092615817472586,-0.4590220985350755,high_vol_defensive,False,True,0.3
2019-10-15,71.92274482872291,-0.0024870355873483074,0.01604446467125009,-0.00249013339766359,0.03826054119289313,0.027767154655334414,-0.011801082476902036,69.83980314913084,70.36740035846418,71.45743425784278,-0.022637688093795405,0.2068852785174106,0.19400878224166507,0.14525907222064982,0.02583256043641067,1.404988910987646,0.9897563117649321,-0.4603675298279878,high_vol_defensive,False,True,0.3
2019-10-16,72.62195307331581,0.009721656845244064,0.02708174777347594,0.009674705590078289,0.06007953832329571,0.06230770112680095,-0.013348983910596024,70.05277849245826,70.3477735745347,71.45286777349169,-0.019594584859375597,0.1906485933236452,0.17274337553351693,0.14476058643541728,0.025183822593703168,1.6438459317897924,1.4806542060168264,-0.4551214081304241,mid_vol_neutral,False,True,0.6
2019-10-17,73.17579732419514,0.007626402588211789,0.005900245642072255,0.007597468595066078,0.05583239926569461,0.06890772766254005,-0.005747686192026702,70.28864440412733,70.32177753798034,71.44814961881261,-0.016228624826135185,0.1882885125312533,0.17335255669718633,0.1456428902864268,0.024233352678914993,1.7367104694217124,1.9357082204115672,-0.4509659446271288,mid_vol_neutral,False,True,0.6
2019-10-18,73.03121730279359,-0.001975790175008374,0.011861857539008813,-0.0019777446232269132,0.049956704302032584,0.06295906369604798,-0.016923499355327887,70.50492634851278,70.31850395414611,71.44307911598338,-0.013131471642586434,0.1919197516150903,0.17439090651062067,0.14435740480309275,0.02306769408291799,1.46383402407163,1.847815859975148,-0.4520507207194795,high_vol_defensive,False,True,0.3
2019-10-21,72.63103463887846,-0.0054796110306629675,0.007336397457011534,-0.005494679169422049,0.0217227576547927,0.06495025828053191,-0.02953838231511252,70.72641108088865,70.32640556030441,71.433075270813,-0.009892674888282382,0.17211830487032423,0.1730321616825361,0.1438455603195417,0.021469022365590045,1.1212623556300552,1.55758854253694,-0.4550532696344689,mid_vol_neutral,False,True,0.6
2019-10-22,72.43853263048722,-0.002650409833046763,0.007171414313964286,-0.00265392838763787,0.023330940488817786,0.04535542348187449,-0.025392032684940502,70.88355764798246,70.3470384754864,71.43406937461079,-0.007706570988436412,0.1706546446162423,0.16726552861291932,0.1432967102362308,0.020671659248765975,0.9121814763177017,1.392462020890247,-0.4564976018071164,mid_vol_neutral,False,True,0.6
2019-10-23,72.06335670028136,-0.005179231502654091,-0.007691839029315473,-0.005192690212762438,0.019181600299654544,0.03973855497522716,-0.027472676059523304,71.02126984727673,70.35546067275278,71.43537473127311,-0.005796916241486483,0.17414878595688113,0.16922721881931838,0.14353179303601615,0.019729829701582373,0.6195927832923437,1.1306237018747305,-0.45931252654960497,mid_vol_neutral,False,True,0.6
2019-10-24,72.61213597988689,0.007615233382590736,-0.0077028384372914704,0.00758638386416155,-0.0018480414341405238,0.04618442974454773,-0.019904323178903005,71.1815451294076,70.36825610442148,71.41856986740355,-0.003318811038025782,0.0985819970299687,0.17036780351581735,0.14447432183454312,0.01861665839438022,0.8552924996067622,1.4693033006467833,-0.45519506525223685,mid_vol_neutral,False,True,0.6
2019-10-25,73.16516471543923,0.007616202554701523,0.0018341117345790359,0.007587345711117194,0.013717725245694146,0.06798920379148443,-0.014871766689725785,71.41443331201354,70.38846181380494,71.41362716554099,1.128841237374445e-05,0.09533912983991398,0.16132158907021601,0.14527771093982797,0.01714427836783383,1.0917932935273307,1.7825974469622388,-0.451045720516397,mid_vol_neutral,True,False,0.6
2019-10-28,73.13683094913475,-0.00038725760291369316,0.006963914430946794,-0.00038733260650363236,0.014351401932080288,0.0695501260807101,-0.012311182219624794,71.65222842276238,70.41208181875287,71.408635285004,0.0034112560306769346,0.09495131610929064,0.16078142554021227,0.14516368576603192,0.015311143147104063,1.0046646166474438,1.713105444093989,-0.451258307234779,mid_vol_neutral,True,False,0.6
2019-10-29,73.90244786342434,0.010468281225120002,0.020209068016391774,0.010413868180485985,0.027525409930000633,0.06683908820337181,-0.008888077995303223,71.88373344942515,70.44543869460902,71.41225723139537,0.0066021749809990204,0.10195493266019698,0.15899205326885413,0.14607061201704993,0.014126510179333855,1.3945026213555138,2.1001792221182916,-0.44551392487496433,mid_vol_neutral,True,False,0.6
2019-10-30,73.69090828801997,-0.002862416354534103,0.022585009389831212,-0.0028665209027158925,0.01471945010381348,0.07568332619371909,0.0011903817822191964,72.14297206146205,70.4825477253439,71.41925125041868,0.010133413587686046,0.0972815204030457,0.15167394918351607,0.14374583950564063,0.013740619133110107,1.2251569089521128,1.8893579452965616,-0.4471010948847637,mid_vol_neutral,True,False,0.6
2019-10-31,73.96247700637028,0.003685240481619445,0.018596630002144954,0.0036784666200208923,0.010750544728468814,0.06718317269976692,-0.006889802181998195,72.37578279129444,70.53390981298875,71.43915998647554,0.013110775728552904,0.09218670042571211,0.14871961651008658,0.14184638067608632,0.013995838087690006,1.397008306285898,1.943818348634395,-0.44506352945739003,mid_vol_neutral,True,False,0.6
2019-11-01,74.59040671995454,0.008489841592652203,0.01947978946071527,0.008454005572754214,0.021349629305731366,0.07237289072594821,0.019065676601568438,72.627482708433,70.60417229427699,71.45577439625077,0.01639767145597837,0.09728649411760575,0.1498599328577521,0.1383290768941089,0.014145221109180818,1.9037944851737816,2.1505290810797693,-0.44035220672849773,mid_vol_neutral,True,False,0.6
2019-11-04,74.11507552738631,-0.006372551290045103,0.01337553959552773,-0.006392942671260566,0.02043260013968551,0.042599210215569894,0.026013655025765026,72.7788948547112,70.67507914336242,71.4624646284978,0.018421282180189902,0.0993244698271295,0.13677551968626925,0.13620503491674,0.01596886578922793,1.3162625744695493,1.7926711943942126,-0.4439185909954809,mid_vol_neutral,True,False,0.6
2019-11-05,73.41652761784017,-0.009425179756958002,-0.006575157652181862,-0.00946987784372926,0.013501032555998327,0.037146964831917595,0.028143514365390976,72.91037097439225,70.73544766542328,71.4744642058608,0.020089787093692024,0.11314733134065973,0.14115622735350963,0.13549971751851964,0.017083710586277775,0.5573026029744848,1.3699041880699492,-0.4491597582348511,mid_vol_neutral,True,False,0.6
2019-11-06,73.04603183231501,-0.005046490177984642,-0.008751099296869458,-0.005059266712104375,0.013636266433170618,0.033079432145125764,0.019594374232116074,73.02731847998969,70.78722030224237,71.4903447581144,0.021499039165017164,0.11293412835853658,0.14293115658508088,0.1358422229180014,0.0179249804293655,0.025097752235934332,1.138695814710692,-0.4519395681045575,mid_vol_neutral,True,False,0.6
2019-11-07,73.14603618735738,0.0013690593798707518,-0.011038581346357268,0.001368123072554063,0.0073527682427407814,0.005491138588232136,0.01630725627463958,73.04729155615466,70.84316042547226,71.50283116916228,0.021599989283479948,0.10749708754283004,0.10066498596075922,0.13557146792092897,0.022261183264809026,0.13289126829918696,1.1455196957634288,-0.45118924082953504,low_vol_trend,True,False,1.0
2019-11-08,73.03061130296071,-0.0015780060056982403,-0.020911474887782777,-0.0015792523685265016,-0.001839036555194573,0.011853461292318457,0.012136837672561906,73.09006778598187,70.91698806158851,71.52931178580725,0.021819810105936144,0.10075919194526643,0.09629651145353971,0.1355445240639231,0.0253127541175553,-0.08324183248755641,1.045455802583704,-0.4520552675034979,low_vol_trend,True,False,1.0
2019-11-11,73.20849561413964,0.0024357499958611584,-0.012232058144657554,0.002432788365059897,0.000979871072821492,0.015345335528509363,0.017408803430998487,73.14538930514519,71.00156464349698,71.56286704194949,0.022113734798635765,0.10157881877221984,0.09630553945939817,0.13547223502856057,0.027107818939455176,0.09342056260594188,1.0885144796060398,-0.4507206111235873,low_vol_trend,True,False,1.0
2019-11-12,73.69378900246721,0.006628921742708904,0.0037765526867503674,0.0066070470581411495,-0.0028234363947287067,0.02462425729109574,0.020200635839638048,73.2339415138324,71.09114447609323,71.59785207907561,0.022851096607616528,0.09200007738228688,0.09763202233820514,0.13589758946509745,0.027803137815020116,0.7409110586306981,1.272201808391022,-0.44707948103984263,low_vol_trend,True,False,1.0
2019-11-13,74.03048061746291,0.004568792289733281,0.013477101499610677,0.004558387039155101,0.004608062749284159,0.01939534100281115,0.03055627353754331,73.30436789103976,71.19195902543956,71.63714767300759,0.023273123961360165,0.093679221195895,0.09330891278985842,0.1356016199573263,0.02957552153856948,1.1572806498534545,1.3750996701349567,-0.4445533020359822,low_vol_trend,True,False,1.0
2019-11-14,74.0644422644074,0.0004587522147800893,0.01255578736621632,0.0004586470201537554,0.001378607939649612,0.01214397345443663,0.037398880922134614,73.34880013805036,71.28765939271638,71.66473735504853,0.023499183073238505,0.09196844234170051,0.08994267844201974,0.13488611873909864,0.03094926846691462,1.1027820620604603,1.3320636899064637,-0.4442984896330989,low_vol_trend,True,False,1.0
2019-11-15,74.79892053962399,0.009916746184282621,0.024213260783585877,0.009867897935156196,0.002795450900975771,0.024204762047185246,0.052360441269499125,73.43718529989188,71.40315409427905,71.69555795057943,0.024291984037741576,0.09578977517670297,0.09514820901569382,0.13577906423127342,0.03125522880278919,1.8915340088872439,1.6045487635027424,-0.4387877388005679,low_vol_trend,True,False,1.0
2019-11-18,74.99968191971954,0.0026840144035125135,0.024466918634972634,0.0026804188690606108,0.011935579718951317,0.03261205478646967,0.06277406267096097,73.55561766393393,71.50730751234909,71.73098989166884,0.025437091764950015,0.08866092411751175,0.09188845735793275,0.1347873567403412,0.03133455027318899,1.8677107823150776,1.6145543578241994,-0.43728143700808064,low_vol_trend,True,False,1.0
2019-11-19,75.70376092267117,0.009387759853505484,0.02727464481622266,0.009343968689917458,0.031154201636133916,0.04507584808267784,0.07536651264322214,73.71887907854315,71.63690668764552,71.77103114764803,0.02713975123038148,0.07472965671613387,0.09436749065410358,0.13565680007646674,0.031134819969355455,2.2966470759149846,1.8344759735929936,-0.4319987702736028,low_vol_trend,True,False,1.0
2019-11-20,75.81430821655375,0.001460261584566691,0.02409585327844077,0.0014591964394199532,0.03789769703840484,0.05205074656559461,0.0760304556490965,73.90642665435675,71.77274920983842,71.81212304248092,0.029163649856681406,0.06074041246713814,0.09031532715340854,0.13565482708014698,0.03054550149153313,2.137419938482326,1.7874543103880578,-0.4311693398978468,low_vol_trend,True,False,1.0
2019-11-21,75.57575393235814,-0.003146560191701786,0.020405360814780726,-0.0031515210213210625,0.033217353552518425,0.040814361297568214,0.07429702875182875,74.05460755198031,71.90271103763922,71.84211830643035,0.03079654800980336,0.06928981902227582,0.09039789174636079,0.13583635340003888,0.029284920425347485,1.667529923202285,1.6042505915714191,-0.43295919980874364,low_vol_trend,True,False,1.0
2019-11-22,77.24067571308643,0.022029840181527316,0.03264425684016303,0.02179068918454746,0.05764794152770625,0.05570288830071046,0.11395347587851523,74.25838310186268,72.06365831792887,71.89034535517729,0.032939579508013184,0.11145024664199288,0.11371040257585266,0.1384466910088385,0.027585673528259302,2.6349142119899027,2.1784909731918685,-0.4204673816041249,low_vol_trend,True,False,1.0
2019-11-25,76.72263278684386,-0.006706866834863878,0.022972775657483346,-0.006729458937711628,0.04800176732528705,0.049028673941354795,0.11224998117419283,74.43767319374814,72.20810320684787,71.93556504900904,0.03478263002500137,0.12715870761795184,0.11814065100071292,0.13881093036363512,0.0256039644511077,1.865276224803396,1.853115468599926,-0.42435422970216596,low_vol_trend,True,False,1.0
2019-11-26,77.09568157454264,0.004862304305109033,0.01838641350055603,0.004850521482541147,0.046162541214450625,0.04320876782078398,0.11386126234621274,74.59733487930406,72.35042463493069,71.9801396717032,0.03635996289445553,0.12672782524954027,0.11470266919466501,0.13891426969728274,0.02341227406140299,1.8465525988272589,1.8904820809511094,-0.4215552647950289,low_vol_trend,True,False,1.0
2019-11-27,77.16234982803249,0.0008647469239297934,0.01778083376594597,0.0008643732457177764,0.042305131405979246,0.047108138855399107,0.11846102217672905,74.77090695630469,72.52642270735599,72.02090549191685,0.038183378084526876,0.12807067782022916,0.11330033549125632,0.13852595923951336,0.02154809137769823,1.6495159680979925,1.8301027854620842,-0.42105505648959707,low_vol_trend,True,False,1.0
2019-11-28,76.19030914401488,-0.012597344251230602,0.008131645133262921,-0.012677363522780755,0.028702935101005744,0.030121113134876643,0.09975379202584866,74.88229856318691,72.68105930842002,72.05604550246805,0.03922298317942041,0.1530336391117407,0.12486565919731203,0.14158101228591377,0.019937455806561144,0.8898950762134299,1.3949451130198012,-0.42834822524550686,low_vol_trend,True,False,1.0
2019-11-29,76.67220677646928,0.006324920293255598,-0.007359709523111269,0.006305001928823099,0.025044295069110545,0.027909756067301394,0.11080205096004048,74.98638856601264,72.84039187564771,72.10511931395446,0.039959288320608355,0.14942593886478686,0.12349046169080988,0.14146379742994306,0.017901915266717063,1.1084233758182402,1.5259850493063305,-0.4247325733346866,low_vol_trend,True,False,1.0
2019-12-02,76.84915561964634,0.0023078616178733302,0.0016490939923032855,0.002305202595567543,0.024659753916109972,0.036889662093776865,0.10111679690370567,75.12309257062564,73.01334818821341,72.15941182422428,0.0410712985524424,0.1494260489605828,0.1200342756799685,0.14012720229901512,0.01685981568022075,1.105864322883558,1.5450421782768926,-0.42340493572067295,low_vol_trend,True,False,1.0
2019-12-03,76.77456033080844,-0.0009706715478710048,-0.004165229973662088,-0.0009711429545766675,0.014144599886273257,0.04573946523932659,0.10907748400964179,75.29099420627406,73.16292736905736,72.21526950760938,0.042591057537223476,0.144997494305065,0.11305953983001094,0.13875204789055526,0.014965884091995946,0.9582831030197105,1.4566610643279896,-0.42396462014421177,low_vol_trend,True,False,1.0
2019-12-04,77.00165102401807,0.002957889856107787,-0.0020826064054886295,0.0029535239071193913,0.015661196882161388,0.0541524172152652,0.11560731164294524,75.48877516585921,73.31677813524979,72.27820916761219,0.04441955653330809,0.14519729515662086,0.1097169480544254,0.13842808159628667,0.01225173135946935,1.0098514081279115,1.4894169851277534,-0.42226077093737713,low_vol_trend,True,False,1.0
2019-12-05,77.339666583182,0.004389718332902914,0.015085349463467956,0.004380111622955344,0.023339663305278924,0.057332298705605744,0.11960456878230463,75.69845668565044,73.47543886016805,72.34102492461096,0.046411172146626045,0.1432250695389446,0.10976840933900782,0.13850602501640102,0.012276135727134147,1.1353801630078009,1.5628612032993292,-0.41972465845192375,low_vol_trend,True,False,1.0
2019-12-06,77.36436331664895,0.00031932816054225377,0.009027476438725479,0.0003192771861566119,0.0016013273112984727,0.05934158206221318,0.11809019423202738,75.91514428633486,73.65257810523462,72.40237142076396,0.04851737307272086,0.0919796163920979,0.10896521718891684,0.13854420466212358,0.012139289107086912,1.0767331327204472,1.5298882831723175,-0.4195393601944992,low_vol_trend,True,False,1.0
2019-12-09,77.58486190652539,0.002850131254541033,0.009573381528358293,0.002846077331438876,0.011238262926626108,0.05977948673405731,0.11632271068727373,76.13396260095413,73.83665676868196,72.46544438719467,0.050624380279212566,0.08413502281686787,0.10895128391083263,0.13845812852484643,0.011965848959412849,1.1759401776011986,1.5838781276301674,-0.41788497118295875,low_vol_trend,True,False,1.0
2019-12-10,77.66940756594785,0.0010897185010694255,0.011655517547527028,0.0010891251888533859,0.00744173966281747,0.05394781049116015,0.10988625653703599,76.33274352912818,74.00459797339755,72.51432199237068,0.05265748105814505,0.08154165685494132,0.10822853578771793,0.13806933074436614,0.011805372647774379,1.1762236346186163,1.5704012336874327,-0.4172506296663062,low_vol_trend,True,False,1.0
2019-12-11,77.26585546853578,-0.005195766390640011,0.0034311529818404907,-0.005209311322739234,0.001341400835173756,0.04370328037975324,0.13023830707928719,76.49451227168183,74.17979236182263,72.55093556368234,0.054355973184356365,0.08681544473939837,0.11143808523976355,0.12885211688110432,0.011419605507682203,0.7597606895492359,1.3780933196656657,-0.42027845925885265,low_vol_trend,True,False,1.0
2019-12-12,77.4916699303431,0.0029225647012900424,0.001965399566309367,0.0029183023117933717,0.017080397769070332,0.04627359041874124,0.13195138074198876,76.6658736549786,74.34350051223504,72.589864060515,0.05615122231205194,0.05029892599319082,0.1112810110003473,0.12885595437324932,0.01066249636845947,0.9590989109673193,1.4480556765996742,-0.41858418554730514,low_vol_trend,True,False,1.0
2019-12-13,79.45058604099013,0.025279054024876402,0.02696619780611864,0.024964823366803834,0.036237110960180896,0.06218893892863009,0.15639206995667432,76.89845693004692,74.54138406551118,72.64148554463371,0.058602482500135,0.12842432181648183,0.13588972298747437,0.1373152043403873,0.011791625141075604,2.6766960204632704,2.2522066489118213,-0.40388654376283784,mid_vol_neutral,True,False,0.6
2019-12-16,79.28779304018536,-0.002048984267035925,0.021949270667152465,-0.0020510863071547783,0.03173278093787668,0.05717505742298834,0.1625547687219704,77.11286248607021,74.70540327427844,72.68594608979012,0.06090470901777145,0.1314731595511356,0.1370946052281215,0.13612540298149794,0.012331287300801266,2.2066971191050384,2.0617178716467466,-0.4051079708560362,mid_vol_neutral,True,False,0.6
2019-12-17,79.29446970635277,8.420799610386887e-05,0.02092280849477457,8.420445080959164e-05,0.03282219220385607,0.047431048866243275,0.1442929743274337,77.29239792525428,74.8755525639211,72.7356326250099,0.0626483215418896,0.13064938863347478,0.13514599076372272,0.13326693771232492,0.012478583766291185,1.9233995184478208,1.9709080554711873,-0.4050578761903638,mid_vol_neutral,True,False,0.6
2019-12-18,79.56992459335399,0.0034738221722308005,0.02982001701587933,0.003467802389064533,0.033353487038022545,0.04953703944739307,0.14804419616854525,77.48017874409429,75.05280942138087,72.79034131030504,0.06442939199579367,0.13064112571233816,0.13515841691451055,0.13321687777521918,0.011836183107217953,1.904195551448614,2.002186670524558,-0.40299115304947986,mid_vol_neutral,True,False,0.6
2019-12-19,79.51751539145857,-0.0006586559201011699,0.026142751381361462,-0.0006588729292064988,0.02815953189989795,0.05215642919855479,0.14567606877119665,77.67726681704931,75.18822823592888,72.84464863164841,0.06634143037517926,0.13193146133928935,0.13407515115304797,0.13334573776090458,0.010602194799799104,1.68619745894715,1.8683128743022652,-0.40338437646087655,mid_vol_neutral,True,False,0.6
2019-12-20,81.31712654986089,0.022631632157304793,0.02349309931971777,0.02237933625526877,0.05109281668917065,0.05277596032324472,0.18698308923879448,77.88108935888803,75.37106903279776,72.9151230355457,0.06810612279871564,0.16382141846424902,0.13524500396035738,0.1358725538368559,0.011081862577243168,2.536806766731282,2.4444965539630497,-0.38988199112963806,mid_vol_neutral,True,False,0.6
2019-12-23,80.93140720752142,-0.004743396117212306,0.020729725274394095,-0.004754681722782476,0.043133998292449904,0.05485701243296304,0.18353770131077685,78.09152807992191,75.54765587233074,72.98395255790723,0.0699821720118845,0.1709471387554721,0.13362104456983742,0.13643309705145415,0.011448283348502888,1.911582450304041,2.145320138720062,-0.39277602252395505,low_vol_trend,True,False,1.0
2019-12-24,81.25258300417748,0.003968493910312398,0.024694197528227324,0.003960640209739217,0.04613367798881707,0.053918732472915565,0.17294398321610505,78.29937315140366,75.73425263583982,73.05082649715202,0.07184787504705725,0.1700497112679505,0.13346741972223014,0.13479687075980842,0.01165469950535905,1.8191958554746726,2.1385871515945483,-0.3903662578671456,low_vol_trend,True,False,1.0
2019-12-25,81.59113852305528,0.00416670469245739,0.025401732376030273,0.0041580480166703345,0.05597922948359568,0.057395720903951064,0.1910048242502238,78.5208125861548,75.9136363448346,73.13070495968465,0.07370512330547885,0.16126058556416742,0.133392163134445,0.13173622869162485,0.011718410192529007,1.7477961963793303,2.1265667284145215,-0.3878260940931203,low_vol_trend,True,False,1.0
2019-12-26,80.73904454145689,-0.010443462329645103,0.015361762046824934,-0.010498377956492288,0.04190611215415596,0.05970228298777469,0.16496030422397356,78.74824935602689,76.06490128917984,73.19333941358009,0.0758936535339465,0.1801161413807946,0.13027136339309284,0.13326849559456222,0.011822082131215139,1.1485038979401034,1.7151589133692193,-0.39421930921865045,low_vol_trend,True,False,1.0
2019-12-27,81.09727639680807,0.004436909767581376,-0.0027036143845787786,0.004427095702145659,0.020725968653879656,0.05771412883992855,0.16592098828683377,78.96950283704385,76.22622247106014,73.27236321260312,0.07775291221207392,0.1369380578830953,0.12979129712757576,0.13330652261706125,0.011907849485219862,1.2250739670379358,1.752093110826777,-0.3915315149547105,low_vol_trend,True,False,1.0
2019-12-30,82.16223331872104,0.013131845719480673,0.015208262819940588,0.013046370518391923,0.03625325120449285,0.06913644862112722,0.15580101562458526,79.23515672199758,76.41684644465698,73.3716260024807,0.0799155073831761,0.1450644179655483,0.13479223374876884,0.12895950865227382,0.012122124492614982,1.6255895425877878,2.01284352583314,-0.3835412006839296,mid_vol_neutral,True,False,0.6
2019-12-31,82.30119199548189,0.0016912719037445179,0.012905546538138912,0.001689843313947363,0.037918436181788806,0.071985194586073,0.16265961153168051,79.51148830523124,76.61409963195688,73.48056905372164,0.08207502104536513,0.14419406928527279,0.13398088085429494,0.12822137235817907,0.011987806685105218,1.5269201314065735,1.9516520458275644,-0.3824986012368303,mid_vol_neutral,True,False,0.6
2020-01-01,81.21333005538604,-0.013218058131595045,-0.004630508588410964,-0.013306194181846387,0.020653600847691633,0.0546959574938759,0.14858834616552352,79.72207225679965,76.79709909905898,73.57627988590588,0.08352953398057084,0.16758814123623642,0.14658418449418642,0.13203834788359803,0.012262282931698246,0.8453167977603071,1.5177742363552766,-0.3906607706220232,mid_vol_neutral,True,False,0.6
2020-01-02,81.53951302226112,0.0040163722710622185,0.009914267444584457,0.00400832817946973,0.025428330108761665,0.054303911881518285,0.12087082311172526,79.9320645787536,76.97564663990646,73.67195137216396,0.08497281651962507,0.16707870656630677,0.14653330076297003,0.1200123771589404,0.012242483774203438,0.937340711046551,1.5621577807815699,-0.38821343743747905,mid_vol_neutral,True,False,0.6
2020-01-03,80.80180263009693,-0.009047274932372784,-0.003643448705544561,-0.009088450060844052,-0.0063372126097935855,0.044431818037184545,0.11952484322978352,80.10393654442599,77.12837939819961,73.75842060600229,0.08603107124974585,0.13268073670486252,0.15220345947230188,0.12045141074966681,0.012299609962076324,0.4325814469880454,1.2589458888668308,-0.3937484386689134,mid_vol_neutral,True,False,0.6
2020-01-06,79.36786153549109,-0.017746399807072266,-0.034010416591161996,-0.017905755299149537,-0.019319393125355466,0.022981282497014144,0.10077098736842482,80.19308652587429,77.25300000992674,73.8325409143398,0.08614826921524976,0.15773103558402504,0.16782849762909835,0.12689625057652887,0.013628771932937178,-0.5454705529860885,0.7351765907544697,-0.40450722125995675,mid_vol_neutral,True,False,0.6
2020-01-07,79.49756502437198,0.0016342066722170312,-0.03406544793742261,0.001632872809500442,-0.021599534622982586,0.02353767739082957,0.10531884195587593,80.28449439879549,77.3649023531457,73.90517052387736,0.08631769373777565,0.15571991479667938,0.16783533150500177,0.12660551393672906,0.014135138082560816,-0.5606316605905277,0.7476736699094061,-0.4035340629876827,mid_vol_neutral,True,False,0.6
2020-01-08,80.61374094490907,0.014040378723485292,-0.007382890346548487,0.013942725602464292,-0.01197921239780253,0.043329430005943914,0.11004644647225503,80.45188867261416,77.50335900628347,73.99295336581368,0.0872912218393036,0.1737565603886864,0.17192727683507236,0.12807488031524886,0.014771498433839519,0.13363683743460478,1.095820247678042,-0.3951594553363712,mid_vol_neutral,True,False,0.6
2020-01-09,81.38326123708549,0.009545770772532602,-0.0019162707671919188,0.009500497785058837,0.007978998256510383,0.05021947920648162,0.11216090856555105,80.64646823795127,77.65177469089777,74.09284225194327,0.08845153980897691,0.17279435493655126,0.17390349128073834,0.12850919434033,0.01493145590873496,0.7326125552771798,1.3122931045064596,-0.3893857861430784,mid_vol_neutral,True,False,0.6
2020-01-10,82.22511480292845,0.010344308559845805,0.017614856680206792,0.010291172324317636,0.01390722914789233,0.03492143859715369,0.12588996650591455,80.78519467604818,77.80446885255725,74.20432057341712,0.08868586157486602,0.17867400259777702,0.1550239568176172,0.1294378835605628,0.015035060375801388,1.407175278630812,1.5346874980675087,-0.3830694043039148,mid_vol_neutral,True,False,0.6
2020-01-13,82.5738468118441,0.0042411860384929945,0.0403939984564079,0.004232217558040381,0.005009765149960765,0.041444636628910514,0.13689481669098225,80.94949736463113,77.97364427824641,74.32436171080441,0.0891381439588419,0.1676151127167272,0.15457980332108265,0.12856535861516588,0.015096530114614672,1.5710250263320444,1.5821030132077745,-0.38045288687472933,mid_vol_neutral,True,False,0.6
2020-01-14,82.76903406535956,0.0023637902441462355,0.04115181439814708,0.002361000886759487,0.005684511469813858,0.04381849543699534,0.14261058389419312,81.12322558258145,78.1606944071968,74.44807103631004,0.08966188718329304,0.1677772282703881,0.15440161797587248,0.12817198380090364,0.015030893871413445,1.5930362474646573,1.5839859300595398,-0.37898840745293494,mid_vol_neutral,True,False,0.6
2020-01-15,82.84488574472165,0.0009164258133325109,0.027676978808579777,0.0009160061515698504,0.020089752362363766,0.04115827893647639,0.14961180741665614,81.28697364014985,78.35667148544493,74.57194589384366,0.090047640112078,0.1491057623338111,0.1543867697518643,0.12726718950927676,0.01489977665178413,1.5073970978756914,1.5542409281459142,-0.37841929639914607,mid_vol_neutral,True,False,0.6
2020-01-16,82.4266194892871,-0.00504878788442531,0.012820305261079579,-0.005061576075377237,0.010879467317689295,0.0365844441128127,0.1351631290961992,81.43242884504129,78.54228315148353,74.6927217884779,0.09023244695312549,0.15262849370196266,0.15618942246118583,0.12767843170473664,0.014694259505038871,1.0203166765190559,1.3658513696953951,-0.3815575255246786,mid_vol_neutral,True,False,0.6
2020-01-17,81.90821458848806,-0.00628928984363375,-0.003854056211413104,-0.006309150744769741,0.013692911820992304,0.007268924317741954,0.11949743989579087,81.46198324697262,78.71983521719407,74.81841163939129,0.0887959455702152,0.14804107601116487,0.1377916667577143,0.12831298909424144,0.014585830219863802,0.4554948287614559,1.1514966612583675,-0.385447089498268,mid_vol_neutral,True,False,0.6
2020-01-20,82.3627582290531,0.0055494267925224605,-0.002556361256512596,0.005534085454577526,0.03773437554724568,0.01768597718635312,0.12614611762895223,81.53355079804922,78.90292046949234,74.95224255649465,0.08780668886049625,0.10302491266457736,0.13754142198900784,0.12843476587469393,0.014401584517081513,0.8366718861386516,1.2819892287687706,-0.38203667311130707,mid_vol_neutral,True,False,0.6
2020-01-21,80.09699560505787,-0.027509552529725645,-0.032283069271917375,-0.02789502619045245,0.007540238251349196,-0.014222162008808992,0.08382060298031502,81.47577142809324,79.03098460154415,75.0610645388187,0.0854598443105894,0.18824980935100424,0.1698557829880887,0.14074971462657498,0.01468218797564778,-1.3247771045419587,0.4105472283134473,-0.3990365677137956,mid_vol_neutral,False,False,0.6
2020-01-22,79.64007217324644,-0.005704626351585418,-0.03868450710826654,-0.005720959879895097,-0.01207819858314263,-0.02391272367473496,0.08073131439735048,81.37821811060279,79.14317643265983,75.1675677290497,0.08262407005026562,0.17504122145240852,0.1697485817386933,0.14123540272018484,0.014710931744570983,-1.5547556463095356,0.19913221274014475,-0.4024648395459547,mid_vol_neutral,False,False,0.6
2020-01-23,80.35850221004553,0.009020961649008008,-0.025090405163472274,0.008980515832597059,-0.012591766555712702,-0.0047132379825967075,0.08647662250581978,81.35919099403222,79.2690576315726,75.27835851214448,0.080777963309425,0.17416015648971958,0.16968304689717592,0.14203589393976884,0.01424288191211001,-0.8835725582995734,0.4557537598640535,-0.39707449777956483,mid_vol_neutral,False,False,0.6
2020-01-24,81.03239467094147,0.008386075429012818,-0.01069269940685147,0.008351107657364186,-0.014505545353698857,-0.0008000481489555122,0.08636483207784362,81.3559469077389,79.39372711419894,75.398440604239,0.0790136540723756,0.17076638754030452,0.17167603416107946,0.1420139991273491,0.013521535763019291,-0.2854627161401874,0.7081981299568941,-0.3920183190398687,mid_vol_neutral,False,False,0.6
2020-01-27,81.61077110902784,0.007137595284392839,-0.00913018378930397,0.0071122432148968545,-0.011663204997712784,-0.006711869765686385,0.10113590964191599,81.32837379725423,79.5259488979851,75.5166282051671,0.07695981309305178,0.17403668432955197,0.16685288760526523,0.1415455574702874,0.012710740054909343,0.2522745252052548,0.9284360290511637,-0.3876787918608505,mid_vol_neutral,False,False,0.6
2020-01-28,81.15541183890731,-0.005579646705116792,0.013214181454049623,-0.005595271079892238,-0.01949548215312058,-0.013921792975215674,0.10541065441491404,81.27108478942552,79.63498191630983,75.63594430197767,0.07450347238277955,0.1741554430310226,0.1677052931881952,0.1404762068374143,0.011550961180018448,-0.10553391437116377,0.6949725689825862,-0.39109532787231727,mid_vol_neutral,False,False,0.6
2020-01-29,81.34954110662026,0.002392068049611895,0.02146493450753173,0.002389211609128047,-0.01804993301226998,0.001677200665719969,0.11367502198294432,81.27789534198722,79.74568657411115,75.7592178919748,0.07284496334005874,0.17498209411074797,0.16121451034559195,0.1397734675117609,0.011138349627538669,0.06536311729817346,0.7530702779559822,-0.38963878646086114,mid_vol_neutral,True,False,0.6
2020-01-30,81.68165117432297,0.004082506959288468,0.01646557523955483,0.004074196139393604,-0.009037957877927605,0.0017431812724100215,0.11669278927298721,81.28500224959032,79.86780451895045,75.88525777829483,0.07115669932981317,0.17618323937245708,0.1612358081539158,0.13984550689298075,0.010653495527434529,0.3611272984178965,0.8806470934177272,-0.3871469825589079,mid_vol_neutral,True,False,0.6
2020-01-31,82.7056363519888,0.01253629380582022,0.020649046444228603,0.012458365090257604,0.009735552990710827,0.023561772880333454,0.1324790368916966,81.3801939356849,79.9771037317285,76.0203810248287,0.0705049466814125,0.18503710135749787,0.16312178365086202,0.14133863191725224,0.01045258602717992,1.1666271507265953,1.322977200294935,-0.37946407707248286,mid_vol_neutral,True,False,0.6
2020-02-03,83.68447374982897,0.011835195774013707,0.025409668510921968,0.011765707578090437,0.01604748977808801,0.054387407331210724,0.14309784742613907,81.59602454640181,80.11634055098821,76.16222187891803,0.07134511747992822,0.19189805787411343,0.1508485181717664,0.1427356416892525,0.010610602442621339,1.8260190004671966,1.7210799795861313,-0.3721199129398275,mid_vol_neutral,True,False,0.6
2020-02-04,83.32245685014767,-0.004325974502313645,0.026702409144838457,-0.004335358603377872,0.040269441078587986,0.048113320509918456,0.13065779325525106,81.78726913769057,80.24087605650031,76.2956503457155,0.07197813724755098,0.11180101195797164,0.15287427128058664,0.14307239634758756,0.010614113706479928,1.4045353643521976,1.485055830121252,-0.3748361061869603,mid_vol_neutral,True,False,0.6
2020-02-05,83.0311450549499,-0.003496197858419925,0.020671339081380413,-0.0035023238407511995,0.04257998252847672,0.02998749446068838,0.12158052146109988,81.90813934319263,80.35825196103865,76.44233733419733,0.0715022878630649,0.10688730202837445,0.14774649573567286,0.14342953021157157,0.01056444020196183,1.0302074200275622,1.2954325685755688,-0.3770218028536708,mid_vol_neutral,True,False,0.6
2020-02-06,83.21598711276569,0.002226177390344919,0.01878434037980181,0.002223703128874486,0.03555921058920575,0.022519690754848387,0.12356192213920414,81.99977563697664,80.49876552041366,76.58991241441684,0.0706341481798256,0.10369917643907084,0.1447265275933428,0.14339655118415903,0.01038479423981045,1.085663390987848,1.3503171288643467,-0.3756349428765058,mid_vol_neutral,True,False,0.6
2020-02-07,84.73959874472176,0.018309121658214966,0.024592790557545152,0.018143527887086862,0.045749654676189744,0.030580485631669374,0.13289868534709393,82.1254998340663,80.66011335977872,76.75025261771322,0.07003556383230114,0.12625071982836986,0.1539052100789938,0.14638002056271027,0.010401041047426849,2.047062694610212,2.0169466431393848,-0.36420336708649337,mid_vol_neutral,True,False,0.6
2020-02-10,84.35206516946803,-0.004573228820933806,0.007977482437599992,-0.004583718023758575,0.03358985613281318,0.021534885757179767,0.12469897218710058,82.2144107519475,80.81017155077515,76.91175986949429,0.06894460471910757,0.13294054634840435,0.15503876893070354,0.14701554749312776,0.010395218242822978,1.562057983249379,1.7600398102067722,-0.36711101057238615,mid_vol_neutral,True,False,0.6
2020-02-11,84.0377000325066,-0.003726822056221768,0.008584038558119733,-0.003733783960108441,0.03551566221265201,0.015327785100708313,0.11008619662038033,82.27784405030485,80.95543434480912,77.05918085693324,0.06772279610732546,0.12974647429613304,0.15589127157329039,0.14665805724733103,0.010378476027445203,1.2360002218719253,1.559084218872856,-0.3694696752173249,mid_vol_neutral,True,False,0.6
2020-02-12,81.33952093963175,-0.03210676984057359,-0.020373368501646394,-0.032633497211068785,-0.00012317422879348783,-0.01817088395448485,0.07287823173557095,82.20257581005035,81.04219174312139,77.1794849391856,0.06508323908643265,0.2213977046278487,0.1947994605612959,0.16227681146055545,0.013287084438898492,-0.602673576266689,0.15703988545809547,-0.3897139672326243,high_vol_trend,False,False,0.3
2020-02-13,78.88587355719952,-0.03016550078101976,-0.0520346354805411,-0.030629841403723754,-0.03422773140514468,-0.0429563404883756,0.04379869802958236,82.02553851344598,81.07311588260174,77.2742773713849,0.06148567548844519,0.2662530832458649,0.22067352447675087,0.17438105421928782,0.019039753082247746,-1.949354409441724,-1.1863964899748127,-0.40812355103071407,high_vol_trend,False,False,0.3
2020-02-14,80.0473037858863,0.014722917758458243,-0.05537310806687923,0.01461558779580917,-0.03214209675854307,-0.022719464854057625,0.036336140859580146,81.93249297331589,81.1267746919865,77.38967639861056,0.058700550074749946,0.2701043035403072,0.22787039290311661,0.17119070152564572,0.02307699763405797,-1.1285884939191777,-0.6095017599948923,-0.399409402749371,high_vol_trend,False,False,0.3
2020-02-17,81.52452188256824,0.018454314221916235,-0.03352073575459125,0.0182860997355298,-0.0258106643977688,-0.010177370992769608,0.06258764749464896,81.89058115599164,81.20556789150734,77.52111233009467,0.0563648881519041,0.2821482132391743,0.2372387184130429,0.17430839595341288,0.026810343602502493,-0.21925658743759643,0.18802501853922032,-0.3883259151489794,high_vol_trend,False,True,0.3
2020-02-18,80.66587985183233,-0.010532316055440805,-0.04012270896716619,-0.01058817344750745,-0.03188308528987693,0.007102441764226919,0.046308667416575355,81.91902536833037,81.26549733722503,77.6350476553113,0.05518097614932027,0.28499818455718506,0.21841970704180239,0.17572798631503034,0.028723930097229674,-0.7631821795094947,-0.3701166498849403,-0.3947682599335529,high_vol_trend,False,False,0.3
2020-02-19,79.7046707080881,-0.01191593205838437,-0.020099088520044273,-0.011987495844401268,-0.04006297088472455,0.0008111310434417707,0.032947686089414674,81.92225529507246,81.31427364201608,77.74703300191935,0.05370265760559678,0.28844846594835954,0.22182526222830973,0.17765409476740937,0.030565810373223458,-1.3543836108161924,-1.0510031644149609,-0.4019801602277624,high_vol_trend,False,False,0.3
2020-02-20,79.34989384237699,-0.004451142731778601,0.00588217210830555,-0.0044610785624172675,-0.046458540053725184,-0.012551358473956942,0.04146964008755849,81.87182487668903,81.35143812025676,77.8474693162459,0.05169539351490893,0.28639801043516205,0.21981228355584875,0.17584413048985023,0.03194405684530783,-1.4814999299676932,-1.37317763709685,-0.404642031891024,high_vol_trend,False,False,0.3
2020-02-21,79.10026438815476,-0.0031459330584373557,-0.011830996834880536,-0.0031508919087132126,-0.06654898583548308,-0.02384392428031734,0.03166802826954296,81.7752183625497,81.34443168720004,77.94290787635562,0.04916817438057919,0.25710057568658023,0.21739988715435601,0.1756299741032467,0.03296153189120762,-1.4826240996408269,-1.5290048025126222,-0.40651498820450216,high_vol_trend,False,False,0.3
2020-02-24,79.9914276783869,0.011266249198094824,-0.018805313650163802,0.011203257689745293,-0.051695681455105724,-0.019842275825057154,0.04088882998653598,81.69425119101764,81.35850437996407,78.03195382712126,0.046933303400426896,0.2726694785139303,0.21995777501750655,0.17696090019038338,0.033808583168673995,-0.9215509645986463,-0.9422359892412576,-0.3998286381662798,high_vol_trend,False,False,0.3
2020-02-25,80.97325984156565,0.012274217271459387,0.0038105329080637684,0.012199499843963615,-0.03646506496198254,-0.0022444836790826983,0.054688681936643224,81.68514359115056,81.39208018266834,78.13381637329472,0.045451859165420716,0.2865047596876174,0.22402264484641946,0.17849255260199923,0.03466060777755411,-0.38458960150842486,-0.2946806649267541,-0.3924620044710251,high_vol_trend,False,True,0.3
2020-02-26,78.01180099387571,-0.03657329411566734,-0.021239278691864705,-0.03725886471731216,-0.040911477069379365,-0.04102961205853595,0.013118549491134335,81.51825658551333,81.36091771067876,78.20686356602982,0.042341462993049195,0.29954630182097397,0.2585085077817589,0.19428080936055642,0.03749889200532588,-1.7314577719039952,-2.266000362562247,-0.41468167026794933,high_vol_trend,False,False,0.3
2020-02-27,79.54786391232074,0.019690135324085256,0.0024949002494825123,0.019498792245029366,0.008391747790448267,-0.026123214104087467,0.028551937533422667,81.41156722241321,81.36152468109601,78.27487645851244,0.040072765436599544,0.2816582836124862,0.26907221447066987,0.19815126152606416,0.04043553836639913,-0.8995768776139316,-1.227753061799714,-0.40315667314785764,high_vol_trend,False,False,0.3
2020-02-28,81.45883477804546,0.024022906106329067,0.02981747795831513,0.023738895611590205,0.017633710636085542,-0.015075170555934658,0.052924515705480735,81.34922714371605,81.36435884565971,78.36771393922874,0.0380451726178892,0.29777306041656637,0.279719770630774,0.203906235703885,0.043480385800634166,0.05348266821371413,0.06395312087372432,-0.3888187619466995,high_vol_trend,False,True,0.3
2020-03-02,80.21273323766113,-0.015297316046560705,0.002766615944948647,-0.015415527076119534,-0.01609072478580953,-0.04148607688621497,0.03387092876831832,81.17564011810767,81.3499853662625,78.44882061929661,0.034759215973991564,0.2934342155357665,0.280288029090652,0.20655520487205345,0.04484023245451018,-0.48453387183990587,-0.7658042672880211,-0.3981681945069291,high_vol_trend,False,True,0.3
2020-03-03,75.80531626810473,-0.054946600017951264,-0.0638228420539404,-0.05651384516739463,-0.06025550818580938,-0.09021746196901326,-0.0240003285239474,80.79978308900552,81.24104003154105,78.48764633369042,0.029458607351850574,0.39794851053404845,0.33766182291933317,0.2358762282717839,0.05105879987248353,-2.2168217182148946,-3.2366608948834874,-0.4312368060014383,high_vol_trend,True,False,0.3
2020-03-04,77.07011519203547,0.016684831436590164,-0.012071068605558288,0.016547168778407853,-0.03305396650720105,-0.07179269729412296,-0.002533334748102467,80.5017315958598,81.15061956492065,78.53212795487764,0.02508022757404249,0.4115259673521915,0.345953155294449,0.23818556473436978,0.055496810320406424,-1.4696047462741915,-2.2937754658807714,-0.4217470879822357,high_vol_trend,False,False,0.3
2020-03-05,78.32063520562001,0.01622574470621485,-0.015427550739180229,0.016095514147292166,-0.012971140689885807,-0.0588270604843274,0.010697475948344692,80.2569640005025,81.1022513782039,78.58357633369188,0.021294368936644936,0.42249531842296556,0.35252727243993603,0.24041599969698838,0.058245426031594376,-0.8449161378592489,-1.5260926227739295,-0.41236450385621015,high_vol_trend,False,False,0.3
2020-03-06,77.63081974349936,-0.008807582577817885,-0.046993245667906525,-0.00884659859337567,-0.018576987776483866,-0.08388969391556378,-0.02290437853475269,79.90152505044139,81.03292224513774,78.62957235809894,0.016176517996939532,0.4242603043780165,0.34404110963371176,0.23538037930487157,0.05904579849447854,-1.0795161060040408,-1.8022799633700852,-0.4175401520141535,high_vol_trend,False,False,0.3
2020-03-09,72.48145843836701,-0.06633140448788755,-0.09638463230503858,-0.06863372650996677,-0.09388467562067304,-0.1407269247913765,-0.08584341095695147,79.30799471388634,80.83930674753066,78.62807659609382,0.008647268853913426,0.5254145476134251,0.4088068436060208,0.2715373307722621,0.06477207457074542,-2.8083138921367037,-3.7409612853451635,-0.4561755317888563,high_vol_trend,True,False,0.3
2020-03-10,73.05984694139217,0.007979813258268909,-0.03621737183976015,0.007948142919148124,-0.0977287182911627,-0.13063009919200663,-0.0786261991290057,78.75910205933062,80.65447984644885,78.63428973920287,0.0015872505562355421,0.520898712457632,0.4122360761946557,0.2721965321423041,0.06800946122458566,-2.2407595337954787,-3.0629418612730914,-0.4518359140872539,high_vol_trend,True,False,0.3
2020-03-11,72.84477895647045,-0.0029437234531061174,-0.05482457402634944,-0.002948064728760192,-0.0662338514375651,-0.10443560381263983,-0.08451868807533403,78.33436496017256,80.48710882447055,78.64210396176476,-0.0039131582967543155,0.49929200127092777,0.401197936926773,0.27204191644610676,0.07087178976156298,-1.9694044175752905,-2.817422086340695,-0.4534495575631057,high_vol_defensive,False,False,0.3
2020-03-12,73.96697776063083,0.015405342980462144,-0.0555876166422713,0.015287885463799167,-0.07015758660523275,-0.06235458358716206,-0.06980270451739945,78.08842017034411,80.33565811923795,78.6556523795722,-0.007211588640709254,0.4934587287243403,0.39614965627798665,0.27419307075175076,0.07332649176074751,-1.3977811844312664,-2.226841090338391,-0.445029760541242,high_vol_defensive,False,False,0.3
2020-03-13,74.15917231473698,0.0025983832234990345,-0.044719963543256136,0.0025950132621826343,-0.08961167297811456,-0.07355814865294064,-0.08802517426307355,77.79401359678666,80.20280551293075,78.66559245556518,-0.01107954356627816,0.46699798277541354,0.39129965177798376,0.269840305895618,0.07470521359963747,-1.1975004814473964,-2.021803656225074,-0.4435877351814911,high_vol_defensive,False,False,0.3
2020-03-16,73.44447764491193,-0.00963730645201688,0.013286421483416966,-0.009684045826709944,-0.08437881767095046,-0.09911182612386471,-0.09250956854626013,77.39001138490383,80.08433783511917,78.66866892252295,-0.016253707544974683,0.4657042279528197,0.38299627265457625,0.27028613034770305,0.07518290190088822,-1.2934553604859809,-2.116808875553829,-0.44895005069120786,high_vol_defensive,False,False,0.3
2020-03-17,74.32568067307712,0.011998220375745827,0.01732598389783635,0.01192681234173731,-0.019518889543241436,-0.07859827712040002,-0.08525147232235353,77.07300142596607,79.98090014809327,78.67290125061947,-0.020336097934875785,0.39399578095334625,0.3869483840081371,0.2714746975940773,0.07391888170167671,-0.9093071295928131,-1.745411856873859,-0.44233843196135747,high_vol_defensive,False,False,0.3
2020-03-18,71.61549919520057,-0.03646359445798186,-0.016875331065311583,-0.037145007158593465,-0.07077472225445158,-0.10148930346269758,-0.12226375937916201,76.6685428503217,79.8009353130991,78.65214715969128,-0.025219963866239703,0.41442586992755676,0.4032487230865207,0.2805737763677849,0.07267873879114801,-1.5853314499535074,-2.3743506570803636,-0.46267277722312083,high_vol_defensive,False,False,0.3
2020-03-19,71.57020215809507,-0.0006325032655575269,-0.03240331936086549,-0.0006327033801345289,-0.0861897127085679,-0.09804287450889004,-0.11356144273733526,76.2795582661076,79.60467413151929,78.62822441120854,-0.029870522483350537,0.39621505547392905,0.40354820242042644,0.2800347984061916,0.07003534442969989,-1.4205874440931108,-2.213344346261968,-0.4630126384462001,high_vol_defensive,False,False,0.3
2020-03-20,71.18594835337349,-0.005368907633833242,-0.040092464203145495,-0.005383372013599312,-0.08301949420887766,-0.10005422985623336,-0.12221530097926547,75.88384246436854,79.38389080252819,78.59417982754272,-0.034485217214829444,0.39656076549730535,0.4035021841296337,0.2798153583252115,0.06570871877088509,-1.3692549953459427,-2.157834854987309,-0.46589567399091825,high_vol_defensive,False,False,0.3
2020-03-23,71.24639996300589,0.0008492070560373044,-0.029928426920445506,0.0008488466837313312,-0.017039647131429247,-0.10932456100847732,-0.13285706722906143,75.44659107859948,79.15734186555143,78.56549307189891,-0.039698115182007165,0.22983045396179158,0.39962772129130963,0.278102636946204,0.05970953710736207,-1.2219834623152646,-2.0077681125335944,-0.46544210882861126,high_vol_defensive,False,False,0.3
2020-03-24,71.36218863285058,0.0016251862536886819,-0.039871710738331734,0.0016238670675977568,-0.023236543458726833,-0.11869438414015121,-0.13291427617757756,74.96603751816373,78.92920495690124,78.54494968204902,-0.04556514681558488,0.22455050364851414,0.39512097901918375,0.27809870103968676,0.051834368637978134,-1.0945086249858866,-1.8659441922789328,-0.46457335269207867,high_vol_defensive,False,False,0.3
2020-03-25,70.42445399389875,-0.013140497186491129,-0.01663110939233159,-0.013227597387729769,-0.0332257849806642,-0.09725896471192352,-0.1328461233411986,74.58667016816489,78.68079632188478,78.51873390366485,-0.05007803284658463,0.23116061116071987,0.37951661738931036,0.27808564523756113,0.045746854219246416,-1.2388715658191842,-1.9710572442572285,-0.47160912504460084,high_vol_defensive,False,False,0.3
2020-03-26,70.20264107121027,-0.0031496576843563773,-0.019107967361387757,-0.0031546282960148928,-0.05089212515350516,-0.11747924308075652,-0.13903531589593587,74.11940902610937,78.43631675352326,78.48929995250339,-0.0556749891900985,0.2066378577423276,0.36844729920379893,0.2777869940929816,0.03930224097601463,-1.1932846265930936,-1.9057836006617261,-0.47327337542424786,high_vol_defensive,False,False,0.3
2020-03-27,69.68315541719211,-0.00739980214549496,-0.021110808677035187,-0.007427316499272826,-0.06035688853899723,-0.14455987975937867,-0.13760395004805703,73.5306250580667,78.19181557009733,78.4558253936457,-0.06277673214024837,0.20221270588242043,0.350994979765255,0.2776375266118276,0.033075804234387704,-1.311248512692924,-1.9063076572386257,-0.47717104823087286,high_vol_defensive,False,False,0.3
2020-03-30,69.82499710772372,0.0020355233582980414,-0.019950521795069176,0.002033454487640942,-0.04928186098194631,-0.12950233349061602,-0.12023587687946047,73.01123825156982,77.94106034767074,78.42199040858154,-0.06899534338291458,0.20501765145218148,0.35130489578997715,0.2758945275874021,0.024933408507176243,-1.231110568541975,-1.7739613169653596,-0.47610681768715235,high_vol_defensive,False,False,0.3
2020-03-31,69.83329264205742,0.00011880464987190642,-0.021424454884072186,0.00011879759315839888,-0.06044193595453973,-0.0787810660261048,-0.1215668980471507,72.71263707026745,77.73578628841074,78.38338544497745,-0.0723463058212851,0.18521325392184496,0.3018368272639699,0.2758271815159653,0.02912659627239438,-1.1103117496811412,-1.6796602920894483,-0.47604457674105727,high_vol_defensive,False,False,0.3
2020-04-01,69.37260575868993,-0.006596952054499505,-0.01493583798746878,-0.006618808118002423,-0.03131854782436472,-0.0998767085551342,-0.13944440556233784,72.32776159860018,77.5304369601196,78.33680669638971,-0.07670781272817029,0.07801726610216608,0.291910062735323,0.2739352005367854,0.034382972295265476,-1.1909608173587745,-1.6847808161885551,-0.47950108554699156,high_vol_defensive,False,False,0.3
2020-04-02,68.23576247599435,-0.016387495759493942,-0.028017159542770065,-0.01652325599163959,-0.04658977593405578,-0.1287639292397108,-0.16155040436128365,71.8235179621189,77.28798216543858,78.27851989850558,-0.08246198247943515,0.1005316639472489,0.28316038180694303,0.27428045293480324,0.03995110375329581,-1.624041093830047,-1.8109676866697857,-0.4880307593004114,high_vol_defensive,False,False,0.3
2020-04-03,67.83075707365681,-0.005935383260061267,-0.026583158188589695,-0.005953067657789746,-0.0471327748990743,-0.12623932997516984,-0.17506035429407485,71.33351482862676,77.02394941349289,78.2088382638459,-0.08790980134527127,0.10067078186448428,0.28306204250711,0.2729786895231525,0.04434611866367975,-1.8230453147610841,-1.7874104706256273,-0.49106949296132607,high_vol_defensive,False,False,0.3
2020-04-06,67.36647303166642,-0.006844742149733518,-0.03520979846607619,-0.006868274842232123,-0.05445786640944794,-0.0705695707137296,-0.18416695318591358,71.07776555829174,76.73906345194565,78.13250617496537,-0.09029200472432886,0.09588096229638735,0.17437951209874225,0.2726585563107561,0.061241279962550015,-1.7729661661004241,-1.7761831063345142,-0.49455299105413897,high_vol_defensive,False,False,0.3
2020-04-07,67.18695927633425,-0.002664734359000609,-0.03789501061173506,-0.002668291083491687,-0.05850758555062474,-0.08038461495503935,-0.188259715302715,70.78412117503885,76.4596944006942,78.047338158502,-0.09306168736610454,0.08904485236801317,0.1690199491537475,0.27241188026909924,0.07294030555757912,-1.6281936448097953,-1.7151394581846016,-0.49589987306553107,mid_vol_neutral,False,True,0.6
2020-04-08,66.9658206830292,-0.0032913915987108355,-0.0346935948179985,-0.0032968201429550512,-0.04911125489406276,-0.08070527987948628,-0.19167224287836226,70.49017326136678,76.17201999222237,77.95885328316677,-0.09580284608178902,0.08020744484144901,0.16899217760709156,0.27226867192895976,0.08163175249432292,-1.5260106387957795,-1.6670830458054062,-0.49755906398823224,mid_vol_neutral,False,True,0.6
2020-04-09,66.5036269818207,-0.006901934397193554,-0.025384570074717394,-0.006925862911991941,-0.05269052606777935,-0.1009011183742391,-0.19317779385015177,70.11700572242628,75.86845950837233,77.8681320136614,-0.09954170070337931,0.0799799844467275,0.1525132841628612,0.2723432956483199,0.08968995434697599,-1.5567489150104132,-1.6635509044995542,-0.50102687836705,mid_vol_neutral,False,True,0.6
2020-04-10,66.43022836247768,-0.0011036784409230727,-0.020647399079717133,-0.001104287942477306,-0.04668168419238772,-0.10422101152177232,-0.18896744732836313,69.7305585248133,75.54295134858211,77.76002754015529,-0.10325959582763222,0.08176802001926092,0.15053680582955198,0.27231757993562644,0.09585481092470022,-1.4634549277106785,-1.599801206345271,-0.5015775842439963,mid_vol_neutral,False,True,0.6
2020-04-13,66.41358090914832,-0.000250600573559967,-0.014144901456696002,-0.0002506319791306469,-0.04885666079315942,-0.09573077460985513,-0.19364549782985263,69.37901368802514,75.1975334917685,77.65693702137834,-0.10659605762038171,0.07712385639149505,0.15075660099946028,0.2717680311181356,0.10050490671918541,-1.352291454140878,-1.5367303615054146,-0.5017024891872599,mid_vol_neutral,False,True,0.6
2020-04-14,66.52679294309006,0.0017046518557191082,-0.009825810549469627,0.0017032005857837568,-0.04734847196616365,-0.10492857461057925,-0.169422118263708,68.98906930152577,74.86162021362733,77.55124813506383,-0.11040671864656648,0.0804039354681452,0.13938437901068226,0.2672716056901112,0.10420496765202891,-1.264949140148928,-1.4565541634013293,-0.5008530654107528,mid_vol_neutral,False,True,0.6
2020-04-15,66.59824882515392,0.0010740917892282376,-0.005488947258857846,0.0010735153653602327,-0.03999211076468012,-0.07005816375546392,-0.1637595621425576,68.73820678302346,74.53296228903142,77.44560712503504,-0.1124324627987432,0.08477882111577256,0.07962896948443017,0.2673338970608459,0.11001149005257059,-1.1184877194670684,-1.3883025769106923,-0.500316935786692,low_vol_meanrev,True,False,1.0
2020-04-16,66.68554540265484,0.0013107938878409442,0.0027354661556107107,0.001309935547522364,-0.022718542551420695,-0.06824986667845745,-0.1701494730657318,68.49397394525144,74.20235345482921,77.35055948762144,-0.11449930809857078,0.05350811477323542,0.08088261709977608,0.2663386800586267,0.11299364404570376,-0.9811306346264309,-1.3231758222111314,-0.4996619542802636,low_vol_meanrev,False,False,1.0
2020-04-17,66.68372584761825,-2.7285598784621e-05,0.003815995991423682,-2.728597104334307e-05,-0.016910193480415003,-0.06324594403667705,-0.17707324190023854,68.26886281996367,73.84123599688715,77.25067467833293,-0.1162683937165464,0.05036615005122154,0.08147975189453865,0.2653638529791459,0.11347073064795196,-0.8952371661302563,-1.2849662500532861,-0.49967560630343577,low_vol_meanrev,False,False,1.0
2020-04-20,67.97242122999513,0.019325485581320745,0.02347171014583993,0.019141119902636963,0.008994803662110806,-0.045952900563547616,-0.16711458173593974,68.10516388331314,73.51364311809768,77.16190733443642,-0.11737324495971047,0.11070320616479973,0.11379239854055923,0.2685293353129094,0.10993841911712658,-0.0816210737789942,-1.0225498394085906,-0.49000659444706984,low_vol_meanrev,False,False,1.0
2020-04-21,68.17095891975653,0.0029208565204645875,0.024714342957625535,0.0029165991072387363,0.014645693956399697,-0.044718775786327436,-0.15999491130578936,67.94560239765843,73.19630829584267,77.0758713203259,-0.11845819925566903,0.10918287252028408,0.11447981075773303,0.26873196610231015,0.10464081334366984,0.15701163253196868,-0.9568141523340471,-0.4885169768830666,low_vol_meanrev,False,True,1.0
2020-04-22,67.66801575674134,-0.007377674760409292,0.016062988899242292,-0.007405024403722652,0.010485872741496927,-0.03914035652156023,-0.16818196100144334,67.80778048580056,72.92287819218487,76.98253496765312,-0.11917968777863253,0.1158992478432432,0.1089074920872426,0.26867817254827786,0.09880601357149482,-0.1065479321892889,-1.0154556375636523,-0.4922905322730943,low_vol_meanrev,False,False,1.0
2020-04-23,67.79969172279536,0.0019459114410473877,0.016707463565202696,0.0019440206079110573,0.019488632421942098,-0.034228759940490905,-0.1699519935254623,67.68763301837983,72.70115455549679,76.88713521904926,-0.11964943386771154,0.10703609759842843,0.10967600536948008,0.26847591218055455,0.09169123034402289,0.09458376810983204,-0.9514403855326198,-0.49130257461111637,low_vol_meanrev,False,True,1.0
2020-04-24,67.51928791004724,-0.0041357682553273545,0.012530224605901141,-0.004144344198434433,0.016394035884192526,-0.031052949513979744,-0.18361926842941678,67.57943964302257,72.45059423798,76.78868446498325,-0.11992971212002246,0.11048661714767546,0.10803266486502384,0.2665338795979205,0.08401265671697447,-0.055298475266897525,-0.968566136640931,-0.49340642927460654,low_vol_meanrev,False,False,1.0
2020-04-27,68.1201744731633,0.008899480159159756,0.0021737234086192103,0.008860113176993693,0.025696454560243387,-0.024415649196952605,-0.18598789690898276,67.49419851129456,72.18250728979191,76.69403759064963,-0.1199550756273744,0.1155151471030022,0.1136585673014863,0.2658920816522834,0.07323716059898766,0.6506560336875659,-0.8198647514016545,-0.488898009843178,low_vol_meanrev,False,True,1.0
2020-04-28,68.19846086181765,0.0011492394031549225,0.00040342607023458044,0.0011485795330694543,0.02512773943811797,-0.02341049259440442,-0.18151164235987383,67.41245692228257,71.9331589099916,76.59932812360833,-0.11993409637354657,0.11566439840477706,0.11387709874641852,0.2660370768403344,0.06557588596134196,0.9699455693082728,-0.7730022507197163,-0.4883106312970589,low_vol_meanrev,False,True,1.0
2020-04-29,68.04333214471785,-0.002274665954912325,0.005546437024631201,-0.0022772569373409072,0.021698518280230505,-0.019161362030942097,-0.18050832492208957,67.34599324158395,71.69993213872421,76.50710289037015,-0.11974194947511585,0.11802477701574902,0.11216035372870128,0.2660428848539469,0.056739600011955806,1.016353161983757,-0.7732311086095359,-0.489474553683538,low_vol_meanrev,False,True,1.0
2020-04-30,67.80517698105433,-0.003500051454814135,8.090388200288068e-05,-0.0035061909648274954,0.016789719145866355,-0.006310261354396052,-0.18519049844146207,67.32446396683696,71.46903780149776,76.41023796087725,-0.11890780916939814,0.12143121094368418,0.09691704776283233,0.2658053935346953,0.04642552998256263,0.7249489480663374,-0.7915657228101988,-0.4912614190146376,low_vol_meanrev,False,True,1.0
2020-05-01,68.05373325957554,0.003665741903315922,0.00791544706810754,0.0036590394461233113,0.020544854003628155,0.003287243066985024,-0.19690753475730316,67.3356127761329,71.24810717892618,76.2962694330631,-0.11744554122389483,0.12138183148905002,0.09549283323994803,0.26240081262954595,0.030236039856856713,1.0657027087832942,-0.7068318745082212,-0.48939651468048606,low_vol_meanrev,False,True,1.0
2020-05-04,69.12370855866142,0.015722507022571497,0.014731819072093977,0.015600188842128325,0.016937565380681807,0.026084719117905886,-0.1805332990983919,67.42347455248265,71.03075279653166,76.19462858824788,-0.11511512291980752,0.1075985793347555,0.10644207440611986,0.26533009236072563,0.027721266359993828,2.169520540408579,-0.4385724258988189,-0.4813685477968005,low_vol_meanrev,False,True,1.0
2020-05-05,68.63444202461591,-0.007078129114416631,0.006392829944969369,-0.007103297905919426,0.006798835049466545,0.021544102663260567,-0.1832898568372595,67.49584868989673,70.78397644019266,76.08802831143049,-0.11292419861854908,0.11581970872120706,0.10972972421971593,0.2654488545530241,0.02505763243682269,1.3778173427564397,-0.5221788384478059,-0.4850394881782921,low_vol_meanrev,False,True,1.0
2020-05-06,68.7693121713181,0.001965050530371215,0.010669377934875435,0.0019631223441534504,0.016274991992314414,0.026931522228711646,-0.15453999019299558,67.58602326431117,70.59912666374152,75.98002218721014,-0.1104763947319819,0.10670884377408656,0.10852646615130937,0.2587154518010353,0.021665089567725834,1.3710109807510977,-0.4584985472607397,-0.48402756475141673,low_vol_meanrev,False,True,1.0
2020-05-07,68.2009392196789,-0.008264921280923598,0.005836755484542877,-0.008299265106399912,0.005918131582722808,0.02552210029570534,-0.13544800679392943,67.67088887620409,70.37218816988867,75.86685642549236,-0.10803093650436668,0.11763038993032217,0.10999914387809373,0.2525914932473286,0.01949315518105509,0.6355498217019372,-0.5730167251224236,-0.4882920363118727,low_vol_meanrev,False,True,1.0
2020-05-08,69.86269095645076,0.024365525691945056,0.02658131464993052,0.024073421606262368,0.034707164707150406,0.0516701910949906,-0.12723242817369262,67.84251200590273,70.14026529345679,75.75231206955824,-0.1044166157779115,0.16347825253817644,0.13660293394615414,0.256114833442944,0.01818115131273745,2.2089538296918034,-0.08080617537887545,-0.4758240027758568,mid_vol_neutral,False,True,0.6
2020-05-11,70.8431431264611,0.014033988049809043,0.024874744189115505,0.013936423394043367,0.039973013492068166,0.06669663277714655,-0.13102044034668614,68.06399011676838,69.95287349123278,75.65142942874765,-0.10029472502070169,0.17015312731288237,0.14201243386625426,0.2547536500106109,0.01721693248977441,2.5902572212154706,0.28579814373313955,-0.46846772309481644,mid_vol_neutral,False,True,0.6
2020-05-12,71.37493838729911,0.007506658193986437,0.03992887946404977,0.007478623446131036,0.046576967945326064,0.07287508129779185,-0.1151780837399764,68.30639738897884,69.86426593361666,75.55265298257886,-0.09591000855086962,0.17018623446825068,0.14265546388115646,0.25491855681350944,0.017532566445293735,2.4711645804372515,0.5025070589746172,-0.4644776919730178,mid_vol_neutral,False,True,0.6
2020-05-13,72.30219118675703,0.012991293868814369,0.051372900264551324,0.012907630825679745,0.06259039508796005,0.08564703220017322,-0.09287384861599968,68.59159450705899,69.7689074535111,75.45976350921588,-0.09101763221558579,0.1701381186909043,0.14612926316897362,0.2558508441173622,0.017921310275443438,2.53469703137577,0.8906549195475593,-0.4575205642961335,mid_vol_neutral,False,True,0.6
2020-05-14,72.96038302356395,0.009103345638679317,0.06978560498345376,0.00906215995077112,0.07602968198062587,0.09409591813369644,-0.080523243440065,68.90533638810444,69.66170240986997,75.38197689403695,-0.08591762610625886,0.16169568310083846,0.1467327769347378,0.2566880566047509,0.017841598712869805,2.4008310130313726,1.2655770170397092,-0.45258218649104553,mid_vol_neutral,False,True,0.6
2020-05-15,73.36589912458037,0.00555803141665856,0.05014419170188189,0.005542642554896585,0.07805840488930671,0.10020695742514185,-0.07249489376464224,69.23944505195254,69.5764039974916,75.30466312131468,-0.08054239695078591,0.16074793688504013,0.14575967648558233,0.2570354757543935,0.017095480376472027,2.19856364145761,1.5775610680112409,-0.44953962108552425,mid_vol_neutral,False,True,0.6
2020-05-18,73.75717877401199,0.00533326319312466,0.04113363014327431,0.005319091709485439,0.06703156285977352,0.08510447971896196,-0.07793646250996167,69.52868292915339,69.6019184042045,75.22061257586758,-0.07566981245962734,0.15436520840742804,0.13539245103871728,0.2561000327474743,0.017423059157574826,2.0103002758689144,1.7029170475063546,-0.4466038710073862,mid_vol_neutral,False,True,0.6
2020-05-19,73.94432745529636,0.002537362252666764,0.03599847686109481,0.00253414858407914,0.07736473516862064,0.08468956029114416,-0.08680559977481794,69.81735135593038,69.61960801448258,75.13704393046572,-0.07079986510326863,0.13718413372295618,0.13544457659506462,0.2546820770422358,0.01769196581272477,1.798451730334147,1.7518189741834895,-0.44519970455890845,mid_vol_neutral,False,True,0.6
2020-05-20,73.01703001333138,-0.012540481114330038,0.009886821060898665,-0.012619776580616748,0.06176763599774504,0.07904789577130678,-0.0640258386155762,70.08480206875988,69.62305303561979,75.05508093004518,-0.0662217507422026,0.16919944066304551,0.14231638045413822,0.24508021163911048,0.018043219402823343,1.2518743735874824,1.372185103481894,-0.4521571671861122,mid_vol_neutral,False,True,0.6
2020-05-21,73.14763119636963,0.0017886400338991137,0.002566436263707672,0.0017870423221840721,0.07253114155447582,0.07887852197676293,-0.08045763143314033,70.35219904243858,69.60666610433458,74.97116211178626,-0.061609863569415335,0.15201723731252506,0.14234536826650843,0.24134825127242962,0.018262595806399905,1.178147803776093,1.447292921263036,-0.4511772735630566,mid_vol_neutral,False,True,0.6
2020-05-22,73.58910528023227,0.006035384559172963,0.003042369252135746,0.006017244577038358,0.05333911810102454,0.0898975323654414,-0.09660989528338071,70.65568991094786,69.59526476364448,74.89903513828762,-0.056654204149695464,0.11755997047892743,0.13933220500496943,0.23605046236430655,0.018116657628828935,1.2327911239014568,1.6461245968418687,-0.44786491735419587,mid_vol_neutral,False,True,0.6
2020-05-25,73.99154553066955,0.005468747702594756,0.003177545027523987,0.0054538483975541665,0.04444187913272413,0.08619136845897746,-0.07755860517255919,70.94925846382316,69.60620612135963,74.8452719782394,-0.052054236846770685,0.1069977441091398,0.1383753153993,0.23472911462243118,0.018067956701287833,1.2612224648472814,1.7935354892549185,-0.44484542988945464,mid_vol_neutral,False,True,0.6
2020-05-26,74.60264340985717,0.008259023038440283,0.008902859451372924,0.00822510393877514,0.0452218256924255,0.09390508916345697,-0.015865283827772858,71.26946759122514,69.61174537609524,74.79632276209425,-0.047152788273923996,0.10767817927050695,0.13861230386357853,0.2070651937736891,0.01794607424009456,1.3590794092406528,2.0318937612107573,-0.44026039550501617,mid_vol_neutral,False,True,0.6
2020-05-27,75.63189824665282,0.013796492855367992,0.03581175833698014,0.013702187645283033,0.04605264384443264,0.1115254921054607,-0.018661149549329847,71.64889589632187,69.69207335712429,74.74650433511168,-0.04144151577848065,0.10952583821883881,0.13987569946228484,0.20614290162811774,0.01768209435356649,1.5847082746604262,2.2974271966983437,-0.43253795205073464,mid_vol_neutral,False,True,0.6
2020-05-28,76.14100960889212,0.006731437052908129,0.040922424466303786,0.00670888209213292,0.04359388552416088,0.1229379967574884,-0.02782951888739904,72.06568752771378,69.78348950614023,74.69408181882976,-0.03518878908627787,0.10738132392670578,0.135962170365206,0.20381101507451801,0.015911616370165794,1.6085542390045262,2.3287999683228673,-0.4287181169950498,mid_vol_neutral,False,True,0.6
2020-05-29,75.18317631328524,-0.01257972938009233,0.02166178032716437,-0.012659524079149088,0.02477005271371402,0.10476196840687724,-0.03152927456262078,72.42215968039925,69.86343406533847,74.62366243393332,-0.029501403197452758,0.1361614568934895,0.15083719539933688,0.2046216373880573,0.013939417561449447,1.131964932767697,1.8806921450503096,-0.4359046884830017,mid_vol_neutral,False,True,0.6
2020-06-01,75.4527804823899,0.003585964072350789,0.0197486745443729,0.0035795498327682563,0.022988971874495556,0.0915615214475558,0.04099423643012767,72.73861327658568,69.94756167572613,74.55245177063878,-0.024329696086097696,0.13541782005564076,0.14549093414772304,0.15183315612235299,0.012433214120963841,1.131418239913055,1.87810060556246,-0.4338818629625202,mid_vol_neutral,False,True,0.6
2020-06-02,75.4641042661216,0.0001500777527256858,0.011547323484661032,0.00015006649218637772,0.02055298713405751,0.09950779870922832,0.032908053128801296,73.08009638866096,70.02959998839155,74.4794024726464,-0.018787826399377372,0.13583438081962204,0.14006930741675644,0.151079056528216,0.010713271075783983,1.0519059361476755,1.795052480769353,-0.43379690122473635,mid_vol_neutral,False,True,0.6
2020-06-03,75.10224351253258,-0.0047951374644681355,-0.007003060169042952,-0.004806671020882869,0.02855790626954402,0.09208949662660393,0.030990066665053773,73.39674295572169,70.12315577876423,74.4019760503245,-0.013510838662710856,0.11672955700588744,0.14388202208965753,0.15131119526088005,0.008192992703857543,0.8255371771346279,1.6004450301462625,-0.4365119229161717,mid_vol_neutral,False,True,0.6
2020-06-04,73.87586593643704,-0.016329439957288305,-0.029749325417278816,-0.01646423469137374,0.009955684526713027,0.08320892324486762,-0.0012317905496780357,73.68048929155961,70.19662027606877,74.316468514796,-0.00855771588648313,0.1515550584348708,0.1556990416694709,0.15198263653988836,0.005268025269891691,0.11729457509864318,1.1657848623927942,-0.44571336763755987,mid_vol_neutral,False,True,0.6
2020-06-05,74.28488516274166,0.005536574375406111,-0.01194803404953848,0.005521303885704727,0.009454930588703503,0.06329836634903585,0.0016951759853944814,73.90159900187415,70.28865487097977,74.24023522053854,-0.004561357027741519,0.15111403731540304,0.13624399362575113,0.1523140752109774,0.005288583419024469,0.2727233193975931,1.245931480515161,-0.4426445184721918,mid_vol_neutral,False,True,0.6
2020-06-08,74.2896710970152,6.44267573821633e-05,-0.015415063274522467,6.442468206776662e-05,0.004029184202160918,0.04865012785220091,0.011507923797751118,74.07392540040185,70.37794835076559,74.15950434921817,-0.0011539849081694253,0.1490426244965835,0.1302795713185543,0.15096387555788254,0.0059188197528319275,0.1785829519616504,1.2013774538271462,-0.44260860986580775,low_vol_meanrev,False,True,1.0
2020-06-09,74.98500849804729,0.009359812619496477,-0.006348657719235429,0.009316280994445402,0.0051253557610480005,0.050578959398311474,0.008870794306886198,74.25442890593925,70.48098266788539,74.10838447814805,0.0019706869717859288,0.1507518354259375,0.13140232452706674,0.15018060590937976,0.006330910160960222,0.701218604878483,1.356904084508431,-0.43739153089843097,low_vol_trend,True,False,1.0
2020-06-10,74.46578656458648,-0.00692434319687163,-0.008474539749799836,-0.006948427705218468,-0.015418252207069938,0.029924340359766877,0.03979986736693619,74.36260867483074,70.58284628400332,74.05664162206146,0.004131527518230538,0.13482358162887997,0.12931808508267956,0.13026761215127375,0.0067194219274460554,0.11030576500077861,1.1547774776707858,-0.4412872250239568,low_vol_trend,True,False,1.0
2020-06-11,75.16653404113369,0.00941032800263808,0.017470767866289982,0.009366326695177412,-0.01279830110953284,0.030237656741155305,0.05024901110513147,74.47291622570921,70.7214617153061,74.00472194037235,0.00632654610491068,0.1399861187267799,0.12956161715630127,0.13145470239363383,0.006930247158259989,0.7790712882470777,1.304940404465855,-0.4360295545521681,low_vol_trend,True,False,1.0
2020-06-12,75.4214660898046,0.003391563172666645,0.015300298635084975,0.003385824793346437,0.003169456096486334,0.028018016404784074,0.0594993511276356,74.57569457397042,70.87327589562906,73.94861265456097,0.008479968682289618,0.12606696950487686,0.12889307950484327,0.13090911503222968,0.007127516703070853,0.9673734781942676,1.320680092187042,-0.4341168131589147,low_vol_trend,True,False,1.0
2020-06-15,75.2749581153428,-0.0019425235553940379,0.013262772654369481,-0.0019444127011455212,-0.0023567370998157644,0.02057805581177674,0.05654402404091585,74.65158354103696,71.03144559730259,73.88525452462413,0.010371880307422199,0.12513874448477016,0.12854577261824954,0.13104753767660937,0.007440494080302769,0.7203844346999784,1.2260785782670034,-0.43521605457895496,low_vol_trend,True,False,1.0
2020-06-16,76.10856659612291,0.01107418059938059,0.014983769697177296,0.011013310837611251,0.00853998515279053,0.02926849449181823,0.06651110418840789,74.75979549807829,71.20987774369836,73.83478607219628,0.012528097866736143,0.13742614469933834,0.1333380500523226,0.13267592334292794,0.007495134184447559,1.487764337455132,1.4041735924061853,-0.4289615351677316,low_vol_trend,True,False,1.0
2020-06-17,75.47520379979478,-0.008321833200316653,0.013555449848539514,-0.008356652964968729,0.004966033900171807,0.03366575970036845,0.07171869314504886,74.88270418740146,71.38006540603368,73.77604269912803,0.015000282582065205,0.14255202850550275,0.12819767253244166,0.13082015142289272,0.007730283608844699,0.7222055967389622,1.1750908110666496,-0.43371362202303065,low_vol_trend,True,False,1.0
2020-06-18,74.79379485818207,-0.009028249111061926,-0.004958844886311264,-0.009069250720463273,0.01242528815208499,0.022504674927793733,0.06539859066434195,74.96501237049209,71.5458687635609,73.70716413596661,0.017065481344596956,0.12153352290834137,0.1337162123207909,0.13220021914482968,0.007675247075838512,-0.24024769362062004,0.9427401333805491,-0.4388261965116077,mid_vol_neutral,True,False,0.6
2020-06-19,74.73452615915785,-0.0007924280234289371,-0.009108016142629793,-0.00079274216048006,0.006052927125499652,0.015565087720033288,0.07249055688886719,75.02228341443836,71.7119547194945,73.62745303403831,0.018944433399797456,0.1194353408935177,0.13259744330301174,0.13107650476703234,0.007709734124230697,-0.4507196196491141,0.8907400049798504,-0.4392708863595062,low_vol_trend,True,False,1.0
2020-06-22,74.40890299008399,-0.00435706474381603,-0.011505222280320138,-0.00436658441234516,0.0016049592266074164,0.0056406101051293955,0.06564849369472037,75.04315128740909,71.87186116111322,73.53469732644086,0.02051349928417845,0.12205434732684103,0.132601630518532,0.1315563972007236,0.007745600035353798,-1.0412470399201403,0.762727915304473,-0.44171401941138033,low_vol_trend,True,False,1.0
2020-06-23,73.7081978421088,-0.009416953077087564,-0.03153874604881057,-0.00946157292264566,-0.01702754565896647,-0.011989462127158124,0.05548793495837123,74.99842900902168,72.0154892590936,73.43855473636046,0.021240536095257667,0.11889781132061122,0.13339753175710184,0.1332982721515211,0.007749883567074407,-1.918025270697451,0.5216660306900074,-0.44697137229417927,low_vol_trend,True,False,1.0
2020-06-24,74.4938284501227,0.010658659837224693,-0.013002619406968008,0.010602256755988,0.0003765740863006517,-0.015047484235006459,0.0738219738962489,74.94152551919517,72.17340085159297,73.3531815703122,0.02165337501224096,0.12951566102174317,0.12931828408322674,0.13382361718955987,0.007830805709793772,-0.6738722685476825,0.7326924790443398,-0.44107682827121564,low_vol_trend,True,False,1.0
2020-06-25,74.74950359493873,0.003432165457669001,-0.000592178312750713,0.0034262890199037014,-0.0055480866786640215,-0.01827538170430143,0.09545934393619393,74.8719502184975,72.33468001543865,73.26851673513393,0.021884344802010958,0.1206116606891975,0.1273094464867402,0.1287520226053574,0.008038316720366978,-0.20337234287248812,0.7824813092116242,-0.43915851146771734,low_vol_trend,True,False,1.0
2020-06-26,75.18620841494464,0.005842243747495424,0.00604382310292384,0.005825244020390754,-0.003119240278090407,4.032952328003603e-05,0.10843829051326392,74.87210182358046,72.50472966678517,73.17298283183615,0.023220578497519684,0.12343719755912395,0.12153989065746006,0.12808700931633066,0.0076679986878600585,0.5216297558187517,0.893388949635573,-0.43588193878800363,low_vol_trend,True,False,1.0
2020-06-29,75.19953896509934,0.00017730047086716993,0.010625556126270475,0.00017728475499627851,-0.0010019155391345347,-0.003356291387428323,0.1162754346624455,74.85943974771594,72.64927202148726,73.08145756979246,0.024328772811154087,0.12309849044402613,0.12081724874610644,0.12687738194018533,0.007633909960809508,0.5746028187250245,0.8638038632610214,-0.4357819203901261,low_vol_trend,True,False,1.0
2020-06-30,75.42517803173861,0.0030005378988293696,0.023294290728797407,0.0029960452696141666,-0.008979128039695805,-0.000515824507049234,0.12261633573148134,74.85749343599679,72.79435640372691,72.99533234978479,0.025510687139401522,0.10842449232833476,0.12133077840214934,0.1265440323287295,0.007783331356696992,0.9624166212901973,0.9054071380337338,-0.43408896265905195,low_vol_trend,True,False,1.0
2020-07-01,74.85215910087867,-0.007597183670137619,0.004810205868206685,-0.007626189270631619,-0.008254958814934765,-0.0033299193200824195,0.11776662090319268,74.84498921541409,72.93803927060965,72.93045873139725,0.026251452648447637,0.10708470441928268,0.12319353476387498,0.1276105033617502,0.007402516988398502,0.012213710761248657,0.6779307835768414,-0.43838829275068913,low_vol_trend,True,False,1.0
2020-07-02,74.94216568117534,0.0012024580369869309,0.002577436330288174,0.0012017356633462438,0.001983731715640369,0.014433668305908531,0.12688839815701147,74.898304202651,73.08088874977724,72.89102165263702,0.02753813164507024,0.09692917734493305,0.10732936022266198,0.12630004882836104,0.006541364232779356,0.08107435403009507,0.6798996067605437,-0.4377129782396413,low_vol_trend,True,False,1.0
2020-07-03,76.68808068176342,0.023296831426191877,0.01997536913326048,0.02302960267872107,0.02613991983364161,0.032351069988960646,0.1544154306276595,75.0184639786021,73.26426460521157,72.85742942159578,0.029661141961258464,0.15053122973733565,0.13324570160352806,0.13341809095523316,0.0063733969375496715,2.5572377576159293,1.2854509578810809,-0.4246134722805548,low_vol_trend,True,False,1.0
2020-07-06,76.17181354361318,-0.006732038845679522,0.01292926249142412,-0.006754801234899437,0.023692199221968524,0.02533518346231589,0.14693128274191114,75.112571100932,73.42529738662057,72.80390233820623,0.031710783194024206,0.15404625896567592,0.1364479884013039,0.1346301595535179,0.006643404826073029,1.5634496782011826,1.0610450608268949,-0.42848699673644275,mid_vol_neutral,True,False,0.6
2020-07-07,76.6794786411628,0.006664736914251845,0.01662973349425023,0.00664262574423368,0.04031140206980521,0.022597452171518206,0.15261047840916975,75.19729460808777,73.59491774220747,72.76403832609954,0.03344036886852475,0.140063166168884,0.134656676746325,0.13491635973558327,0.006767117736961062,1.9465058130960204,1.2260466769203087,-0.4246780129266172,mid_vol_neutral,True,False,0.6
2020-07-08,76.61452684107445,-0.0008470558386592941,0.023544648028397397,-0.0008474147931735238,0.028468108500715017,0.02885540293896316,0.15039851936973792,75.30473162191217,73.7663416361346,72.73313688742941,0.03535657672049641,0.13660123714638428,0.1315135856515361,0.13505470306902698,0.006802765615489733,1.630609016239668,1.1769096343633256,-0.42516534277487683,low_vol_trend,True,False,1.0
2020-07-09,75.9490996068857,-0.008685392465701547,0.01343614661463266,-0.00872333031666049,0.016048213757344554,0.010411090197717021,0.138913975259503,75.34385990019976,73.92922008865122,72.69912894507449,0.03637912851917946,0.14819252936554064,0.13267808579184504,0.13693130690926325,0.006866706852819522,0.7424966787055461,0.8856385614909712,-0.43015800737576404,low_vol_trend,True,False,1.0
2020-07-10,76.35508129213099,0.005345444348210382,-0.004342257449554632,0.005331208170499507,0.015546373488279475,0.012378640335826141,0.14503321944867253,75.39054066031609,74.09524704930233,72.67167711411426,0.03741297372196972,0.14781786068314973,0.13341214820885017,0.13699959679524695,0.006952974843700952,1.140160390576494,1.0549077960014035,-0.42711194871691793,low_vol_trend,True,False,1.0
2020-07-13,77.33340004271788,0.012812752393568827,0.0152495581379275,0.012731363554383463,0.028375986169395073,0.027345640288779283,0.13771730715680164,75.49346275668485,74.25944087898347,72.64509683775756,0.039209334737190904,0.1577310156364319,0.13974204971821647,0.13416269329243827,0.00737292173438833,1.9367987031031149,1.4873954105294298,-0.4197716759665936,mid_vol_neutral,True,False,0.6
2020-07-14,77.84326046897334,0.006593017066025997,0.015177226663951382,0.006571378187268463,0.03205935339280486,0.022792360314125126,0.1418830203137087,75.58019745032736,74.44361724787062,72.61379684403164,0.040851749050766495,0.15885644450542663,0.13648916084281168,0.13445914668839387,0.007495965389167022,2.0964583014272193,1.7319635713720578,-0.41594622072404963,mid_vol_neutral,True,False,0.6
2020-07-15,77.33665603648092,-0.0065080063378684105,0.009425486590870946,-0.006529275742282624,0.033192054383546665,0.02466309652669252,0.1428834608435574,75.67327006216166,74.61496412517387,72.60704539445769,0.04223040134804923,0.15686419442225946,0.13496080535951088,0.13420477790878213,0.007587221445222752,1.4489270109232295,1.489987214374043,-0.4197472464212336,mid_vol_neutral,True,False,0.6
2020-07-16,76.55847296888204,-0.010062279745219338,0.00802344419026002,-0.010113246665899989,0.021567394977387355,0.02359391061846794,0.12918615149310253,75.76150396769667,74.78211480015793,72.57715148502331,0.04387541281956309,0.17069358418529526,0.1360510867353451,0.13656177072246106,0.0076679440841059985,0.6962435265202239,1.1133470209107326,-0.42558591195067696,mid_vol_neutral,True,False,0.6
2020-07-17,76.24411710309298,-0.004106088504623684,-0.0014532652858225692,-0.0041145416334929024,-0.005789212283363709,0.020199378005290702,0.12921980463818605,75.83698351489343,74.90974332309078,72.52500430827378,0.04566672195622079,0.1251652351303439,0.1371987803671598,0.13655602968962535,0.007819665951801938,0.3625565362129949,0.9254965430961994,-0.42794450703451015,mid_vol_neutral,True,False,0.6
2020-07-20,76.52671370672914,0.0037064709301315446,-0.010431279829195894,0.0036996188927857928,0.004659205900523267,0.028461791956903015,0.1234074824173812,75.94287405072569,75.02341473469615,72.48814411296446,0.04765924110813802,0.12165482171670666,0.13597526926995931,0.1358586611575918,0.007910924049568934,0.5404720506081764,1.1263132901083315,-0.42582419997941146,mid_vol_neutral,True,False,0.6
2020-07-21,77.19139063890997,0.008685554363774717,-0.008374133176541343,0.008648051932955661,0.006675997370075404,0.047256518254082724,0.13186411633707706,76.11703369056575,75.13974377972836,72.50200485667251,0.04986108785597998,0.12490564429592477,0.13192956434777073,0.13653869546546524,0.007887744871411162,1.0998370740470775,1.6260926121767525,-0.4208371648539687,low_vol_trend,True,False,1.0
2020-07-22,77.27596503703455,0.0010956454783954683,-0.0007847636884860121,0.0010950456969468822,0.00863332612276202,0.037347209088261835,0.13568754793901472,76.25614051991133,75.2392192567339,72.50406335512251,0.05174988809125458,0.12461514484200883,0.1282517238881628,0.13625158033640236,0.007898023977082114,1.0959835191095686,1.6571457743007347,-0.42020260771238627,low_vol_trend,True,False,1.0
2020-07-23,77.6139662917524,0.004373950613956845,0.013786760392927144,0.004364412694116533,0.021920821885764274,0.03832082567846817,0.1446613628549156,76.39936365475202,75.33229092209768,72.49699666598383,0.05382798140932121,0.11325048045784648,0.1284476938694175,0.13580960937591577,0.007880151857546366,1.3398157856560218,1.8562607706964815,-0.41766660255241916,low_vol_trend,True,False,1.0
2020-07-24,77.26248425964185,-0.004528592583315838,0.0133566653433983,-0.004538877721923621,0.011883989279497742,0.02761511570364683,0.13531588289126795,76.50317744698688,75.4102226247989,72.49331331114524,0.055313572420549795,0.11636069485595797,0.1295107838791325,0.13649169748024903,0.007612919970630558,0.8640615556071946,1.5114570278409694,-0.42030375325711744,low_vol_trend,True,False,1.0
2020-07-27,76.48645514515354,-0.010044061123901327,-0.000526072003168454,-0.010094843029690029,-0.010951864228089025,0.017113351993440773,0.10651550300203838,76.56752325598958,75.46480815222174,72.53336327821312,0.05561799143799262,0.10885323799608174,0.1357182481291849,0.13576385357088175,0.007322659042875015,-0.09842263866705009,0.8436064047661178,-0.4261262577926991,mid_vol_neutral,True,False,0.6
2020-07-28,76.7678415226461,0.003678904676109651,-0.005486999427762207,0.0036721540578232474,-0.01381518374035584,0.01780126379473046,0.11850317796876864,76.63465643053496,75.52127843356874,72.57044322402565,0.05600369828199958,0.10397575078198278,0.1358798709164709,0.13456956937965114,0.006984120308970104,0.1709294465422792,1.0349106801898478,-0.4240150309989962,mid_vol_neutral,True,False,0.6
2020-07-29,77.80512067998538,0.013511896866779782,0.006847609637708585,0.013421425239424578,0.006057472193825797,0.0394505865238568,0.13139303307494576,76.7823045094903,75.61704024690181,72.62004664126081,0.057315549366014906,0.12309219531137298,0.13896110443574683,0.13665659404482097,0.0068098338882914096,1.4625767260621674,1.8362246270543232,-0.41623238150103925,mid_vol_neutral,True,False,0.6
2020-07-30,77.55652038306032,-0.003195166266081184,-0.0007401491179582775,-0.0032002817091822456,0.01303640701642439,0.034884963333020824,0.1371767202977452,76.91302224458454,75.70521803063563,72.6559420674851,0.058592319581312946,0.11057941599744085,0.1401560306246517,0.1354040953114457,0.0034389695332984497,1.1298133322431305,1.584951398480522,-0.41809761610289764,mid_vol_neutral,True,False,0.6
2020-07-31,77.45011969075897,-0.0013719116300708878,0.0024285451460059893,-0.0013728535624284509,0.0158176477541907,0.009936863750154457,0.10860487379505424,76.95112419503432,75.78243831884616,72.68885154124533,0.05863722652669079,0.10763695852470705,0.11495057297937909,0.1274316669935876,0.0055763532817805685,0.8616291525163943,1.4466038618000165,-0.4188959347509321,low_vol_trend,True,False,1.0
2020-08-03,78.26144546127527,0.010475461803748587,0.023206596681114355,0.010420974344280385,0.02266831633714328,0.027433138590899464,0.10471447210595763,77.05560579091744,75.86783631745828,72.73702121940896,0.059372579452787955,0.11637076693599918,0.11676705098985889,0.12616912525081386,0.006682741008592762,1.9502326284637814,2.03644895625342,-0.4128086013114124,low_vol_trend,True,False,1.0
2020-08-04,78.6555323676307,0.0050355178598180395,0.02458960428668222,0.005022882040603003,0.0189676817142701,0.025770307277586557,0.10200490739235635,77.15440847724082,75.94889409661374,72.7803197363545,0.06009988354999529,0.11209889502673516,0.11592923465366037,0.12578376449560372,0.007633070853745684,2.124387570909763,2.2094071606370713,-0.40985178853618454,low_vol_trend,True,False,1.0
2020-08-05,78.62250914995904,-0.00041984608936729284,0.010505587072290545,-0.0004199342494133019,0.017425134869285097,0.02620889786410685,0.08741530318046098,77.25480759268505,76.00870631467987,72.85038983590208,0.06045839653986862,0.11266131379211405,0.11583425744457802,0.12360333066921392,0.00842060882625212,1.78545742303747,2.040456963467203,-0.41009955995491476,low_vol_trend,True,False,1.0
2020-08-06,78.67221641980268,0.0006322269586795937,0.014385586553288032,0.000632027187412039,0.0136347899561311,0.035854497643973415,0.07828677920172078,77.3909634333309,76.05933045089807,72.92140997851915,0.06129274593193368,0.11178510239613904,0.10972060691335776,0.12257129391761601,0.009646967706268033,1.677621446389845,1.9569342876702058,-0.4097266089937812,low_vol_trend,True,False,1.0
2020-08-07,78.49029245777908,-0.002312429600976773,0.013430228012213385,-0.0023151073952434806,0.015891389073268147,0.027964231450148924,0.06984707329078232,77.4977239916133,76.12547277378796,72.9944534195632,0.06169332546633166,0.10902617369436504,0.10979240824217021,0.12246096494251094,0.01058128456517157,1.305086407457463,1.7232491828615928,-0.41109157465581303,low_vol_trend,True,False,1.0
2020-08-10,77.60676374543176,-0.011256534848848698,-0.008365315922607808,-0.01132036912448972,0.01464715024578056,0.0035348724168713375,0.05219268192476134,77.51139217674901,76.1685524390488,73.05805705738747,0.06095611214877272,0.11275772093489468,0.10985871078498977,0.12474175790468998,0.01102758224743413,0.12550772917459965,1.0387876699148162,-0.41772064286848043,low_vol_trend,True,False,1.0
2020-08-11,76.68653817369909,-0.011857543432054807,-0.025033130342677734,-0.011928404818527052,-0.0010590808251788042,-0.014859633169339026,0.03708480167137296,77.4535560619853,76.19300111720035,73.11130055279595,0.059392398662825974,0.12993101733721726,0.1150172395290129,0.12738458195141825,0.011112228262048452,-0.9869979394354602,0.35696097189313086,-0.4246250456352564,low_vol_trend,True,False,1.0
2020-08-12,76.985908767736,0.003903821989706069,-0.02081592663370102,0.0038962218499495357,-0.010529023091151224,-0.004535330161928086,0.05435552163214519,77.43601869854805,76.23067442230442,73.17691510053433,0.05820283066268028,0.109075671397892,0.11400540039743431,0.12454417255096728,0.011214834600797847,-0.574245974906047,0.5480912023245464,-0.42237888423608116,low_vol_trend,True,False,1.0
2020-08-13,76.57942958397881,-0.005279916679083896,-0.026601345825272737,-0.005293904697927437,-0.012598435234788097,0.0002737334521456525,0.046916056357263036,77.43706652930288,76.28474569525525,73.24068298566202,0.05729580026530301,0.1107204825416114,0.10970251137966329,0.12517274068574316,0.011394216376216017,-1.0958732763241006,0.22056291011071705,-0.4254286755993941,low_vol_trend,True,False,1.0
2020-08-14,77.0786500809289,0.006518989494465055,-0.017984929507168346,0.0064978327796080225,-0.004796243199019834,0.010945539269705318,0.047419312782893686,77.47879317819468,76.340620993619,73.31463793229938,0.05679841520516793,0.11735461845546818,0.11085827221376932,0.12526310772456728,0.011271066676423388,-0.5432701660363835,0.5638748304852894,-0.4216830511718057,low_vol_trend,True,False,1.0
2020-08-17,76.81820453361617,-0.0033789583372214604,-0.010160959866877706,-0.0033846799092151275,-0.018441276150122143,0.0038090075055894346,0.03820245924954979,77.49336771953902,76.391191662351,73.38457000655829,0.0559899405639841,0.10063772746894298,0.11105030608139031,0.12516785888249327,0.011062831925485097,-0.9385104576468871,0.33453456663129294,-0.4236371600476052,low_vol_trend,True,False,1.0
2020-08-18,76.47515514430893,-0.004465730374590082,-0.0027564554930276097,-0.004475731534575693,-0.027720583126064624,-0.009278696609463677,0.025099804093595246,77.45755594480899,76.42099459527624,73.45098863158083,0.05454749334041642,0.09350835837903923,0.10749812990191919,0.12458154419335768,0.011154560002857698,-1.3058678649010564,0.042976723704827566,-0.4262110410887655,low_vol_trend,True,False,1.0
2020-08-19,75.9139432133981,-0.0073384869877258785,-0.013924178742527937,-0.007365546146827145,-0.034450260693089985,-0.017625426262663946,0.0037291800587295754,77.38945485362714,76.44995772825249,73.5164020061279,0.052682840044000034,0.09503240449486006,0.11003470595101895,0.12241673646070554,0.011180048133877964,-1.7831153111307607,-0.43554627192226925,-0.43042178389743646,low_vol_trend,True,False,1.0
2020-08-20,76.57423686392055,0.008697923234817662,-6.780828855046384e-05,0.008660314223373369,-0.026667350322089667,-0.013396164086286966,0.005689801819725782,77.33746838223557,76.47811178470822,73.59978675000715,0.05078386497129417,0.11193535194875433,0.11377268443179728,0.12293756231473656,0.011006514445158561,-0.9031084304332928,0.07900248903269902,-0.4254676362975519,low_vol_trend,True,False,1.0
2020-08-21,74.71643960670112,-0.024261387815341928,-0.030646754603869786,-0.02456054382256063,-0.04808050438986411,-0.03295318131869418,-0.006207993988432414,77.21016614958852,76.46401125504616,73.6686435753376,0.04807367697260734,0.15563362204936415,0.14099929757445942,0.13020935213202495,0.01188946682234684,-2.4239118382787637,-1.417098857960666,-0.4394065887858021,mid_vol_neutral,False,False,0.6
2020-08-24,74.18664595025018,-0.007090724066078469,-0.03425696551153312,-0.007115982722231406,-0.04406984172668715,-0.03006818907398512,-0.0167804887248022,77.09517568984336,76.44224501174429,73.73684530452346,0.04554480696116636,0.15221588299495548,0.13903968054285865,0.1307659680003186,0.012158009445558166,-2.3763176793144885,-1.78471478272265,-0.4433816019779836,mid_vol_neutral,False,False,0.6
2020-08-25,73.2658574492674,-0.012411782325356335,-0.04196523287838472,-0.01248945184286636,-0.04460601307472856,-0.04561785252677231,-0.029129701309408618,76.92007648617442,76.38539082880719,73.79763428625277,0.04231087121045163,0.15299400407192737,0.1427887681225662,0.13311542037165094,0.012747000192041284,-2.44597676737395,-2.3266918612257848,-0.4502902283725214,mid_vol_neutral,False,False,0.6
2020-08-26,72.66286243353659,-0.00823023215347407,-0.042825871536175564,-0.00826428749844183,-0.056153735188629206,-0.066091514305325,-0.03248080170319978,76.66296357385198,76.32914400148202,73.85460470375784,0.03802550810960126,0.1462867665163839,0.1312611162424336,0.1337779620177736,0.012228841051371363,-2.2811120873107256,-2.554233294326935,-0.45481446741004883,low_vol_trend,True,False,1.0
2020-08-27,73.01593917499713,0.0048591086235212355,-0.04646860138151743,0.004847341259086053,-0.046533258713736814,-0.05854544770235626,-0.011640158129310962,76.43593451344883,76.29358688781832,73.91972782568962,0.0340397179720775,0.1557001454241818,0.1344857651011403,0.1300760383178249,0.011768432695542558,-1.7830893608242873,-2.1924535500711997,-0.45216535168722194,mid_vol_neutral,False,False,0.6
2020-08-28,73.40395842241193,0.005314171834246206,-0.017566163366428245,0.005300101449386688,-0.047674572072275656,-0.05224215642922769,-0.011858761555595176,76.23362645003147,76.26697553308341,73.98946512628896,0.03033082236656326,0.15336717070358763,0.13760258707782316,0.1300352140019726,0.012461419556985443,-1.4034066146741326,-1.8656395425998324,-0.449254064229334,mid_vol_neutral,False,False,0.6
2020-08-31,73.65819120429984,0.0034634750952380333,-0.007123313625807093,0.0034574910783853737,-0.04113625602813309,-0.058818927121058295,-0.008500238100269786,76.0034637371827,76.25196129736773,74.06191122924047,0.02621526336165747,0.15892628360581879,0.13081997844544901,0.1302473295890495,0.012675698155187968,-1.1523160653354654,-1.6662327299236714,-0.4473465693969888,low_vol_trend,True,False,1.0
2020-09-01,73.76218628429682,0.0014118603551984688,0.006774353734590344,0.0014108646174853924,-0.035475166475866904,-0.06221235730072627,-0.016307555846743926,75.758796433016,76.25304106621148,74.13426516265254,0.02191336579379577,0.16131648274280816,0.12848154894959338,0.12878971501884473,0.012747834486074213,-1.001627484164647,-1.6019547701096741,-0.446566299928156,low_vol_trend,True,False,1.0
2020-09-02,74.1758264421764,0.00560775349425402,0.020821695677399,0.005592088580657999,-0.022895883123022043,-0.05655737467372546,-0.003893870403941624,75.53646229762687,76.24668102605256,74.21004093882277,0.017873879895815792,0.1658501863903972,0.13193115102879285,0.12857295435017546,0.012903007156541546,-0.714963120961561,-1.3250440277058964,-0.4434627801627401,low_vol_trend,True,False,1.0
2020-09-03,74.37454988896637,0.0026790863859789127,0.01860704291857518,0.0026755040309131744,-0.028726201723214273,-0.05462750036052799,-0.01053639312055965,75.32157897108506,76.23918195193312,74.28693098368586,0.01392772555951205,0.1572400254226362,0.13284944717348113,0.12719402590791085,0.012786511413903625,-0.5355783440943886,-1.1868580793243642,-0.44197176887378353,low_vol_trend,True,False,1.0
2020-09-04,74.81385643891198,0.005906678435048773,0.01920738399946531,0.005889302399510428,0.0013038205878606046,-0.046839372153501646,-0.008056189867340025,75.13775717014171,76.23173491241246,74.36823228959881,0.01034749458002815,0.10730056039236377,0.1363826000175037,0.12759651510371686,0.012712997461598942,-0.20180053277059273,-0.8990814876907383,-0.438675675554842,mid_vol_neutral,False,False,0.6
2020-09-07,75.58212727828742,0.01026909821180988,0.026119784405936652,0.010216729239045997,0.01881041136396777,-0.026088402214343387,0.004080628812492382,75.03652534678449,76.23938667867623,74.44432935008173,0.007954883896097664,0.1098534707610951,0.13913596579544227,0.12928766690741691,0.012633163516661708,0.3633342143595611,-0.4178800751536591,-0.43291138093843684,mid_vol_neutral,False,False,0.6
2020-09-08,75.77522371770571,0.002554789688669734,0.027290913336681433,0.0025515317611930054,0.03425014537195459,-0.011883630135046674,-0.004379833878439876,74.99095962398482,76.24638759239555,74.52037199806122,0.006314885625313904,0.07568617366327361,0.13391696537818004,0.1273637249171201,0.012483360361463336,0.5363369525208618,-0.30011959686844764,-0.43146258878189636,mid_vol_neutral,False,False,0.6
2020-09-09,76.01020671877936,0.0031010532142941027,0.02473016297341757,0.0030962548661711132,0.04606678257830166,-0.012673774520221781,0.007088459415144133,74.94217452153698,76.26954854475358,74.6037939076816,0.004535702490869431,0.0399306940050921,0.1335917050570466,0.12633906842686526,0.012189053546758886,0.7588426992035161,-0.16651970876759628,-0.429699524015392,low_vol_trend,True,False,1.0
2020-09-10,76.1034190335374,0.0012263131332206356,0.02324544010218621,0.0012255618254332903,0.04228501192240408,-0.006215906190831566,0.01750979714077272,74.91837399401491,76.29277361180081,74.68683118078903,0.003100182583264388,0.04309724986201337,0.13256340742464726,0.12489721240161718,0.011451184553784601,0.857422634709502,-0.12249290633993974,-0.42900015705181016,low_vol_trend,True,False,1.0
2020-09-11,77.28164273469694,0.015481876059212585,0.03298568491520015,0.015363254571516393,0.0528266376313169,0.0026335782159510046,0.03408219341773355,74.92852362670331,76.30464485285948,74.78445472903553,0.0019264551461901647,0.07157878334835688,0.14213141992157213,0.12867428906230283,0.010975573952880182,1.6814752416089809,0.6298300765432375,-0.42016000825345645,mid_vol_neutral,True,False,0.6
2020-09-14,76.10459992238596,-0.015230561497659889,0.006912648041445646,-0.01534773779576847,0.033212989323899045,-0.00928952473652167,0.022788898426952198,74.8928433961418,76.30330058043494,74.86429898352775,0.00038128203965870355,0.12536666790118267,0.15194340197550216,0.13233766658208848,0.010967269102350087,0.892848094990311,-0.12808198322961573,-0.4289912969065548,mid_vol_neutral,False,False,0.6
2020-09-15,76.32335789371872,0.002874438227858267,0.007233686013980556,0.0028703149298492073,0.03472201324877422,-0.0019849224274702815,0.03547990763811493,74.8852535336123,76.29617816548607,74.94554795384676,-0.0008045096991162737,0.12496397734597756,0.151586506678294,0.13082812886741235,0.010057535828842444,1.0666360011115368,0.017530669734608095,-0.4273499676619432,mid_vol_neutral,False,True,0.6
2020-09-16,75.6449407918083,-0.008888721888456907,-0.004805485246507257,-0.008928462246121866,0.01980583729359786,-0.0035435179652520965,0.015452452446531373,74.8718034125328,76.27678644450073,75.02156404031767,-0.0019962344120736386,0.13841118977248335,0.152670329187552,0.13055138621600576,0.00900283675238619,0.5774992650108334,-0.4070096806073884,-0.43244009453881205,mid_vol_neutral,False,True,0.6
2020-09-17,76.50629114874394,0.011386754327778137,0.005293745278763362,0.011322413204424111,0.028662240819743445,-0.0008873182150982428,0.023502330708777608,74.86840612677398,76.2879302753379,75.10857518199457,-0.0031976249667716727,0.14629018102722777,0.15501357798716495,0.13237451012329093,0.008105706574587136,1.227524756067831,0.14069562826790263,-0.4259774293290286,mid_vol_neutral,False,True,0.6
2020-09-18,76.47146862124872,-0.00045515900682624455,-0.010483396635725062,-0.00045526262312944735,0.02215648626120781,0.023489194932010626,0.017094361231927868,74.95615757750136,76.29025802192025,75.1927525356113,-0.0031465127971993523,0.14607610643874316,0.12589082849598796,0.13190133304084384,0.008594891681668649,1.097508216999749,0.116744438905013,-0.42623870087219107,low_vol_meanrev,False,True,1.0
2020-09-21,76.21129599669986,-0.0034022182290947,0.001401966167915214,-0.0034080189341137847,0.008324305508045526,0.02729130048293893,0.013454298331138537,75.05739007982383,76.2678159409999,75.26362840999168,-0.0027402124309551246,0.14104988871653557,0.1233271053929222,0.13212127953296285,0.009210580542297255,0.8269130969606575,-0.03658476461863514,-0.4281907620232327,low_vol_meanrev,False,True,1.0
2020-09-22,76.7522658103468,0.0070982891259370184,0.005619615389895971,0.007073214858024624,0.01289395193712628,0.047585717037346376,0.01759475831863133,75.23171049787781,76.24599604782736,75.344806647849,-0.0015010477165304792,0.14437889137622872,0.1134466277997384,0.1327501366994362,0.010549722254790072,1.1038462315616815,0.33093215667237547,-0.4241318947271919,low_vol_meanrev,False,True,1.0
2020-09-23,77.19503906087671,0.005768862272079289,0.02049176392820007,0.0057522861059816546,0.015587805812460998,0.06237266845199807,0.031300098596227954,75.4583193292448,76.24316370831528,75.42906391674458,0.0003878533151691066,0.14591374496331402,0.10681755832409989,0.13216800218648875,0.012379000915365307,1.3323826990539531,0.6229963061792155,-0.4208097909409898,low_vol_trend,True,False,1.0
2020-09-24,77.21481626867485,0.0002561979116630919,0.009261004674156803,0.0002561650985824305,0.014603775352690418,0.05750630808999513,0.030325392478888213,75.6682631839287,76.25629057431114,75.51920268723453,0.0019738091954111248,0.14606189476185458,0.10703373195619698,0.13216221311364737,0.013842848968772239,1.262309447373874,0.625068752245794,-0.4206614036189732,low_vol_trend,True,False,1.0
2020-09-25,77.4557443403542,0.0031202311074731703,0.012871149683033378,0.00311537328877935,0.0022528196800233324,0.055198466200225615,0.010010208258782738,75.87085247982581,76.28052311905635,75.59513322107358,0.0036473149395199744,0.12449209180735414,0.10663856961267165,0.12350310719462335,0.015024129481960198,1.3609493786863278,0.7617353317408757,-0.4188537333087853,low_vol_trend,True,False,1.0
2020-09-28,77.06110818790516,-0.005094988832783476,0.011150737959397805,-0.0051080125443300015,0.012568337084679193,0.04619875845399091,0.011674851929090568,76.04099832900609,76.29121100867988,75.657312871688,0.005071359829667665,0.0964304575964686,0.11010896821545506,0.12315596397927006,0.015790095330581694,0.9543383188894836,0.4978615891484076,-0.4218146670477908,low_vol_trend,True,False,1.0
2020-09-29,77.3345932390733,0.003548937428998311,0.007587104075408302,0.0035426548105861578,0.01324935607213118,0.04843141363797954,0.008543545281211928,76.2196186767449,76.29407506068314,75.71690942020575,0.006639326147733549,0.09680412082742154,0.11014587375443213,0.12262428143433514,0.016448700856447104,1.1600729645876011,0.6720648171926547,-0.41976272347877897,low_vol_trend,True,False,1.0
2020-09-30,76.92669655446672,-0.005274440163480332,-0.0034761625834319743,-0.005288399128451422,0.01694436864173232,0.03708580334369116,0.004074549909311775,76.35716218235942,76.28708969103178,75.76315447388285,0.007840324397809129,0.08735666173963423,0.11267434020295426,0.12311601427599092,0.01687883825594727,0.6757638254792898,0.4141180501865581,-0.422823150274411,low_vol_trend,True,False,1.0
2020-10-01,76.00763744569478,-0.011947206235759844,-0.0156340308934958,-0.012019147677818401,-0.00651781305251975,0.021957612639894153,0.0007707509254497591,76.43881656019585,76.25496311411064,75.79362701810415,0.00851245107900156,0.09320951380909719,0.12275141301953706,0.12428579844427866,0.016905284997598084,-0.6080529595830836,-0.16133398842616636,-0.42971880113258876,low_vol_trend,True,False,1.0
2020-10-02,75.69131876750224,-0.004161669653507505,-0.022779789773870962,-0.004170353501906349,-0.010201842174765052,0.011728607110458533,-0.008693102193018776,76.48268967662536,76.22353980426784,75.81688121453338,0.008781797027603622,0.09484848073709826,0.1227414020710876,0.12408043107834364,0.016840842810089053,-1.265178975519141,-0.34830643005458345,-0.43209212309188105,low_vol_trend,True,False,1.0
2020-10-05,74.95953968472449,-0.009667939397720371,-0.027271454467748146,-0.009714977342675991,-0.016424813350891854,-0.008237233007091893,-0.030696443667058593,76.4515602969472,76.19300149505926,75.8289048236405,0.008211320930387345,0.10404504322865687,0.12233698545763048,0.12262077640064056,0.01665873241631936,-2.1771435194394253,-0.8020482421337692,-0.43758262202931686,low_vol_trend,True,False,1.0
2020-10-06,76.20350315693385,0.016595132219880293,-0.014625926571344094,0.01645893772476903,-0.007149790923031918,0.0056519719535721435,-0.021064859079137133,76.47297426890862,76.18171472774502,75.85149658065687,0.008193347742201595,0.13320256683279283,0.13618068341106124,0.12673288533367685,0.016716746277053447,-0.4024504616121211,0.01418837015049982,-0.42824923127913506,mid_vol_neutral,True,False,0.6
2020-10-07,77.26290172426658,0.013902229207901406,0.004370461554420446,0.013806479620692143,0.0008791065360607142,0.016480615690494194,-0.0009536785787523927,76.53560901918298,76.17087034863064,75.89395529776623,0.008454609051528061,0.1494984628031785,0.1442667868696047,0.12935434910371907,0.01710489148773774,1.0656691532938316,0.7156922844355298,-0.4203006210425837,mid_vol_neutral,True,False,0.6
2020-10-08,76.3986565771184,-0.011185771280406653,0.005144471589489719,-0.011248802495924016,-0.010569988131766794,0.00387942548876663,-0.0020875075686084266,76.55037089636203,76.14771307251179,75.92646555157371,0.008217231504929146,0.15989550470885902,0.15044070124459064,0.12974814379512908,0.017834243990664602,-0.2244974841399174,0.1658457745374719,-0.4267850057069952,mid_vol_neutral,True,False,0.6
2020-10-09,75.97746505482492,-0.005513074982782196,0.0037804373339249686,-0.005528328067429682,-0.01908547000766614,-0.016875646450078552,-0.003497345872698676,76.48516201236842,76.11825997979312,75.95034914931965,0.007041611645488555,0.15951438745986105,0.14034150653923663,0.12997008565307588,0.017766110093927753,-0.7642081130462337,-0.0937674472883284,-0.42994518295178763,mid_vol_neutral,False,False,0.6
2020-10-12,75.78215654510015,-0.0025706110303079788,0.010974145036583005,-0.0025739207240160194,-0.016596590327852878,-0.004236844784870408,-0.009729375868436363,76.46903984350413,76.06867420146962,75.96825525946394,0.006592024291327991,0.15859042185262304,0.12989858523177,0.12983683882128344,0.01688520340347631,-1.0133402649452965,-0.194920865377283,-0.4314105721523719,low_vol_trend,True,False,1.0
2020-10-13,75.95455143323865,0.002274874403130678,-0.003266932796810007,0.002272290793871487,-0.01784507744895447,-0.004832157162079298,-0.016023020124835807,76.45059952048013,76.01465458278179,75.98177433969776,0.006170232070211279,0.15755159670858523,0.1297288898640437,0.1286368951125585,0.015903623762116056,-0.7220835963562416,-0.042274006480626694,-0.4301171026170706,low_vol_trend,True,False,1.0
2020-10-14,75.54965292004792,-0.005330799873745851,-0.022174274664610083,-0.0053450592860177885,-0.017900724925108413,-0.0012596727654613504,-0.022339573710393634,76.4458351268921,75.95319745818355,75.98095188643173,0.00611841822086201,0.15758709976074417,0.12716150805278023,0.12902619154344608,0.01463476110734931,-1.2929088015977812,-0.29406937333176963,-0.4331550342944894,low_vol_trend,True,False,1.0
2020-10-15,75.80477812177787,0.003376920897306457,-0.00777341489952843,0.0033712319038560145,-0.002668933422142583,-0.009169350865567139,-0.023310085238702483,76.41075947554381,75.89584869222307,75.97758957156057,0.005701285160873093,0.14835644312030724,0.12063226334741858,0.12888658151775123,0.012810369281822748,-0.8564721937584714,-0.06925252479644357,-0.4312408436842655,low_vol_trend,True,False,1.0
2020-10-16,75.5230552792726,-0.0037164259230823005,-0.005980849390334608,-0.0037233489919410163,-0.002223022282733522,-0.01240218553501915,-0.02251324167268387,76.363338808445,75.83650394865293,75.98098836122044,0.0050321857542419135,0.14804239576609762,0.12119431607434267,0.12878510850511218,0.01280010432817773,-1.1439949717175915,-0.24848484634429768,-0.43335459495678774,low_vol_trend,True,False,1.0
2020-10-19,75.25248142096362,-0.0035826656814722524,-0.006989443798967487,-0.0035890987978979454,0.003907998067640639,-0.01258100342208801,-0.016133231980069218,76.3153980796582,75.78941830216358,75.97898537060618,0.00442770731158193,0.14006310679367678,0.1212514080391643,0.1273802117681825,0.012804816771717006,-1.3712752994598945,-0.4338080713693988,-0.435384696003,low_vol_trend,True,False,1.0
2020-10-20,75.36352604095883,0.0014756273533895747,-0.0077813031757458795,0.001474539685210344,-0.011022814978009166,-0.01809379507856501,-0.01829301767294056,76.24596109118879,75.76295805950876,75.97797958835456,0.003527094353997562,0.108107526097573,0.11811554172979825,0.12717059780125595,0.012667340966979534,-1.1087812058245592,-0.3241383192306062,-0.4345515342162797,low_vol_trend,True,False,1.0
2020-10-21,75.78437767349754,0.005584287979174318,0.0031068938688312286,0.005568753648342362,-0.019136273913780144,-0.018273990201192913,-0.02597185106619404,76.17542802181984,75.738927437624,75.98480092996421,0.0025087529285143795,0.0803040413486542,0.11797934619486465,0.12450939728741726,0.01215115478947848,-0.5082594485441218,0.037266397502315037,-0.43139390714596104,low_vol_trend,True,False,1.0
2020-10-22,75.6949824633577,-0.0011795994489125494,-0.001448400234663083,-0.001180295723946776,-0.009210556118226965,-0.019683188781137173,-0.024002339332763634,76.09943633155397,75.72123849521158,76.00299209523341,0.0012689531512091179,0.06147457646679654,0.11790349852066728,0.12438515597940482,0.0116027945306188,-0.5497948681080906,-0.021635484726435707,-0.43206463457974,low_vol_trend,True,False,1.0
2020-10-23,76.19080240825106,0.00655023528320875,0.008841632882955253,0.0065288757148053,0.00280790301798306,-0.016331157138517183,-0.01625972028882694,76.03618923494882,75.70348154175801,76.02205126768851,0.00018597192557368025,0.06589561450370497,0.12008906253722305,0.12517095518819416,0.010904730270640942,0.23293394005719303,0.4061979491568417,-0.4283445243105821,low_vol_trend,True,False,1.0
2020-10-26,75.30237109231241,-0.01166061109552552,0.0006629638040731578,-0.011729129183760054,-0.006331113743143546,-0.022822629169882425,-0.037810116482285605,75.94825238016918,75.67316487293193,76.03217826764148,-0.0011038206373211734,0.0887676821533677,0.12535263143803904,0.12529594322464518,0.010342291797271296,-1.014282328817865,-0.3115697412363231,-0.43501037649322416,low_vol_meanrev,True,False,1.0
2020-10-27,75.2130746602433,-0.001185838251489435,-0.0019963421116173663,-0.001186541914010412,-0.009762111144150265,-0.027432982963672026,-0.04376625017675284,75.84217645122769,75.64792326325063,76.03445892926344,-0.002528885991214036,0.08729447601691555,0.12413231314052811,0.12474583999732669,0.009698012577953398,-1.11046762110871,-0.3666195574434598,-0.43568036280047306,low_vol_meanrev,True,False,1.0
2020-10-28,75.39071842006027,0.0023618733926173974,-0.005194464420269829,0.0023590885537519255,-0.0021037092010978142,-0.019966776206475023,-0.04110515887676247,75.76537754450736,75.63745876738386,76.04370824781817,-0.0036601411178392995,0.08503918363459124,0.12389847639659976,0.12490413060904132,0.009181546684879258,-0.7297894878967819,-0.20804127164624847,-0.43434751126444004,low_vol_meanrev,False,False,1.0
2020-10-29,75.24437463426275,-0.0019411379658450523,-0.00595294185203199,-0.0019430244157813106,-0.007392719844319662,-0.010041922589389185,-0.04357118613830102,75.72721440393576,75.61086152279071,76.04448665374946,-0.004172192670039654,0.08294470646633509,0.1170519083861226,0.12490097985151531,0.009400312590483698,-0.9237282152830572,-0.3107208276604447,-0.43544552078579934,low_vol_meanrev,False,False,1.0
2020-10-30,75.24438762516282,1.7264945229023e-07,-0.01242164084343278,1.7264943738631502e-07,-0.0036898355486190137,-0.00590465524470829,-0.0413542201331748,75.70486784681879,75.62142048315995,76.04271586910305,-0.004442871594247388,0.08127872783001938,0.11624458939874392,0.12486430399006977,0.009647309348589851,-0.8627108432462827,-0.32124771597839885,-0.43544542331577785,low_vol_meanrev,False,False,1.0
2020-11-02,75.43986144067013,0.0025978524336072173,0.0018258435473321732,0.002594483847771836,0.002490017819589241,0.006407746872057141,-0.02792156508251753,75.72888393461606,75.64648479296835,76.04436490235634,-0.004148643599632407,0.08032854079630453,0.11113465321926443,0.12306390251932371,0.010193737304805531,-0.5681862765714081,-0.17879735259270385,-0.4339787938348346,low_vol_meanrev,False,False,1.0
2020-11-03,76.6729238704037,0.016344972090163612,0.019409513794708122,0.0162128309846354,0.017374423653336413,0.0061600936180468135,-0.00017753185395541493,75.75235497028956,75.71462612139108,76.05000847509913,-0.003913918101758451,0.11417672062526574,0.11065193578107449,0.12544001641393113,0.010401899415943038,1.7000388903553607,0.8617658958216877,-0.4247271930176242,low_vol_meanrev,False,True,1.0
2020-11-04,77.1680043799734,0.006457044867709927,0.023574333779530887,0.006436287459924861,0.01825741332121167,-0.0012282394548401854,0.002365310940041887,75.74761010307489,75.8047289603198,76.06693648090092,-0.004197965536658743,0.11507846364275291,0.1013009323573373,0.12588532825964216,0.010513369095611317,2.691115785833769,1.3110006141233495,-0.42101263069176564,low_vol_meanrev,False,True,1.0
2020-11-05,77.01829211200605,-0.0019400821515374034,0.023575416585833953,-0.0019419665485659028,0.017482131649728894,0.008110555376875883,0.005730814794669747,75.77859187981929,75.88477601905998,76.08918145343915,-0.004081915032952743,0.1156978314571979,0.0927682020032774,0.125464422457342,0.010273579851612168,2.125306551909022,1.1653365338583432,-0.42213591375292614,low_vol_meanrev,False,True,1.0
2020-11-06,76.4013356960983,-0.008010518007988576,0.015375871974650623,-0.008042774584108311,0.002763237571894228,0.005578899492994616,-0.00878731508815278,75.79978541188295,75.94472356453372,76.10584954880855,-0.004021558641551071,0.12174377193931585,0.09527640007201933,0.1258351869315428,0.010366888211431231,1.0052394459358704,0.5035345633660896,-0.4267649044219781,low_vol_meanrev,False,True,1.0
2020-11-09,76.81464216571773,0.0054096759677531026,0.01822353194708337,0.005395096228190466,0.020082648812630888,0.013624389535590975,-4.6374006266725054e-05,75.85140969291383,76.00785258376207,76.1299069405649,-0.0036581845275140967,0.10358013604691567,0.09629823379360046,0.1261504856112343,0.010890968901126528,1.505260605252627,0.9462284003153294,-0.423663888301557,low_vol_meanrev,False,True,1.0
2020-11-10,74.64623627521989,-0.028229069736727785,-0.026432898249835968,-0.028635170749295343,-0.0075364341583422645,-0.01722497379460819,-0.02391520312234552,75.7859939350129,76.02553358358054,76.13928732489602,-0.0046400932067510725,0.18438399917605974,0.1404229060385334,0.13855810084470702,0.011851235495458499,-1.6436167925589524,-1.6957571570181516,-0.43993332059048695,mid_vol_neutral,False,True,0.6
2020-11-11,75.8496172415158,0.016121120452196047,-0.017084634351380745,0.015992555094480016,0.006086940555449338,0.003970426201498567,-0.0008473538477835607,75.80099215108629,76.05900939956732,76.15284521280994,-0.004620353458106408,0.2027894465092634,0.1515133645673635,0.1418184953121519,0.014101752095776283,0.07033814242897252,-0.27231647198335934,-0.43090441819046466,mid_vol_neutral,False,True,0.6
2020-11-12,75.87086466033404,0.00028012559049028773,-0.014898116021624275,0.00028008636264270897,0.008326071272655833,0.0008717991160134275,-0.009185494134750116,75.8042964780141,76.08893569499467,76.16405882346389,-0.0047235185598980545,0.20229119259067538,0.1510615341519509,0.14066435677053526,0.016008637054902658,0.09626890013077749,-0.29865603359847637,-0.43074499995456494,mid_vol_neutral,False,True,0.6
2020-11-13,74.22141890549916,-0.021740173414646957,-0.028532443454525436,-0.021979972876538256,-0.013595282677555609,-0.017234953868857428,-0.006625325079830935,75.73921465932543,76.07708694432642,76.15441092836943,-0.005452031786241984,0.23223185502430124,0.16950258699319737,0.13889965787123756,0.01964016101336472,-1.9571938008178402,-2.4557233084427073,-0.4431207023727075,mid_vol_neutral,False,True,0.6
2020-11-16,73.72142309851507,-0.006736543363859648,-0.04026861259770542,-0.006759336293484258,-0.022778916998761,-0.020345619088409594,-0.006270978365123692,75.662661743203,76.03987286073098,76.1396297697036,-0.006264385943867468,0.23260488701777832,0.1705522181063551,0.13882510376951923,0.022540258571103818,-2.1743906668574113,-2.816004113246803,-0.4468721439096095,mid_vol_neutral,False,True,0.6
2020-11-17,72.93202855338289,-0.010707803945635974,-0.022964422687256958,-0.010765545035064952,-0.048790304688834385,-0.0322635844593373,-0.004556404681616777,75.5410868688242,75.98300895744451,76.11469827492004,-0.007536145042893239,0.21082298846031647,0.17368740664540228,0.13822053053975772,0.025111986355022133,-2.41288312982996,-3.2705622195861452,-0.4527949285494953,mid_vol_neutral,False,True,0.6
2020-11-18,76.45125253062159,0.0482534772039529,0.007931948913995068,0.047125424214631194,-0.009288199884275095,0.008799634932639355,0.052136538118769726,75.57443061168041,75.99182987368137,76.13068920921746,-0.007306627633547058,0.33922571904029025,0.2474225774801851,0.16897392152928797,0.03680292500209154,0.7975950950250932,0.4912529856849765,-0.42639038110837113,high_vol_defensive,False,True,0.3
2020-11-19,73.76029481832653,-0.0351983469625593,-0.02781792261701921,-0.035832739663419426,-0.04230160400001448,-0.025558994560408443,0.010194426747636598,75.47769622942884,75.94496738937714,76.11887050058897,-0.008423328761232307,0.38105365400122787,0.2781409967740569,0.18422180288557963,0.048854614650177194,-1.4666695482680059,-2.2139321528590954,-0.4465804914951801,high_vol_defensive,False,False,0.3
2020-11-20,71.07659430924951,-0.03638408056376452,-0.042370849852031656,-0.03706248758478307,-0.06969434942903374,-0.06712369390203066,-0.03170624804413569,75.22198582447876,75.8208664208682,76.06275563686384,-0.011053633349796699,0.4144551784941114,0.30301894808886926,0.1985729288975296,0.06050331484491045,-2.7363687121361897,-4.002132197959605,-0.46671615147817835,high_vol_defensive,True,False,0.3
2020-11-23,63.467882700306674,-0.1070494680124634,-0.1390849493573454,-0.11322409495072419,-0.1737528040112084,-0.15715957174174444,-0.13834589659864338,74.63026140487848,75.56813207642661,75.93571632843077,-0.017191579755513775,0.6426501794196771,0.4771110395275864,0.29499563899288206,0.09452923879973506,-3.6806048498603547,-5.734363754089188,-0.5238039037620785,high_vol_defensive,True,False,0.3
2020-11-24,59.55058440974001,-0.061720954345743984,-0.1834782935435325,-0.063707884180779,-0.2022292431439191,-0.20824158992641584,-0.19266785043195367,73.84713689235332,75.23267660674703,75.76442738611654,-0.02530594581005907,0.6783734185223892,0.5126027041757394,0.31899811509217135,0.12126594202737973,-3.157393988697698,-5.071384910046803,-0.5531951812776008,high_vol_defensive,True,False,0.3
2020-11-25,60.42386335822623,0.014664489981787376,-0.20964194361597666,0.014558006107399985,-0.20337286388897402,-0.19852384186660832,-0.18539682998571627,73.09879413926161,74.92825505807541,75.60252075128805,-0.03311697265046265,0.676147999287013,0.5187090160627175,0.3206207043796587,0.14098745856919992,-2.342758401862692,-3.8848465259707843,-0.5466430164896318,high_vol_defensive,True,False,0.3
2020-11-26,59.53071796809951,-0.014781335394455919,-0.19291648556008112,-0.014891667923791234,-0.21536787231024268,-0.2088349692922823,-0.1995821412435731,72.31311130595346,74.5887435944625,75.43833693490019,-0.041427552036886306,0.6666404185775622,0.5179085397700581,0.32124870726816207,0.15533199629057956,-2.071727392321989,-3.4905913603219303,-0.5533442381163174,high_vol_defensive,True,False,0.3
2020-11-27,55.18412407451712,-0.07301430323604663,-0.22359639469478965,-0.07581714313191766,-0.25649327527975274,-0.266601459374988,-0.26238097190489296,71.31009812842117,74.16299670352788,75.22662736272406,-0.052063070904646014,0.7117875797585566,0.5602380213347206,0.35074605644358714,0.169762103009169,-2.2362933553485353,-3.7194305577776388,-0.58595649735662,high_vol_defensive,True,False,0.3
2020-11-30,53.46512915105804,-0.03115017139961951,-0.15760339125351508,-0.031645654745939056,-0.2747680809198194,-0.291288078609399,-0.292622064549683,70.21136151394056,73.70807336661504,74.98794465380746,-0.06369801388634766,0.7015875438057577,0.5591690076425445,0.3534021323649693,0.17987654363845987,-2.05215592508753,-3.447241679834203,-0.5988540234308601,high_vol_defensive,True,False,0.3
2020-12-01,52.10813911726824,-0.025380842716302587,-0.12497686406003594,-0.025708492205589104,-0.28552461585341105,-0.32038408753859515,-0.3123327578498115,68.9831222762838,73.21519083275346,74.73059344029042,-0.0769092134749183,0.6936972900504941,0.5461696600670419,0.35531484583343376,0.18566502264864804,-1.886043700705088,-3.1977640448730176,-0.6090354463684391,high_vol_defensive,False,False,0.3
2020-12-02,51.9022718461836,-0.003950769967458134,-0.14103023273308257,-0.003958594875533553,-0.3211063242502822,-0.32741202441081585,-0.31716707417715206,67.7198356495943,72.7093354884596,74.47624959838744,-0.0907190411067561,0.5610365820161501,0.5410768489129024,0.35483988681638623,0.18777864278806203,-1.6654332213871508,-2.8784178816027466,-0.6105800573852673,high_vol_defensive,False,False,0.3
2020-12-03,52.07436215382026,0.003315660403973464,-0.12525224067135987,0.003310175722233717,-0.29400550415259685,-0.3238702037421236,-0.3157421464747592,66.472639151685,72.20652640616251,74.23140849023683,-0.10452138112901754,0.5973968883412569,0.5435986045480169,0.3550494809550565,0.18673708266508304,-1.4626850704110006,-2.5932034099407155,-0.609288873101022,high_vol_defensive,False,False,0.3
2020-12-04,52.36521465776271,0.005585330130080335,-0.05108189110599892,0.00556979001135882,-0.26325655911529533,-0.3146034139238626,-0.32241069412138124,65.27083309976823,71.70471581251067,73.99261946578352,-0.11787373428573533,0.6281710574623224,0.5492903567028066,0.3530599803703868,0.18328327905256728,-1.2862919886036037,-2.35417563482804,-0.6071066224717956,high_vol_defensive,False,False,0.3
2020-12-07,52.95382725191584,0.011240526712247068,-0.009563278107822315,0.01117782144779494,-0.16565946430004397,-0.31062847187812503,-0.30419675938221946,64.07779235407813,71.2225701937909,73.75689060123538,-0.13122974908862461,0.482181366426741,0.5529807840041154,0.35433777641468367,0.17699170321602362,-1.1116311392659484,-2.1260187056698783,-0.6026902939666248,high_vol_defensive,False,False,0.3
2020-12-08,52.53226490462284,-0.007960941997402937,0.008139338585861244,-0.007992799485870972,-0.11785475448615856,-0.2962503198294294,-0.31171444293928063,62.97209378554828,70.72652362710188,73.51029934389251,-0.14335685818724364,0.41504026108092407,0.552605097107338,0.3539040380635988,0.1711340745768237,-1.0440452426693323,-2.034762294488564,-0.6058532534913617,high_vol_defensive,False,False,0.3
2020-12-09,52.66320759329261,0.0024926145656865017,0.01466093332800722,0.0024895131546790283,-0.12843693424440839,-0.3056892109869772,-0.30381057818217516,61.81277330313712,70.2412538478784,73.2641717694551,-0.15630284475681788,0.39713863616063494,0.5438800672729319,0.35426915411344256,0.16298413827751798,-0.9365656965605589,-1.9000436092210902,-0.6048707975699963,high_vol_defensive,False,False,0.3
2020-12-10,52.7524194272323,0.0016940068411450682,0.013020942463186636,0.0016925736299076215,-0.1138622004273403,-0.3047078128949843,-0.31048259384746857,60.656851041482035,69.77614948750914,73.01555630080989,-0.16926126274259135,0.4040400295969426,0.5445157982008321,0.3528190216307023,0.15173464989309607,-0.8428491607676918,-1.7852494554567,-0.6042014459979437,high_vol_defensive,False,False,0.3
2020-12-11,52.801578233769234,0.0009318777616398322,0.008333081013004895,0.0009314438331164826,-0.04317447962987775,-0.28859379122086426,-0.30952577234671363,59.585859007895536,69.3183546768345,72.77094724055118,-0.18118615646256608,0.2172431563276687,0.5480692021262482,0.35292229064332303,0.13887427212275713,-0.7570528581649719,-1.6867616467018067,-0.6038326101273799,high_vol_defensive,False,False,0.3
2020-12-14,52.66759300719033,-0.002537523139662823,-0.0054053551854489346,-0.00254074810828186,-0.014916940378361221,-0.2855863222172229,-0.3089266844449021,58.533167503329295,68.87251574328381,72.53275861917153,-0.1930105980022926,0.1575831205214376,0.5492416941909106,0.35295288905036654,0.12180785975288685,-0.6954137509154434,-1.6149369120270947,-0.6048378940463615,high_vol_defensive,False,False,0.3
2020-12-15,53.19762882990909,0.01006379430794202,0.012665814552147658,0.010013491539620644,0.020908244491114614,-0.2705861898387911,-0.30689174751714443,57.54644751715561,68.41239825674332,72.29705649224417,-0.20402779436353624,0.09489650294914456,0.5568343439989011,0.353470818692099,0.09891444294938244,-0.558160976015382,-1.489136535422497,-0.6008610638937508,high_vol_defensive,False,False,0.3
2020-12-16,52.42645369070355,-0.014496419411309636,-0.004495622530580778,-0.014602519124840844,0.010099400775237743,-0.3142499049351115,-0.3208572166229545,56.34520757515971,67.91566929607205,72.04326982235135,-0.217897692399316,0.1239910085258001,0.5042984121467078,0.35306840610947404,0.07905853153955293,-0.6064440375141233,-1.4921396408438854,-0.606647149314931,high_vol_defensive,False,False,0.3
2020-12-17,52.30792696187384,-0.0022608191187024618,-0.008426010980815746,-0.002263378628699978,0.004485216878195475,-0.290838965723909,-0.3225661927386525,55.272589182337086,67.43385470376715,71.79078388813949,-0.23008795574011498,0.12427609777811628,0.5031092072966276,0.35291022632738855,0.05674295038164113,-0.5877824098813127,-1.4355498491559848,-0.6075364489601559,high_vol_defensive,False,False,0.3
2020-12-18,52.18034939163279,-0.0024389720191748676,-0.011765346092233675,-0.002441951156437462,-0.0035303066613613376,-0.26585748939236487,-0.32632047066331027,54.32777693645623,66.95791239050332,71.53808618514822,-0.24057547757358033,0.12153554739619467,0.4997645160728936,0.35246562115495783,0.02396013375551134,-0.6236094063279131,-1.3837472954019738,-0.6084936565796881,high_vol_defensive,False,False,0.3
2020-12-21,51.69882112463059,-0.009228153368390668,-0.018394079304658528,-0.009270996555047407,-0.02370000795815652,-0.1854333416359455,-0.32911915828450566,53.73932385767243,66.47624568209393,71.27245994178178,-0.24600155653994715,0.10986086369904295,0.36202129971942193,0.3525065627563793,0.04388933956242941,-0.7470640556641902,-1.3663186509701317,-0.6121065371614686,high_vol_defensive,False,False,0.3
2020-12-22,52.32922397620013,0.012193756798628552,-0.016324127086294493,0.012120011826465925,-0.0038650709005474404,-0.12126430840465041,-0.3233400243739719,53.378255835995446,66.00373913295316,71.00919685786748,-0.24829095106035703,0.12649203070075782,0.31366376400124,0.3539885194018346,0.06506852130435159,-0.44131722964036874,-1.2535495829573593,-0.6073766586118376,high_vol_defensive,False,True,0.3
2020-12-23,52.14724372833962,-0.0034776026478681166,-0.00532574573918676,-0.003483663563673987,-0.009797425727230302,-0.13697600864774584,-0.3221177294228721,52.96442485450111,65.535690949119,70.74444420365127,-0.2513274300094437,0.12627431484740273,0.3040833394231885,0.35402848421227584,0.08080330129543715,-0.4768185591276779,-1.217969749150027,-0.608742046583464,high_vol_defensive,False,True,0.3
2020-12-24,51.41373989086867,-0.014066013561371049,-0.017094676140710474,-0.014165877494412882,-0.02537664719265109,-0.1363494067311678,-0.3235713986294828,52.558575950639565,65.04787018450081,70.47185943836193,-0.25419058941378136,0.14094640651514012,0.30385600727123313,0.35420186848463653,0.09267368352884538,-1.4526770229912285,-1.2318114288893707,-0.6142454862622153,high_vol_defensive,False,False,0.3
2020-12-25,50.61073245003084,-0.015618537817756573,-0.030080613869052364,-0.01574179223312234,-0.04149205112844978,-0.0828751330420805,-0.33135353863380757,52.329906369415255,64.54962372791597,70.19306383828444,-0.2544860772856923,0.1534879163598134,0.18307317973522455,0.3546926394351468,0.11483633665978023,-2.7084096259352943,-1.2503910549887503,-0.6202704077233991,high_vol_defensive,True,False,0.3
2020-12-28,51.7934312550301,0.023368537615356066,0.0018300249085261289,0.023099673917799206,-0.016597716019429276,-0.03126706925751177,-0.30904816821354175,52.24632147461385,64.08044272459729,69.93493051338044,-0.2529295290481811,0.20703457856837706,0.17907454588756713,0.3598294379465558,0.1310191201356292,-0.7734334791852513,-1.098860742974677,-0.6113966824626196,high_vol_defensive,False,False,0.3
2020-12-29,51.98356540299617,0.003671008916745766,-0.006605459568083227,0.003664287208789644,-0.022821758292924987,-0.002390676703916017,-0.3178323403854417,52.240092788900256,63.612843511838044,69.6879007856734,-0.25037069276106116,0.19929628198323435,0.1559460223498426,0.35734777185647515,0.14560774916998856,-0.43644645219710904,-1.0393515085147413,-0.6099701162188629,mid_vol_neutral,False,True,0.6
2020-12-30,52.372410264062296,0.007480149890675136,0.004317899080068077,0.007452312302845659,-0.0010308426917466917,0.009058147190011079,-0.32215320554530413,52.263599709794185,63.14460416364935,69.44176580063667,-0.24737513357825636,0.19183393139766405,0.1574484583273005,0.3560527716204305,0.15639779052332597,0.1866636029679127,-0.9653318730421392,-0.6070526342263374,mid_vol_neutral,False,True,0.6
2020-12-31,52.02168616632957,-0.006696733947595068,0.011824587683201715,-0.006719257683674432,-0.005472225954450516,-0.0010115531964671742,-0.31907590398768604,52.26096591041966,62.67113823770878,69.19618836646018,-0.24474212895011316,0.19454660824409573,0.15907448556479503,0.35590324872246965,0.16390634100841708,-0.4097667134575763,-0.9578713482076983,-0.609684098190332,mid_vol_neutral,False,True,0.6
2021-01-01,51.48166807696269,-0.010380634100176533,0.017208516549167774,-0.010434888673527251,-0.013389740061459432,-0.016872776834288006,-0.32240871632379675,52.21678858137966,62.17695555108302,68.94021854642052,-0.24257871990614932,0.2007695389140392,0.16170906393913606,0.3560071260093865,0.16832133290966472,-1.208000844155014,-0.967584653028817,-0.6137358247504985,mid_vol_neutral,False,True,0.6
2021-01-04,52.41633324162185,0.01815530070358018,0.012026659974014642,0.017992461211687818,0.013878693969859635,-0.010150239145831463,-0.30832882526340655,52.18991388086496,61.71923479406921,68.69619983350057,-0.2402794622212292,0.21681654802376316,0.17017941552318458,0.35942926292555244,0.1695868323432307,0.386565139562107,-0.8478350200373449,-0.6067230824978235,mid_vol_neutral,False,True,0.6
2021-01-05,51.76811811133081,-0.012366663026636915,-0.004144527024938283,-0.012443766538733166,-0.010722610087329443,-0.014546237339650436,-0.31843296899945306,52.15170654120036,61.25033566309096,68.44912946317079,-0.23809540091725045,0.2178334278483395,0.17344376381816654,0.3592657465780366,0.16842007986094507,-0.6533221796203017,-0.8711493688750158,-0.6115866056127274,mid_vol_neutral,False,True,0.6
2021-01-06,52.19803327524781,0.008304631877721347,-0.003329558214626327,0.008270338156081051,0.0009739641690897916,-0.00883300389974817,-0.30908970117324663,52.12844782529811,60.786481960194706,68.21197036378929,-0.23578739116777092,0.22205949103841416,0.1760592181825552,0.3604763946397503,0.16546293358622152,0.1210408647097171,-0.7979359164648379,-0.6083609753559649,high_vol_defensive,False,True,0.3
2021-01-07,52.02311806094028,-0.0033509924288752657,2.7524955767965764e-05,-0.003356619578545153,0.01185243811022274,-0.013824984222724268,-0.3137224413826941,52.09198275698351,60.32205682872826,67.9664591757595,-0.23356338716608738,0.20893160125486163,0.17617969981173326,0.36000182265790703,0.16019062826593813,-0.12384581559698359,-0.7809384933606448,-0.6096733547623991,high_vol_defensive,False,True,0.3
2021-01-08,52.13039124039722,0.0020620290258512863,0.012601051746511382,0.0020599059620447285,0.03002641370319581,-0.012711494917830968,-0.3097420245032847,52.05842340731491,59.859776901032944,67.74059869209644,-0.23150334640622583,0.18660577902605033,0.1763588043337149,0.36035246277073396,0.1520902340911178,0.13562323212044286,-0.7385220825231272,-0.608868489890356,high_vol_defensive,False,True,0.3
2021-01-11,52.95350740487728,0.01578956430010825,0.010248220927229656,0.01566620595175588,0.022398132769674506,0.005428658903168682,-0.296322109185284,52.07271912719925,59.41004982031709,67.52826730664272,-0.2288752369324174,0.16623726356992302,0.18542754731603142,0.36306049134960294,0.14055348393521686,1.5974629198001342,-0.6290443956069653,-0.6026926937616813,high_vol_defensive,False,True,0.3
2021-01-12,52.79805930640467,-0.0029355581167470612,0.019895279810228095,-0.0029398753184766164,0.015668296260447523,-0.00751104010259529,-0.29942158919541806,52.052740651024045,58.93255252903711,67.32358932521409,-0.22682760719162653,0.16797380983660581,0.18209326473015477,0.362807156110837,0.12435996435579469,1.4487244848793863,-0.6136687999521228,-0.6038590124493521,high_vol_defensive,False,True,0.3
2021-01-13,53.38585357357655,0.011132876376396927,0.02275603550166716,0.011071362041448509,0.019350709742103955,0.01829991951263943,-0.29555595476973817,52.10071064516768,58.45690951290917,67.1308192366145,-0.22389282243779163,0.17249052229796236,0.17830559746124094,0.3637178380375557,0.10999454549435735,2.1771511276356987,-0.524326378411497,-0.599448823807327,high_vol_defensive,False,True,0.3
2021-01-14,53.62620009450186,0.004502063839703752,0.030814801059861896,0.004491959864771991,0.030843174191666156,0.025202167418886257,-0.2915488140781175,52.16662430179908,57.98906767255909,66.93692184580954,-0.22065994576258097,0.16576287552265512,0.1782978963160029,0.3641957851583926,0.09060119682487094,2.1425351425556802,-0.4683925281525582,-0.5976455168410392,high_vol_defensive,False,True,0.3
2021-01-15,53.58429932947928,-0.0007813487614029002,0.027889836513549593,-0.0007816541734456169,0.04084232953316991,0.026905721295756857,-0.2967090825168107,52.236821798691416,57.532726945226706,66.73872525488021,-0.21729368370170288,0.1501914279567227,0.1779329538660271,0.36347237401436167,0.06220304881011246,1.7931859888202544,-0.44137652442682923,-0.5979598960181003,high_vol_defensive,False,True,0.3
2021-01-18,53.39987228886967,-0.0034418111819584096,0.008429373347822455,-0.003447747839882477,0.018763980355398724,0.03290309386626733,-0.29086067922871495,52.321874356903365,57.06443154768974,66.53614206572591,-0.21363227965308496,0.13135289260713554,0.17450658153076706,0.36327549521170716,0.04982757197320752,1.3768394433898705,-0.4301938305469386,-0.5993436421435809,high_vol_defensive,False,True,0.3
2021-01-19,53.75978340932046,0.006739924741838932,0.018215141153855585,0.006717312993204478,0.03847281629412236,0.027337677198709498,-0.28523353616153624,52.39340232855939,56.646702490371766,66.33611803697615,-0.21018287052379225,0.1058176175358546,0.1711896437467405,0.3640347090827047,0.04114774864669197,1.6142866975145416,-0.35455235155703396,-0.5966432484442894,mid_vol_neutral,False,True,0.6
2021-01-20,53.01808436124309,-0.013796540853413863,-0.006888888866909193,-0.01389259764747576,0.015710382835135484,0.016699648354189245,-0.29675581461051814,52.43694436020455,56.19007183276631,66.12454061616681,-0.20699722264105647,0.13391797599597552,0.17884042236316028,0.3640858964956561,0.03038870881261707,0.6793370170642239,-0.4135551417288198,-0.6022081763456281,high_vol_defensive,False,True,0.3
2021-01-21,53.40133581066725,0.0072286928892573155,-0.004193179517443912,0.007202691119492374,0.026492409549779605,0.03865884730458191,-0.29029464235389113,52.53632415619448,55.74068125577297,65.91480847538382,-0.20296629283517675,0.13351443543853997,0.17102677148836265,0.3649614973597103,0.008555387299456261,1.022806147431167,-0.3279680066946101,-0.599332661418573,mid_vol_neutral,False,True,0.6
2021-01-22,52.57254133820378,-0.015520107500717528,-0.01888161278464051,-0.015641805185393452,0.008481618635233223,0.03876270492844336,-0.3013094664269318,52.63441460060314,55.307703704427055,65.69239532437673,-0.19877461705111732,0.1618490787771246,0.17089294511196315,0.3653611477249518,0.008251836063257925,-0.08663674757100157,-0.41271244544278013,-0.6055510615853832,mid_vol_neutral,False,True,0.6
2021-01-25,53.01215478355783,0.008362035278568491,-0.007260644804812699,0.008327267148658286,0.0011075258572041946,0.02353046513807433,-0.2972925218685697,52.695350777029525,54.89351833812791,65.46669559942944,-0.19508155567441265,0.14624893903074146,0.1533594186911855,0.3661096845269155,0.009159665195596547,0.45898468611085314,-0.30957182158814683,-0.6022526656467663,mid_vol_neutral,False,True,0.6
2021-01-26,54.27179311469163,0.0237613116515778,0.009524028426096676,0.023483405356410237,0.02791265110208685,0.04401829104941646,-0.2921648167947206,52.80976216261429,54.52031362935409,65.25166129339931,-0.19067559176525684,0.18638091006228902,0.17296639512087017,0.3683165345125639,0.008406671744961118,1.9420195264828661,-0.045253758264279687,-0.5928016672766148,mid_vol_neutral,False,True,0.6
2021-01-27,54.17358538162319,-0.0018095538664237854,0.021794469458892518,-0.001811193086825095,0.014755440913967854,0.034391678910314694,-0.2979786659393995,52.89982091849233,54.07476028637412,65.03329508002774,-0.18657326445791145,0.18147478658916133,0.17235617500001799,0.3675621995229292,0.007650759439972615,1.584721041897773,0.022019313920609736,-0.5935385145939956,mid_vol_neutral,False,True,0.6
2021-01-28,54.14054676154419,-0.0006098658570640181,0.013842555427785452,-0.0006100519008908551,0.009591331590452778,0.040730332893093024,-0.2970430104732944,53.00576394825307,53.68236532523847,64.81366635730781,-0.18218229383845663,0.18093984960690312,0.1697350512288847,0.3676289677134275,0.00696983181812535,1.3815403874869228,0.13184040977991823,-0.5937864015761564,mid_vol_neutral,False,True,0.6
2021-01-29,54.048584937232725,-0.0016985758329427503,0.02807632200112664,-0.0017000200485110186,0.008664582976043889,0.049860794262388985,-0.2925701567283868,53.13410979126657,53.34180513779814,64.58133577933317,-0.1772528525452064,0.18125289058410884,0.16400127222539382,0.3676785815034725,0.006781290929981607,1.1882109164810617,0.2937978265281628,-0.5944763861774518,mid_vol_neutral,False,True,0.6
2021-02-01,53.94790905701176,-0.001862692248795761,0.017651692848074108,-0.0018644292172962766,0.010262885371288055,0.029219438306183232,-0.2976871656757044,53.21068858203606,53.15140566493224,64.35976887067943,-0.17323058308437445,0.1803596254419193,0.15370501462030547,0.3670602868264315,0.00809863929123795,0.9566326027190036,0.4160469989292123,-0.5952317518696227,mid_vol_neutral,False,True,0.6
2021-02-02,53.89741440883136,-0.0009359889764595231,-0.006898218842136039,-0.0009364272876658652,0.0025601107516186605,0.041131421716380734,-0.27796206348419017,53.3171533969111,53.038342264914064,64.13550943583056,-0.1686796617674572,0.1777110394544602,0.14515989467491414,0.36412348519643656,0.010186813506980131,0.8228787552362723,0.5108686107453736,-0.5956106104878935,mid_vol_neutral,False,True,0.6
2021-02-03,54.19044587062688,0.005436837091530533,0.0003112308126722585,0.0054221108447737665,0.02211248338200611,0.03817026179650851,-0.2855541287957075,53.416774026680045,52.91367391516208,63.92096448661874,-0.16433091309405468,0.16033568820144667,0.14387407984744127,0.36211107522590047,0.011825698935104203,1.139447735341013,0.9718933333715513,-0.5934120112555727,mid_vol_neutral,False,True,0.6
2021-02-04,54.01805959027076,-0.0031811194314155244,-0.002262392580054895,-0.0031861899479686136,0.011548845553041698,0.038347211849039775,-0.28802630849003774,53.51652110314658,52.80342074760551,63.69608217103401,-0.15981455563552094,0.1597728444705429,0.1437928773461914,0.3619517655516895,0.01306058508380962,0.8274863997008134,1.3215824953387152,-0.5947054162071479,mid_vol_neutral,False,True,0.6
2021-02-05,54.371418678664185,0.006541499103700943,0.005973028559514981,0.006520196349271546,0.03421705123380048,0.04298888584842109,-0.26744301738705056,53.628572475059926,52.78716663968845,63.47508167160816,-0.15512400988295993,0.1309306745884601,0.14472679320556497,0.3611317174245803,0.013907275235194,1.3759214916510523,1.795027329509232,-0.5920541820505321,mid_vol_neutral,False,True,0.6
2021-02-08,55.16077100876328,0.014517780651709167,0.022482093800331837,0.014413406647354401,0.040530633662751114,0.04168304824474567,-0.2517674145403964,53.73893565525422,52.82107947684255,63.26457642172879,-0.15056831650899838,0.14074138575835043,0.14319899245839995,0.36329283841239307,0.014104136604001989,2.3118974621621544,2.489357480090865,-0.5861317141477596,mid_vol_neutral,False,True,0.6
2021-02-09,55.25471424969589,0.0017030806352884564,0.025183023262840054,0.0017016320379488153,0.018111086415130373,0.046529265953402454,-0.24238067491497273,53.86176840241878,52.8840109794911,63.049600906122286,-0.14572388043159434,0.08762951599088466,0.14198455607256413,0.36328543160427207,0.014320469881487852,2.1078972818699033,2.3828574652808148,-0.5854268630845645,mid_vol_neutral,False,True,0.6
2021-02-10,55.20888485443397,-0.0008294205459975501,0.018793700023035154,-0.0008297647055337643,0.019110780014238715,0.03414820891352632,-0.2778550641492663,53.95291996646165,52.95014323965611,62.82973936405786,-0.1412837214899263,0.0866283146980283,0.13843553683466578,0.34646731571725076,0.0147713394607152,1.75606817574354,2.1775121036875804,-0.5857707185621408,mid_vol_neutral,False,True,0.6
2021-02-11,55.07137469620225,-0.0024907251540089437,0.019499314005740453,-0.0024938321701264083,0.017192806322362753,0.026949039819223586,-0.25337371777262496,54.025178696546675,53.010083490503746,62.608304948333135,-0.13709245536785575,0.08865005058315446,0.13879405196395728,0.34079571098440636,0.014906632606658423,1.3902939814815884,1.9234110861342117,-0.5868024498529452,mid_vol_neutral,False,True,0.6
2021-02-12,56.42912872980831,0.024654442368581275,0.037845436097689866,0.02435542635297492,0.044044516527863564,0.05309072687200289,-0.20608001440968116,54.167420166563126,53.09136177194467,62.39803879222767,-0.13190508523946998,0.14252943214782887,0.1611410042031778,0.33945250573917013,0.014212648181643703,2.469365977648187,2.849723189838752,-0.5766152946660056,mid_vol_neutral,False,True,0.6
2021-02-15,54.546789572968336,-0.03335757966161268,-0.011130762398107175,-0.03392663439881506,0.011101088557921246,0.021477903128575893,-0.14056074896122595,54.22476603076806,53.12322101836571,62.1728956060783,-0.1278391411213795,0.23723006416031933,0.20510451983897127,0.27003083889847773,0.017406683349016665,0.35736495225915593,1.1973087369521065,-0.5907383837016927,high_vol_defensive,False,True,0.3
2021-02-16,54.33319436974614,-0.003915816217496482,-0.016677669814477825,-0.003923503099327358,0.008085359301454265,0.010666169468351416,-0.0876127428757949,54.253436578789334,53.15923960766818,61.94288161738504,-0.12413767067041914,0.23845183570273115,0.20473500655609944,0.24009654098094368,0.020038545930498024,0.08915156840172207,0.9799692364810363,-0.5923409769759924,high_vol_defensive,False,True,0.3
2021-02-17,54.385019503249175,0.0009538392524901518,-0.014922695021952204,0.0009533846368941896,0.0035905523473052092,0.02578243175842343,-0.09994137281781257,54.321783335889656,53.19367584586731,61.717464846872865,-0.11983125893671465,0.23712601831609925,0.19753734556478458,0.23780864272256508,0.02131542203892219,0.07473040025548403,0.9861257248979424,-0.5919521357982004,high_vol_defensive,False,True,0.3
2021-02-18,54.3693231809855,-0.00028861481354680585,-0.012748029608659062,-0.0002886564708175683,0.006502706564787575,0.018126650871622907,-0.08670136970093023,54.37018270440556,53.22601392094238,61.50108170422577,-0.11594753786794365,0.23632575417397705,0.19636766703288333,0.23623774490861468,0.022605241725195336,-0.0010507801157216424,0.9389432122980556,-0.5920699044564453,high_vol_defensive,False,True,0.3
2021-02-19,54.16590011964517,-0.0037415043895833167,-0.04010745267749638,-0.0037485213251969717,-0.0037799006171538307,0.030307813563570818,-0.018451392895119656,54.44985064347763,53.2533003586599,61.285827517747194,-0.11154254011320963,0.23490173855629556,0.18749834520244862,0.18326028591565882,0.023203813892584958,-0.40377869004679984,0.7460610861577787,-0.5935961766995645,high_vol_defensive,False,True,0.3
2021-02-22,54.21359223104724,0.0008804822092260967,-0.006108468427374114,0.0008800948121465287,-0.01717123891479988,0.022663433553959944,0.013999088599870646,54.5099225158521,53.28422034313703,61.07836804321042,-0.10754127423167914,0.22037454545531499,0.185771557711966,0.17157231546299967,0.02355633797918178,-0.4776489109818972,0.757034475745935,-0.593238345363387,high_vol_defensive,False,True,0.3
2021-02-23,54.90451917839263,0.012744533592254914,0.010515207421057049,0.012664005497604039,-0.006337831550819795,0.011658469849409103,0.05366493811707995,54.54155881903714,53.318358150106704,60.86537820342501,-0.10389846528600089,0.2317460475625537,0.1715900772451151,0.16486866988728732,0.02353551555190415,0.5819145191216948,1.270207212372165,-0.5880543577918296,mid_vol_neutral,False,True,0.6
2021-02-24,55.32322163771399,0.007626010856427667,0.01725111332190954,0.007597079828099211,0.0020709851970655,0.02122134335381798,0.06591136899881067,54.599040631841696,53.37629350904692,60.645981402559485,-0.09970884518430079,0.23530913560444716,0.1730691876533986,0.16511336015251182,0.023547023893825302,1.13015647090421,1.5288364938233878,-0.584912855852092,mid_vol_neutral,False,True,0.6
2021-02-25,55.64035565275777,0.00573238516586283,0.02337775049252011,0.005716017566484681,0.010331700628398499,0.02770213787864595,0.06847887043539913,54.674031076402365,53.44294208286459,60.438398393315886,-0.09537591117819932,0.23619122075097876,0.17369764778358376,0.1653249212132917,0.02360104448340163,1.4394164039989266,1.686077285951273,-0.5825334164644381,mid_vol_neutral,False,True,0.6
2021-02-26,56.89290701881147,0.02251156289996903,0.05034545522446243,0.022261917330507024,0.008218774584023869,0.052625283064892336,0.08646374106627608,54.81624718048131,53.53719323540816,60.247552812955746,-0.0901498132104459,0.23038859585521346,0.1885484038307811,0.17080919533450664,0.024139678342216166,2.540965530827316,2.434607712844414,-0.5731355912105421,high_vol_defensive,False,True,0.3
2021-03-01,55.88298670741892,-0.017751251681666025,0.030792913874016392,-0.017910694844879727,0.024496347904455984,0.03586937258981027,0.05531534938104232,54.91300106300166,53.620876547063936,60.04856111457892,-0.08552344895955255,0.17106809642942747,0.2015612130651202,0.17400803292146585,0.0251113654833805,1.1777657767057277,1.6257770478865212,-0.5807129687649094,high_vol_defensive,False,True,0.3
2021-03-02,55.8979643657597,0.0002680182149030763,0.018094051313685577,0.0002679823044376123,0.028799521437393283,0.03711773521737882,0.06406918618962254,55.01302856084808,53.69225135485512,59.847995243904144,-0.08078744598464283,0.1679524742553609,0.2013864745778708,0.1730211833098766,0.025408709880791847,1.0855621359915197,1.5586722945663503,-0.5806005922032658,high_vol_defensive,False,True,0.3
2021-03-03,55.57403978956103,-0.005794926163663505,0.0045336866585523605,-0.005811781898320468,0.021863011122774667,0.025532063755985934,0.05527259597911671,55.082208256794786,53.76078727607955,59.64823911259927,-0.07654929841575187,0.1734614185820513,0.20271283417479044,0.17356780127953594,0.025369888874241093,0.6145763683623978,1.2753793675680662,-0.583030980804532,high_vol_defensive,False,True,0.3
2021-03-04,55.31562390255863,-0.004649938856000513,-0.005836263021497201,-0.004660783452549163,0.017405048770297693,0.024020935259984277,0.04858932544055272,55.147086472409185,53.83882495631335,59.44334757040708,-0.07227488480370703,0.17658018325068725,0.20321367211537703,0.17393909846150146,0.024989208689529238,0.22143798459244396,1.0570064109167177,-0.5849698612486375,high_vol_defensive,False,True,0.3
2021-03-05,54.76443066505896,-0.009964512711103546,-0.03741198095306919,-0.0100144907495848,0.011049951059461938,0.0072282827254790405,0.037174124277110865,55.16673707172892,53.92189892061391,59.23576132426494,-0.0686920225480282,0.18461180046789807,0.20595792841769384,0.17534500169054482,0.02443600200633597,-0.5400627337141743,0.6369283225162015,-0.5891054343417165,high_vol_defensive,False,False,0.3
2021-03-08,55.39790928928292,0.011567336983713705,-0.008680234302358869,0.01150094682235526,0.021845389864378895,0.004299038541030642,0.05184053658423027,55.1785939857549,53.99398848129898,59.03721560294814,-0.06535913961702067,0.19181281897385966,0.20353524117991995,0.17662150958105963,0.023201893969742343,0.29370861838607926,1.0778638321003544,-0.5843524784359704,high_vol_defensive,False,True,0.3
2021-03-09,55.85599725553191,0.00826904791400862,-0.0007507806537137007,0.008235046647446372,0.01732968599629814,0.010882021814805354,0.04997155858435964,55.20865813604671,54.071437118349685,58.84214031509387,-0.061749660355490565,0.1861757624061031,0.20546391980635276,0.1762618716705619,0.021405087525562454,0.849652636548959,1.377365758992542,-0.5809154691648185,high_vol_defensive,False,True,0.3
2021-03-10,55.65930001551697,-0.003521506188764012,0.0015341736227705294,-0.003527721286977231,0.006074815743808193,0.00815838179435402,0.06166440980131904,55.23117889410086,54.13717491337878,58.64088953851406,-0.058145615989910526,0.18478194527101044,0.20593767701781612,0.1735890525728231,0.01840531517141969,0.5570708108934685,1.1789866996441203,-0.5823912779337699,high_vol_defensive,False,True,0.3
2021-03-11,56.46878588730127,0.014543586993703395,0.0208469488977292,0.014438843376284453,0.014889017599269083,0.0253745471001543,0.07954547555402458,55.3010494536558,54.226116907798215,58.448627572753495,-0.0538520449463038,0.19646987750414596,0.21147371072849594,0.17562169110259324,0.014349572286883614,1.4322316948912133,1.7311120500977324,-0.5763177491550704,high_vol_defensive,False,True,0.3
2021-03-12,56.403700036678906,-0.0011525987251127523,0.029933103507379988,-0.0011532634778678621,-0.008598734143973497,-0.00045063061758698897,0.08093756930120022,55.299778018999326,54.32455754699254,58.25075654903777,-0.050659917653673614,0.15789589857880965,0.19274679537871067,0.17552332963585698,0.012061863314698674,1.3570155793697765,1.6378257563651897,-0.5768060847772472,high_vol_defensive,False,True,0.3
2021-03-15,57.18726291100536,0.01389204739789962,0.03230002078920702,0.013796437369247471,0.02333941473842671,0.048407493066201734,0.10616183632396092,55.43180168590118,54.41997614038021,58.069605467224704,-0.04542486142449065,0.1419819985774225,0.1530101074558625,0.17596228276443793,0.015188184128129691,1.9613345088324945,2.125443732155184,-0.57092705484847,mid_vol_neutral,False,True,0.6
2021-03-16,57.38453247797922,0.0034495367837563684,0.027365641964183673,0.0034436007788064805,0.026594315715906758,0.0561597407188732,0.09660583738215367,55.58436859131284,54.53230442771317,57.89132004540207,-0.03984969512320624,0.14157613328176297,0.1511940229254077,0.17465182765540707,0.017593013531176257,1.8832044437194824,2.175992802450612,-0.569446951941255,mid_vol_neutral,False,True,0.6
2021-03-17,57.266059693982015,-0.0020645421140734754,0.028867766537076678,-0.0020666762189493672,0.03044622832581645,0.05297488567712505,0.09816081540778643,55.72842060084948,54.63366495608786,57.71007345814128,-0.03433807546145551,0.13648236744007658,0.15205438130946766,0.17450038369148446,0.01948848079034372,1.5652349434227966,1.9904977645318966,-0.5703358468413151,mid_vol_neutral,False,True,0.6
2021-03-18,59.227918038670246,0.034258657836282014,0.048861191329234055,0.03368489744958862,0.07072674698568582,0.08936279823663384,0.1519861843232575,55.971350343733704,54.777760955642464,57.54990889218536,-0.027429383970163035,0.2000714689876537,0.18837784777461247,0.18380076121680847,0.019396928163828167,2.7041875408859886,3.1315496014739304,-0.5556161296337359,high_vol_defensive,False,True,0.3
2021-03-19,60.54857636182144,0.022297902186751317,0.07348589405388561,0.02205293872624745,0.10561865843431306,0.1178356905004403,0.1963584289479008,56.29048415584252,54.94612465807094,57.40295077955194,-0.0193799553612094,0.1890483027519749,0.19605375256744478,0.18432608380125443,0.019480831198256544,2.8235969988652148,3.524232454271333,-0.5457073015589389,high_vol_defensive,False,True,0.3
2021-03-22,60.38057697993804,-0.002774621501907548,0.0558396031980426,-0.0027784778991606076,0.08994324433140743,0.11375347943387282,0.16579603854830482,56.598833393287066,55.094666049572155,57.25235793494462,-0.011414805699359154,0.19946811694338915,0.1976576084685051,0.1797524595410864,0.019578517387087515,2.248992153261444,3.0385315677595455,-0.546967791848193,high_vol_defensive,False,True,0.3
2021-03-23,59.67991259383235,-0.011604135322166531,0.03999997938005251,-0.011671988731317567,0.06846024645852555,0.08697632702917923,0.14805346903720817,56.83760306405905,55.232303115320704,57.08242782217891,-0.004288968907954049,0.22414658240391314,0.20455527003343582,0.18208285454196674,0.019426069623129295,1.6101553109074047,2.4378603269955,-0.5522248388968864,high_vol_defensive,False,True,0.3
2021-03-24,59.83558435295354,0.0026084448243188785,0.04486993993829036,0.0026050487365079675,0.07503300142603808,0.08156362882821444,0.14250201683027064,57.06322119982103,55.361297730908255,56.909103621908706,0.00270813574812645,0.2183315577842094,0.20423431576243767,0.18177214259968405,0.019193510519603604,1.5002563525861776,2.334192894424578,-0.5510568420954485,high_vol_trend,False,True,0.3
2021-03-25,60.33771249150583,0.00839179802423895,0.018737691439888016,0.008356782645474153,0.06851442869563451,0.08442355882955699,0.1598569161827499,57.29808904175843,55.49552797884832,56.74229782570371,0.009795007205417594,0.21480824838004925,0.20474997936302333,0.1812163280264431,0.01887399517221236,1.5563189805177675,2.391421695642828,-0.5472894017899494,high_vol_trend,False,True,0.3
2021-03-26,60.93382309454898,0.009879569152162704,0.006362605958320389,0.009831085280492131,0.08031606179956574,0.07102671119268678,0.18360234566323208,57.50013484554531,55.64251845414972,56.58762269968822,0.016125649078771342,0.21056972524028,0.194362591499685,0.17979829509855552,0.018834862459217942,1.6261458075287876,2.4652484047681114,-0.5428168161290163,high_vol_trend,False,True,0.3
2021-03-29,61.24504951059546,0.005107613477059569,0.014317063100351746,0.0050946138652164024,0.07095612542087926,0.0959516145987358,0.16843445016033765,57.76823798570414,55.799421998584236,56.43192677313699,0.023680056467667132,0.20809567906874157,0.177398538409058,0.1770295653732793,0.019098239093689913,1.55745456195985,2.406728504432882,-0.540481701137592,high_vol_trend,False,True,0.3
2021-03-30,61.192390557920994,-0.0008598074962018476,0.025343166542186824,-0.0008601773426801564,0.0663568720613521,0.09471590338277869,0.1820478083889907,58.03295929531221,55.94807414155625,56.297388315964,0.03082862333875025,0.21122912254182183,0.17781275170699376,0.1744094063706059,0.019267366432487252,1.3668747141548365,2.2149872118733858,-0.5408767984155958,high_vol_trend,False,True,0.3
2021-03-31,61.58163454790846,0.006360986822683934,0.029180799583329087,0.0063408411318549105,0.07536008024627461,0.10810073878192128,0.1797692496033243,58.33333903322957,56.11934514528955,56.15470848902793,0.03879693444811161,0.20580162419434447,0.1735779946087807,0.1741951542400461,0.019485105988269733,1.373601606551891,2.22104274583607,-0.5379563217803289,mid_vol_neutral,True,False,0.6
2021-04-01,60.81086111298277,-0.012516287373405932,0.007841673174858066,-0.01259527588556964,0.02672629946706917,0.09934331067302593,0.1689199605788423,58.60810089375078,56.26753565133586,56.004108453554416,0.04649645377992084,0.16446400272635908,0.18156184843724285,0.17657793419190235,0.019322977206821634,0.9517508569260543,1.8066167422884327,-0.5437393932359917,high_vol_trend,False,True,0.3
2021-04-02,60.51875452609655,-0.004803526566471428,-0.006811792652635318,-0.0048151005791350066,-0.0004925274468334795,0.10507411089930296,0.16091118992406406,58.895817086802666,56.426459915093716,55.86708180976039,0.05421323575403103,0.12568880151928064,0.17685551034757965,0.17723748064710032,0.01907979927691349,0.7498815444638303,1.619041868334512,-0.5459310531818171,high_vol_trend,False,True,0.3
2021-04-05,58.687315441791256,-0.03026233931360156,-0.041762298981597,-0.030729696964309848,-0.028043149350980623,0.05937780314652952,0.10828004258667612,59.06028739442807,56.539963128258385,55.716740733193156,0.060009731675546574,0.19767863799804483,0.21473493746798877,0.1873831168135955,0.019724617024726287,-0.18616367873171333,0.8594885958605613,-0.5596722417221986,high_vol_trend,False,True,0.3
2021-04-06,58.77654629686106,0.0015204453364086046,-0.039479488201612956,0.001519290629695546,-0.01513685690391986,0.05228711660035579,0.11323308221920159,59.206314846494536,56.63005819190178,55.57518591062794,0.06533723416968718,0.19215776860367204,0.21386263038174252,0.18712615842843347,0.020195501267408197,-0.23120343867147472,0.8599135849938403,-0.5590027474356339,high_vol_trend,False,True,0.3
2021-04-07,58.76042360530585,-0.00027430484727331006,-0.04581253750917891,-0.00027434247572919807,-0.017968584401308996,0.055716180205722,0.10067404887180564,59.36137102598398,56.72179495637543,55.39827762137478,0.07153820614596307,0.19099129609962612,0.21293088986243086,0.18616902770201502,0.020568384806153372,-0.36053835786207433,0.8192791032688812,-0.5591237151196465,high_vol_trend,False,True,0.3
2021-04-08,58.45646501211979,-0.005172845506148049,-0.038716703854738355,-0.005186270990112771,-0.031178634417916906,0.035199607953064094,0.09007285448355251,59.46075498222491,56.80811332138695,55.24523932331272,0.07630550090011656,0.18279470578416868,0.2099896930100942,0.18659524102739308,0.020485401904972635,-0.6522778467225195,0.6668753261370854,-0.561404300028657,high_vol_trend,False,False,0.3
2021-04-09,58.944102365255006,0.008341889182558626,-0.026019242682242094,0.008307287918424063,-0.03265379764874732,0.045039639720870994,0.1000256250962499,59.58777509865371,56.90602366994739,55.12391440387276,0.08097865949932137,0.17987673734251935,0.2109130810173094,0.187053668247046,0.021060271064471555,-0.46997637097756795,0.8294549339141318,-0.5577455833035495,high_vol_trend,False,True,0.3
2021-04-12,58.51017219282704,-0.007361723310994828,-0.0030184248100411093,-0.0073889545241317195,-0.04465466743226776,0.023132935805659782,0.09569872894663312,59.6539205627448,56.997268932663694,55.07433729879797,0.0831527620405299,0.17445287591343422,0.20888829611945994,0.18768162746101474,0.019577834949646197,-0.8961309861816893,0.6226978944119377,-0.5610013379523342,high_vol_trend,False,False,0.3
2021-04-13,58.8672914994357,0.006103542225644576,0.001543901577957918,0.006084991058745354,-0.03799653906778644,0.025839001511870352,0.09500611360777422,59.72805851381762,57.09666647447579,55.06750436969492,0.08463347299768897,0.1818688172429858,0.20947458338412933,0.1876116062702278,0.017296744984411597,-0.7314859808473495,0.7372415973810907,-0.5583218910815247,high_vol_trend,False,False,0.3
2021-04-14,59.139949918069625,0.00463174730294047,0.006458876391243429,0.004621053768520557,-0.039649558634876514,0.032722527690944636,0.11546749812978341,59.821753025022,57.19565655542463,55.054665235293356,0.08658826221819704,0.1793517115958027,0.2093716823676872,0.18494177201967432,0.014188100941335251,-0.6576960000418772,0.8164583952172696,-0.5562761496917737,high_vol_trend,False,False,0.3
2021-04-15,59.33067172003452,0.0032249232917700432,0.014954833613929353,0.003219734379554122,-0.024340872105036437,0.001734885924863816,0.11103347546191622,59.82689070909022,57.301908798019916,55.05266477281271,0.0867210689251725,0.17574370829072453,0.17077355862373436,0.1846298455647172,0.01533984003871512,-0.4799920746409017,0.861442256056547,-0.5548451743118008,mid_vol_neutral,True,False,0.6
2021-04-16,59.1671710203229,-0.002755753389800497,0.003784410078647271,-0.0027595574685157043,-0.02233330008784029,-0.02281482777140209,0.12543867034494838,59.757820442015294,57.397823844853086,55.09249524227077,0.08468168267254228,0.17526122629951987,0.14949256759695176,0.18133239842607046,0.01872798097827815,-0.5738981620224988,0.7591077598792972,-0.5560719112316772,mid_vol_neutral,False,False,0.6
2021-04-19,59.972468470956095,0.01361054511726767,0.024992171845091837,0.013518753598602733,0.02189831004349685,-0.006758936886567701,0.1312965623792577,59.737415016566196,57.494057794096946,55.15756863546975,0.08303205696690763,0.10137778729120142,0.15813791727222434,0.18243020283816386,0.02045573888708873,0.23039985079959546,1.061007322644418,-0.5500298079506735,mid_vol_neutral,False,False,0.6
2021-04-20,60.13467170379416,0.002704628256491093,0.021529446524146678,0.002700977330937569,0.023106587448565863,0.007619969436899021,0.10802809807136105,59.76015297206428,57.59165694317891,55.23783396133501,0.08186995554341925,0.1013341085315665,0.15262211170337267,0.1767790619947154,0.022161380694149496,0.36577312373497234,1.0856597900469913,-0.5488128058546782,mid_vol_neutral,True,False,0.6
2021-04-21,60.08308304649871,-0.0008578854067677888,0.015947479322110825,-0.0008582536010474222,0.022509358511047628,0.0041363128015134976,0.10908448505385682,59.77252790674154,57.68914090702021,55.31964207333815,0.08049375712699147,0.10179138214023367,0.15245997523276036,0.17670745074275307,0.023468712802174295,0.30257848676090576,1.021914475280367,-0.549199872764256,mid_vol_neutral,True,False,0.6
2021-04-22,60.27124136303142,0.003131635511897768,0.015853008498457388,0.0031267421548868118,0.03104492121676139,-0.0011016514503059405,0.11323665844176212,59.76920435031782,57.79313824035678,55.401610865430264,0.078835135236345,0.09299906307138273,0.14985567131341432,0.17665695335567774,0.024589716985395745,0.49001126929085814,1.0592720756636522,-0.5477881310770365,mid_vol_neutral,False,False,0.6
2021-04-23,61.15434091949383,0.01465208840055654,0.03358568383281968,0.01454578368595712,0.03749719591186218,0.003618972415413424,0.13146978760892836,59.780230241565064,57.887642484150504,55.489502128047576,0.07732504255699046,0.10729673519414314,0.15490643018971262,0.1784231829548038,0.025390203313648038,1.3227587334032334,1.3735253883493872,-0.5411622827977963,mid_vol_neutral,True,False,0.6
2021-04-26,60.14387616645416,-0.016523189324693877,0.0028581063922870076,-0.016661219798759324,0.02792170852348641,-0.017979793517038267,0.11485092226455973,59.72517157435799,57.99958421602021,55.56140261719296,0.0749399540154263,0.1389500403363092,0.16459221561217638,0.18230927880866016,0.025705881091397726,0.42513264259721484,0.9126893571329432,-0.5487437452684387,mid_vol_neutral,False,False,0.6
2021-04-27,60.29214021640835,0.0024651562121444925,0.0026185976933545962,0.00246212269893584,0.024204421176508673,-0.014711802126124218,0.11864624449460015,59.68015905728235,58.11876313295346,55.639001370310815,0.07263174369495262,0.13771720529990497,0.1650136186094035,0.1822182349581718,0.025990148535877153,0.6555580995943846,0.9406695529075979,-0.5476313281088181,mid_vol_neutral,False,False,0.6
2021-04-28,60.7049141036695,0.006846230466849734,0.010349519792277606,0.0068229014477482084,0.026462047867269467,-0.014236719286119248,0.12021433166641815,59.63632303507042,58.245161024961874,55.71941843541458,0.07029693973198947,0.1391504528676366,0.1652973285080252,0.18235675459150774,0.02619652626985416,1.246918394822778,1.0813905666955468,-0.5445343079250684,mid_vol_neutral,False,False,0.6
2021-04-29,60.291149057281146,-0.006816005796198676,0.0003303017127158636,-0.006839340858767687,0.016188546487032163,-0.008546368957611628,0.1161294854830408,59.610337432285334,58.36359754248778,55.79480573171508,0.06838507008908556,0.1469018484713029,0.16106079742025875,0.18294554526775214,0.026595607383189095,0.8233837792821705,0.8673833299425334,-0.5476387647222207,mid_vol_neutral,False,False,0.6
2021-04-30,60.43263180422321,0.0023466586581000204,-0.011801437222922706,0.0023439095546361737,0.021387887270555073,-0.0014230749219433791,0.11147792853044503,59.60603129619167,58.48893217617933,55.87111626741961,0.06684876333766776,0.14483978304044243,0.1604546843371927,0.18269260667118217,0.026966164340396694,1.0055030182969193,0.9013525130081204,-0.5465772273128673,mid_vol_neutral,False,False,0.6
2021-05-03,60.48837621687362,0.0009224223897941197,0.005727932291327731,0.0009219972196990451,0.00860240972351134,0.030689098002254722,0.09658322591727297,59.69608433494578,58.61442785589586,55.94932409951645,0.06696703303805784,0.12998695452158693,0.11394710326347131,0.18077380031588525,0.029390999227299337,0.972429480143122,0.8992487978456188,-0.5461589799952982,low_vol_trend,True,False,1.0
2021-05-04,60.20690080506981,-0.004653380193156753,-0.001413773188886469,-0.0046642408724455985,0.0012011224012566935,0.024335463689623582,0.08962468854684524,59.76760206035622,58.72047548842941,56.01941681926805,0.06690868013104634,0.13233315659575604,0.11604705205247548,0.18122736313993848,0.030643353152843177,0.5544895674566132,0.7339097304632786,-0.54827087480863,low_vol_trend,True,False,1.0
2021-05-05,60.32600369213752,0.0019782265068473137,-0.006241840831615275,0.0019762723934859533,0.0040430789054353156,0.02664344452905376,0.09268650962966474,59.845881064697814,58.820531129517875,56.098412319282396,0.06680168993173674,0.13249327751819742,0.11593560965198932,0.18116484219819984,0.0311314742699067,0.6281381026490552,0.7614570088669688,-0.5473772522792615,low_vol_trend,True,False,1.0
2021-05-06,61.092414775368,0.012704489545531938,0.013289939412592489,0.012624464589616972,0.01362463081505827,0.0450925276220806,0.10933157402335492,59.97767855286021,58.929572311970084,56.18625719741733,0.06747951446776845,0.1459774132332016,0.11991265755740488,0.18239225491439834,0.030788247385391702,1.5084176584199342,1.110141877207055,-0.5416269113127735,low_vol_trend,True,False,1.0
2021-05-07,60.708455625112,-0.006284890712992541,0.004564153713880081,-0.0063047237814102255,-0.007291147082572835,0.029932651258711918,0.07583542386049924,60.06589621585307,59.0058832840961,56.271538259752134,0.06742943366122311,0.12965050441545312,0.12126504271945657,0.17676510373811363,0.02955718285642108,0.8999165235346435,0.8769050941837669,-0.5445077360809496,low_vol_trend,True,False,1.0
2021-05-10,61.17712999432705,0.007720083872816863,0.011386547639896882,0.007690436514281848,0.017179701305138018,0.04558109644098707,0.12155326598074434,60.19924410592806,59.11176614983426,56.36632134844909,0.06800022896268776,0.10069864167931226,0.11842535665349797,0.16179770276475244,0.02790960624298481,1.4934913533805507,1.080257163231021,-0.5409912976000752,low_vol_trend,True,False,1.0
2021-05-11,61.31378347102927,0.0022337346769110145,0.018384647792172304,0.002231243600520374,0.016944882881150036,0.04155944513970078,0.12847742861903355,60.32156870450774,59.22008253193965,56.456166943397385,0.06846730783168087,0.10065757142733435,0.11755194123643102,0.1613332387570432,0.02529836307380427,1.599157764696612,1.1141071032211574,-0.5399659939445206,low_vol_trend,True,False,1.0
2021-05-12,60.86028389171211,-0.007396372457286637,0.008856548865745939,-0.007423861248820001,0.002559426865793357,0.02908920240929813,0.11906338266691385,60.40758540318988,59.32580741398267,56.543297345031114,0.06834210666170759,0.10554172855909658,0.12174615319106023,0.16248285957055364,0.02114927846881405,0.8015534950381512,0.8442116660541562,-0.5433685767963246,low_vol_trend,True,False,1.0
2021-05-13,60.43901473337068,-0.00692190590321573,-0.010695272799410738,-0.006945973420241994,0.002452527085676337,0.018680776421445833,0.11163816647450786,60.463002553856676,59.42827523059891,56.63355009345614,0.06761808952610626,0.10574211351030151,0.1250802667077475,0.16343526471101272,0.020385639952807455,-0.047526027667671986,0.5845050498518036,-0.546529336540192,low_vol_trend,True,False,1.0
2021-05-14,61.240381895310335,0.013259103667968786,0.008761979937079944,0.013171971107650258,0.013366124674230706,0.035039885112562175,0.13060766570921167,60.566663097606046,59.557794255203945,56.73984658790892,0.06744495693635888,0.1243157251187962,0.13153001016438604,0.16467442889469375,0.02034989341837558,1.5585079297507478,1.0442595328333815,-0.5405167220029958,low_vol_trend,True,False,1.0
2021-05-17,60.61396123183507,-0.010228882382642968,-0.009205544008753064,-0.010281556908931483,0.00207618426573708,0.010696454176963632,0.11805838236121247,60.598737735650005,59.662115294054985,56.82805188767698,0.06635254460993911,0.13732775286593385,0.13024789081748436,0.16658881391105995,0.019942001608711266,0.03721667894568526,0.6339013585153102,-0.5452167224104183,low_vol_trend,True,False,1.0
2021-05-18,60.908113549503526,0.004852880618433586,-0.006616292431495752,0.004841143351006678,0.011646717154633501,0.01286182868876562,0.10934608773467902,60.63740982793547,59.76315761993442,56.917297369142055,0.0653599631526125,0.13612741499413467,0.13093754443449176,0.1651768431027184,0.01968716528291175,0.6779235500353904,0.8136172314303293,-0.5430097134570162,low_vol_trend,True,False,1.0
2021-05-19,60.72889046868111,-0.0029425157073162955,-0.0021589354276556616,-0.002946853417937771,0.006678492720977314,0.01074857329945278,0.09771066599060929,60.669700199044584,59.8645494289977,57.00086217118824,0.06436460586925663,0.13756492031896625,0.13146850568387716,0.16500029255412882,0.019366036717285543,0.1567321667816006,0.6738766614859782,-0.54435441455326,low_vol_trend,True,False,1.0
2021-05-20,61.8140375280146,0.01786871209005736,0.022750582561775534,0.017710943298721433,0.01181198607552103,0.025597550840050998,0.11095690893469046,60.74684000729375,59.971454461811966,57.09878568480509,0.06389022601332606,0.1518813699545812,0.14499280439592244,0.16814073007564545,0.01920969524617703,2.4048991918406646,1.5167818111276565,-0.5362126147718065,mid_vol_neutral,True,False,0.6
2021-05-21,63.27809375367416,0.023684850305984995,0.03327399005850862,0.023408715875388432,0.04232751602890761,0.034727752801328116,0.11223168351639079,60.85302764900276,60.10894233615187,57.2167499415722,0.06355267838777623,0.18197099956798274,0.15889998814319986,0.16877372109900826,0.019441170347985846,3.3840571155503723,2.659668898448469,-0.5252278799788725,mid_vol_neutral,True,False,0.6
2021-05-24,63.20060695504147,-0.0012245438197668879,0.04267409142446654,-0.0012252941861837423,0.0330757091890721,0.050823641298533895,0.13094540357935225,61.005864188432135,60.2292092170326,57.324592678706395,0.06421801425364815,0.18268249546175366,0.1441537751762689,0.16391254227087382,0.018350209597125175,2.5299904379608846,2.488365691785467,-0.525809259244242,mid_vol_neutral,True,False,0.6
2021-05-25,61.71839268257319,-0.02345253224423427,0.013303303711928338,-0.023731919753885652,0.0065989927327694264,0.023655694772909852,0.10412594417085419,61.07717681174038,60.315886421124475,57.42409542441882,0.06361582816972211,0.22706789186773418,0.17112058300617364,0.1720546203434926,0.018923073854520994,0.7418494557303011,1.2308564393551207,-0.5369302328817337,mid_vol_neutral,True,False,0.6
2021-05-26,61.76123704000865,0.0006941910761646408,0.01699926613775271,0.0006939502369920184,0.014803630392188127,0.017400946067318346,0.11133250837758646,61.12999295855733,60.405789968045,57.51972746206643,0.0627656919771018,0.22252755872187022,0.16982864891496832,0.1713582117722292,0.019327670043981705,0.723375368936755,1.2678700316377283,-0.5366087739817587,mid_vol_neutral,True,False,0.6
2021-05-27,61.49131750602612,-0.004370371237993109,-0.0052208209477050405,-0.004379949226803736,0.017410984896059523,0.019906212893781916,0.11164465241043464,61.190001380994566,60.45105795739212,57.614409456517286,0.062060723319152356,0.22016080859255974,0.16856882772932705,0.17131409252253924,0.01991963029869496,0.3532592367608703,0.9757643815656133,-0.5386339656678871,mid_vol_neutral,True,False,0.6
2021-05-28,61.28132036211591,-0.0034150698411955505,-0.03155552376990356,-0.0034209145026174734,0.0006684881043943491,0.014043547873971551,0.11899858389680817,61.232435808889214,60.465712837398016,57.70591874773448,0.06111187790928607,0.21163710460866458,0.16921570639310712,0.1699094114742602,0.02058022056896768,0.05860029821885355,0.7604859233346112,-0.5402095628974867,mid_vol_neutral,True,False,0.6
2021-05-31,60.89118967869438,-0.006366225158273675,-0.03654106167033999,-0.006386575987609241,0.0045736731476593295,0.006659353201622142,0.0991604278913496,61.25257648198025,60.475925091373135,57.785295570472655,0.060002823854713006,0.20717607813557495,0.17108553155842235,0.16954019194670764,0.021304541250020383,-0.4406963960699791,0.3866218202827945,-0.5431366923457024,mid_vol_neutral,True,False,0.6
2021-06-01,60.98610838722569,0.001558824996393815,-0.011864928160293164,0.0015576112898494803,0.0012805328087985846,0.012942163966863207,0.09184530549556524,61.29153686108805,60.50204900724101,57.86717606128086,0.05917622100965869,0.2059089122641483,0.17007623776448888,0.16897515704235827,0.021676392598318717,-0.38882110648948515,0.45230460032705383,-0.5424245224017956,mid_vol_neutral,True,False,0.6
2021-06-02,59.586245266122894,-0.022953803056500965,-0.03521613034526505,-0.023221343570537442,-0.018815512579593352,-0.012262679122420295,0.07055326332726342,61.25454893978731,60.497062225504386,57.92917997820632,0.0574040399472604,0.23667577628958708,0.18950252735245682,0.17599901910685703,0.023274702339682752,-1.9666663807344915,-0.8481000773591103,-0.5529276197980691,high_vol_trend,False,False,0.3
2021-06-03,59.61188429803676,0.00043028440203540796,-0.030564204577421372,0.00043019185624847784,-0.03562545528561867,-0.0242342765918655,0.05566081085944363,61.180522415920755,60.482545661635015,57.98903682024167,0.05503601664521973,0.2108875047086659,0.1830144111455876,0.1737906449078741,0.023922850415883858,-1.6969781752327142,-0.8053998818547238,-0.5527352515262874,high_vol_trend,False,False,0.3
2021-06-04,59.58416350505854,-0.0004650212504545559,-0.027694521707899655,-0.00046512940636740793,-0.05837613033975342,-0.01851953090350722,0.056387497031425315,61.12430780991808,60.45555246984521,58.04903546199746,0.052977148086015724,0.14949900288687182,0.18201727662470935,0.1737606206914588,0.02414724817447874,-1.5609406211690384,-0.8021115238647678,-0.5529432391389069,high_vol_trend,False,False,0.3
2021-06-07,59.30678961347064,-0.00465516129238519,-0.026020185737611112,-0.004666030300155071,-0.06161044219623946,-0.030572542076260367,0.03706291566644282,61.03079079087526,60.416787271902706,58.10810463524347,0.05029739266111144,0.14743632669479562,0.17955362948935438,0.17201969185789528,0.023606666828126135,-1.6160643504037169,-1.0163062107012462,-0.5550243604675666,high_vol_trend,False,False,0.3
2021-06-08,59.42542142112842,0.0020003073582461894,-0.02559086007239275,0.001998309407382686,-0.037152154516366886,-0.03079832858125775,0.03556514020450319,60.93637268838022,60.38144788916686,58.16476101536155,0.047651045489324195,0.116678919058304,0.17949131492396816,0.1719450957097783,0.0225390114545662,-1.346017260279011,-0.8729538585012977,-0.5541342724215697,high_vol_trend,False,False,0.3
2021-06-09,58.727487761590616,-0.011744698528795894,-0.014412009024849848,-0.011814212315603456,-0.049120604181758676,-0.03504413705851828,0.025519968990675546,60.829732881874136,60.3243649534405,58.22185504936503,0.0447920773101087,0.12006003122823507,0.1820308771515929,0.17373065928264064,0.021494902457259255,-1.7138456566768234,-1.4442729596932091,-0.5593708309763005,high_vol_trend,False,False,0.3
2021-06-10,58.97579374722019,0.004228105016812478,-0.010670532534022281,0.004219191696266982,-0.04090860077212388,-0.024209874906226725,-0.004256848793595003,60.756571832566614,60.28766360612524,58.277599628730556,0.042537307981606265,0.12876257265193758,0.18210716961024775,0.15907373636334093,0.02027733226980642,-1.3772496807918235,-1.1717803888368317,-0.5575078045761974,high_vol_trend,False,False,0.3
2021-06-11,60.84116683346048,0.03162946978273129,0.021096265424540572,0.031139561680545807,-0.007182507264114624,-0.00651882058038622,0.00483232619526186,60.736611079474116,60.29411185227253,58.360285883683126,0.04071818977253128,0.22124115014037646,0.21081404760715683,0.16567846064590708,0.021417795713207507,0.08116381809797517,0.48764212801451445,-0.543512011051946,high_vol_trend,False,True,0.3
2021-06-14,61.396411384352014,0.009126132515035357,0.03523410699686136,0.009084741006695301,0.008297123250893046,0.012908744728367783,0.016823860506524957,60.775733587099964,60.34829377112374,58.44412844969107,0.039894600180682804,0.2236575036399177,0.20984779052864763,0.16657882336809707,0.021535127623238278,0.4788653919984312,0.9459675465544678,-0.539346041173284,high_vol_trend,False,True,0.3
2021-06-15,61.5148107193256,0.0019284406417892086,0.03515985664435384,0.0019265835872311304,0.008669225600409947,0.00996085963701665,0.030745657051831632,60.80606844559107,60.403059059573025,58.51655862573741,0.039125845292731665,0.22369496788492985,0.20934080646788203,0.16473554610116314,0.02090166469917506,0.5424896588881241,1.0140730299830913,-0.5384576973572814,high_vol_trend,False,True,0.3
2021-06-16,61.0968072343537,-0.006795168189318468,0.04034430150292723,-0.006818360468012287,0.025350850040716022,0.006058348223278109,0.02107814095974314,60.824464283874704,60.44978673215399,58.585790844264714,0.03821188392866337,0.18704775056737136,0.21064276868946746,0.16536164123627786,0.01960967139766671,0.20822794004074868,0.6021852171476458,-0.541593954930224,high_vol_trend,False,True,0.3
2021-06-17,61.03343343053772,-0.0010372686672953657,0.03488956320175873,-0.0010378070027372958,0.02384674044849433,-0.012628265822679952,0.011530449370778406,60.78543407900086,60.50132610052235,58.654719710954645,0.03632639246332081,0.18766150502125686,0.20026495641862868,0.16454257442422637,0.018373831440582654,0.19249770527336774,0.5125891756347807,-0.5420694451576737,high_vol_trend,False,True,0.3
2021-06-18,61.363347563864856,0.005405465738751447,0.008582687637035846,0.005390908643847841,0.029860015718023325,-0.030259226791232607,0.007049032007222067,60.689696769510384,60.54971100449455,58.72786733722097,0.03340542609906816,0.1874469469640698,0.180444521909244,0.1636767063742073,0.01755676398198902,0.5817960035874878,0.7974942005591357,-0.5395941172327461,high_vol_trend,False,True,0.3
2021-06-21,61.59049785750464,0.0037017259106240097,0.003161202239290617,0.0036948913844344657,0.03850669137408991,-0.025476165105221327,0.005640428894573946,60.60919131463355,60.611317517788095,58.80429322522589,0.03069330469621878,0.18250959302208328,0.18137969284542382,0.16352082195611164,0.014989904153917625,0.9600603039904887,0.9920441171127982,-0.5378898208471028,high_vol_trend,False,True,0.3
2021-06-22,60.85343727046766,-0.011967115264147399,-0.010751450603913915,-0.012039297642574321,0.02403038657848744,-0.014014548573131558,-0.005539141131159164,60.565943544028265,60.65104043320873,58.87385345384226,0.02874094340559208,0.19916897264118616,0.1667019749473467,0.16538636882808286,0.015236044648366488,0.2902397810693494,0.21196622705920626,-0.5434199466257614,mid_vol_neutral,False,False,0.6
2021-06-23,59.96544422026666,-0.014592323622645065,-0.018517547238555032,-0.014699838789612311,0.021079676755485277,-0.02907637388445905,-0.02624468056924434,60.47615390304118,60.667550319252676,58.93160343733865,0.02620920483429301,0.2052701013043439,0.1737454034084993,0.16748448207260722,0.015057657079226293,-0.5334780955745261,-0.7508142059403552,-0.5500825105242428,mid_vol_neutral,False,False,0.6
2021-06-24,59.69123498022431,-0.004572787604726458,-0.02199120014837397,-0.004583274780596607,0.012131099685925628,-0.02927376740017651,-0.018411614508767937,60.38614977675108,60.67476158445646,58.98833519123819,0.023696457629821532,0.20753261534334425,0.1737925071923615,0.16581047767197177,0.014800904220711049,-0.7382181281526807,-1.0621791226714368,-0.5521398876432673,mid_vol_neutral,False,False,0.6
2021-06-25,59.89349718699831,0.0033884741510377125,-0.023953229985322677,0.003382746208178673,-0.01557612543914888,-0.022646757069150092,-0.010331629327048009,60.3167586179952,60.68928810778998,59.04355597632153,0.021563786608385538,0.12318598802632974,0.17443743153876526,0.16570075629233214,0.014546987723193162,-0.45864584724707474,-0.8770710757276173,-0.5506223252292657,high_vol_trend,False,True,0.3
2021-06-28,58.82396718658658,-0.01785719736939828,-0.044918141063231665,-0.018018561006067194,-0.04189893415205481,-0.03394945152190243,0.0023284715575524473,60.21339749338982,60.66631808210259,59.08018793809977,0.019180872553712147,0.13192230701678037,0.1835787065094131,0.15782537485381826,0.014157812207993004,-1.4328399176630364,-1.9603609909949724,-0.5586469510610479,high_vol_trend,False,False,0.3
2021-06-29,59.12539864475046,0.005124296652889049,-0.028396729966736256,0.005111212125094571,-0.038842874531100136,-0.030510386572968784,0.0059352304595690075,60.120362006266056,60.646132620921705,59.11889478205031,0.01693988407441971,0.13698462717185889,0.18484035711359117,0.15813765607707853,0.013652064588257557,-1.01437605748815,-1.5807556597873564,-0.5563853271096277,high_vol_trend,False,False,0.3
2021-06-30,60.021838897061606,0.015161677939751872,0.0009404529146452845,0.015047888419259942,-0.017594509205182463,0.00731030507113295,0.021467089826116448,60.14214168781299,60.644907737932975,59.16702432247658,0.016480757254611067,0.16546528450413941,0.17539575701116664,0.16109826985646425,0.013871943491593713,-0.12361767186542703,-0.6471425745132026,-0.5496593843099156,high_vol_trend,False,True,0.3
2021-07-01,59.58012394242562,-0.007359237283508291,-0.001861429702962214,-0.007386450062605463,-0.02381169477817613,-0.0005327856346958315,0.019222149852421877,60.14055367003243,60.631085389520855,59.21211181493882,0.015679931463943753,0.16775766299028927,0.17755692371842294,0.161483434902602,0.013990497219682672,-0.5753185867778979,-1.079926169830962,-0.5529735477591801,high_vol_trend,False,False,0.3
2021-07-02,56.93416906454964,-0.044410026411372705,-0.0494098401569224,-0.04542635585360206,-0.07217954487742828,-0.04447481150396482,-0.034098972077826306,60.008053948006975,60.54668195242197,59.217162218286234,0.01335578572315499,0.2627254533704956,0.23756887692801656,0.184854914714319,0.018092356463934835,-2.5481242885482347,-3.279846237575891,-0.572826004309777,high_vol_trend,True,False,0.3
2021-07-05,56.44092002066357,-0.008663497720092228,-0.040511500327138905,-0.008701243984373554,-0.08360994010399292,-0.04832279088929359,-0.03536568248926042,59.86476046836664,60.472622829506165,59.23610352276319,0.010612732914849321,0.25540762012063856,0.23855020204211216,0.18508008595473635,0.021088074661388866,-2.3754633235076477,-3.240160021899698,-0.576526825247522,high_vol_trend,True,False,0.3
2021-07-06,56.60349113449856,0.0028803767510430234,-0.04265353922439574,0.00287623641450967,-0.06983904815565134,-0.04748692090261786,-0.038455996654081503,59.72366395403513,60.39884984786796,59.258806490410706,0.007844529634589481,0.26070624783289675,0.23878415371705958,0.18470395635457362,0.02333984411665468,-1.9327767015259456,-2.79224797536475,-0.5753070629602747,high_vol_trend,False,False,0.3
2021-07-07,57.10618966976268,0.00888105177240095,-0.048576472845147434,0.00884184717980749,-0.0476817038159727,-0.027607141964078874,-0.03438894099715073,59.642599049443746,60.32687535918983,59.286018192075844,0.0060145860397073925,0.26831155657862876,0.23921200290444167,0.18542061703007323,0.025152150831733666,-1.487493800138566,-2.2430784609972085,-0.571535342999052,high_vol_trend,False,False,0.3
2021-07-08,57.85375237141357,0.01309074735985627,-0.028975629065161157,0.013005804037916962,-0.030783122671519503,-0.0190254561153661,-0.02489301580117176,59.58649698065342,60.278127425472476,59.32086248398013,0.004477927082483513,0.2828808237143482,0.2439453414012461,0.18736289516170193,0.026906428572452602,-0.9922865936720601,-1.6404940575225853,-0.565926420421625,high_vol_trend,False,False,0.3
2021-07-09,57.22340173579551,-0.01089558774980215,0.005080124571906097,-0.010955379372570243,-0.04458072372809152,-0.05946245422228358,-0.03285215857049739,59.40560872577017,60.213942824103924,59.35143750014163,0.0009127196898712775,0.282969911518341,0.21368334901442984,0.18854795334347316,0.026971651109262147,-1.2149887107037605,-1.9426746185279717,-0.5706559071977919,high_vol_trend,False,False,0.3
2021-07-12,57.3630629582532,0.0024406312491263016,0.016338198194714604,0.002437657745846479,-0.024835187053934393,-0.06569355333896243,-0.043510056851613355,59.20394130446522,60.15143655893151,59.38293220741369,-0.003014180948884282,0.27415925874836095,0.20994772026001376,0.18635775220163844,0.02697344691352013,-1.0300406895445244,-1.7530088267410397,-0.5696080365882711,high_vol_defensive,False,False,0.3
2021-07-13,56.67124090532605,-0.012060409909258718,0.0011969185905249535,-0.01213372673647031,-0.04150767344792028,-0.07873827062720495,-0.05759457398433898,58.96176281376525,60.08072336093664,59.40059942468302,-0.007387747180467419,0.2745694032638772,0.21118912972856163,0.18766677955774155,0.0270077882532943,-1.282675123567482,-2.04778688309081,-0.5747987400886672,high_vol_defensive,False,False,0.3
2021-07-14,56.44970869742264,-0.0039090763562685815,-0.011495793645774244,-0.003916736765180524,-0.05951384138305427,-0.07606123375818674,-0.060472501823253144,58.72940788691869,60.00319746104235,59.41186429528011,-0.011486870786777126,0.2529618790186705,0.2109320531141844,0.1877666780492041,0.027013423471320786,-1.2695908840443937,-2.040148244283921,-0.5764608842804422,high_vol_defensive,False,False,0.3
2021-07-15,56.45966225136053,0.00017632604609585378,-0.02409679688714339,0.00017631050248572325,-0.052374206104044196,-0.0749387822722215,-0.06324042819547437,58.500719327959835,59.91054241056219,59.42005736126614,-0.015471846950884771,0.25465135498089564,0.21119147472323185,0.1875885424448809,0.02711239414854177,-1.1480139402570748,-1.9121216549038997,-0.5763862033028004,high_vol_defensive,False,False,0.3
2021-07-16,56.59944279116515,0.0024757594046935782,-0.010903912135654226,0.00247269976129872,-0.005879180795718475,-0.07763436907905974,-0.07448200830624507,58.26252408932485,59.828362153883255,59.41712271898967,-0.019432085850495273,0.13197405527794662,0.209748537093573,0.18488406873532937,0.02671238161399061,-0.983370778968763,-1.7356420437922917,-0.5753374374616693,high_vol_defensive,False,False,0.3
2021-07-19,57.2702931751192,0.011852596966886786,-0.0016172390097355382,0.011782905085468727,0.014694536413509818,-0.07014401299987272,-0.047778480112955046,58.04651385520557,59.750225417499095,59.430995783666674,-0.0232956205798861,0.13679215121988017,0.21560516026370044,0.1839972269791848,0.026361282633936913,-0.514069457686198,-1.3160020661412666,-0.5703040832609771,high_vol_defensive,False,False,0.3
2021-07-20,57.04685516852162,-0.003901464340585137,0.006627951976965862,-0.0039090949059708635,0.007832803686429024,-0.06255328002307248,-0.0538260051183842,57.85618475010828,59.66488685144895,59.44248469169429,-0.026686299366750044,0.13908384168142499,0.21331301031335867,0.18398479318096703,0.02485947757523916,-0.5903039772469505,-1.3716651680473257,-0.5719805265574296,high_vol_defensive,False,False,0.3
2021-07-21,57.18638527818337,0.0024458860922231818,0.01305013963330448,0.00244289978129481,0.0014043242752572738,-0.046344340114869764,-0.05796118613193857,57.71723180300411,59.591408879178374,59.45860814658052,-0.029287203280700336,0.1322162798921647,0.20972145240189227,0.18341818791873826,0.023608017025750612,-0.41340397965854814,-1.244665537543652,-0.5709336396801357,high_vol_defensive,False,True,0.3
2021-07-22,57.81013146705843,0.010907249791027196,0.023919186935365655,0.010848194772524127,-0.0007539857410647777,-0.03151389837702445,-0.041150610479584016,57.62317662734582,59.53883121385213,59.48355322222552,-0.031275478583626115,0.12657639040747662,0.2146235076823524,0.18458108206873625,0.02215582880114538,0.156070589909566,-0.8890391234701093,-0.5662537057112,high_vol_defensive,False,True,0.3
2021-07-23,57.49767328432813,-0.005404903514332093,0.01586995293358595,-0.005419562850724331,0.004792996225546853,-0.040001402743105596,-0.04856579024066232,57.50338543221231,59.46397704163248,59.51088564841822,-0.03373332784973038,0.11595489724616452,0.21423016009530976,0.18473012112558598,0.020449868266118023,-0.005328056147100944,-1.0085410798354315,-0.5685980625815301,high_vol_defensive,False,True,0.3
2021-07-26,56.89029205025826,-0.010563579348095486,-0.00663522227307245,-0.010619770019149974,-0.008241730542509651,-0.03287223267677275,-0.059483894123969705,57.406701675395894,59.38950365800094,59.52580947602796,-0.0355998149254142,0.12765385136380622,0.2085364995373782,0.18577943183873452,0.019310263506210328,-0.4998089374552259,-1.2649293750907142,-0.5731552111783722,high_vol_defensive,False,True,0.3
2021-07-27,56.87842081637403,-0.0002086688863144337,-0.0029525615680305872,-0.00020869066069563482,0.0036558209726533786,-0.03800359709838386,-0.05528402797998688,57.29435278397707,59.308909803338345,59.536033711636385,-0.03765250702653333,0.11117763525565763,0.2071146498686677,0.18562464147918262,0.018151885389405625,-0.43518773550625006,-1.2184983711529116,-0.5732442804050848,high_vol_defensive,False,True,0.3
2021-07-28,57.00687229475099,0.0022583517005798637,-0.0031390860352361605,0.0022558054571995634,0.009870088086987527,-0.05023116015291251,-0.05501991171709453,57.14360445386153,59.23446943985975,59.54950943442873,-0.04040175987035455,0.10878987703436314,0.1979154104398227,0.18564395022475297,0.016151330781486086,-0.19291439886261338,-1.1082694227160819,-0.5722805159000053,high_vol_defensive,False,True,0.3
2021-07-29,56.900590410466,-0.0018643696804739873,-0.015733246638795606,-0.0018661097807565496,0.007809613829116602,-0.04497361459920679,-0.06861448152467053,57.00962777726355,59.13620049750878,59.55382747966038,-0.0427210107237147,0.10970295791260955,0.19708484476514085,0.18348054163797403,0.014162050986503716,-0.26130984213937297,-1.1170343710893034,-0.5730779431379094,high_vol_defensive,False,True,0.3
2021-07-30,56.56550100606281,-0.0058890321169946525,-0.01621234782241876,-0.005906440847327427,-0.0005996840857175334,-0.006475339230275767,-0.06824345268528731,56.991194374339216,59.001948642556556,59.55544548935421,-0.0430565348633547,0.1140739059091092,0.12013431867321753,0.18343471603045935,0.02525144593193614,-0.9928336160515043,-1.2545200436866417,-0.5755921008422237,low_vol_meanrev,False,False,1.0
2021-08-02,56.57600037220798,0.0001856143048046821,-0.005524522141187593,0.00018559708060094748,-0.01212308798190076,0.002393305273814761,-0.07520996199961871,56.99794839191643,58.86945651089988,59.549332863966235,-0.04284488758048988,0.09314019770893435,0.11599634463471592,0.1825330338516087,0.03219818098533141,-1.0031370167549192,-1.2234048003653146,-0.5755133246650679,low_vol_meanrev,True,False,1.0
2021-08-03,56.2104086260779,-0.006461958139933666,-0.011744562888845622,-0.006482926973396615,-0.014662447911857335,-0.006944492301484306,-0.08323372912328453,56.9782942664954,58.75929682976997,59.53759162544722,-0.042986242625540405,0.0960581430483125,0.11780052770705557,0.18269669454418572,0.03660849552713308,-1.7128721828485733,-1.366232492570168,-0.5782563397920418,low_vol_meanrev,True,False,1.0
2021-08-04,56.83465883933872,0.01110559820714796,-0.003020924468927988,0.01104438384912009,-0.00615052756235035,-0.004754840622254508,-0.06614535448990222,56.96471772497421,58.66076526575658,59.5332776169008,-0.04314494337864927,0.11406508347315737,0.12034281913774168,0.18402511969220556,0.03930300506054512,-0.2900915208458386,-0.995872349903618,-0.5735726241553603,low_vol_meanrev,False,False,1.0
2021-08-05,56.68689381202472,-0.0025999105181876425,-0.003755613024394422,-0.002603296155047362,-0.019429771677197394,-0.02016910764746549,-0.06208110668081879,56.90637479700475,58.56467679187656,59.50786737463434,-0.043716783887612354,0.09438848065073333,0.10976372675231509,0.18365123537870218,0.041563788699278334,-0.5488967706108819,-1.0385837210888218,-0.5746812971750619,low_vol_meanrev,False,False,1.0
2021-08-06,56.850045485318326,0.0028781198319778323,0.005030353734956083,0.002873985975018538,-0.011263547931883444,-0.0065245378490603745,-0.07169021933104913,56.88770698448089,58.47605129434059,59.4708820658693,-0.0434359638138091,0.09504164212736611,0.10402571608836175,0.18142707745619027,0.04488166633953097,-0.09584688630649844,-0.9132104363872305,-0.5734571789815504,low_vol_meanrev,False,False,1.0
2021-08-09,56.7429950660825,-0.0018830313735364035,0.002951687867220665,-0.0018848065058832326,-0.0025891409389432463,-0.010809532479497563,-0.0638626165834465,56.85670358987237,58.39308740208837,59.43450624673074,-0.04337215566588759,0.07961912225039113,0.1036425705975735,0.18045168566179975,0.04748725846149919,-0.30112119957641487,-0.9363518475448266,-0.574260372495685,low_vol_meanrev,False,False,1.0
2021-08-10,56.942891675401256,0.0035228420545294625,0.013031092767817665,0.003516651381374439,0.0011334853904498843,0.004793450182765779,-0.06510170226959178,56.87028612837613,58.312223067851875,59.40713603754644,-0.0427027808168865,0.08184312869831273,0.09503883738415006,0.1802868264742662,0.049950141856142265,0.1933700913485196,-0.7899815247040408,-0.5727605590316329,low_vol_meanrev,False,True,1.0
2021-08-11,56.78181697533906,-0.002828706012690585,-0.000929747183827323,-0.002832714362289976,-0.003947862956737769,0.0058832593751114715,-0.06499498777073187,56.88689154227194,58.25613450203619,59.37659836377029,-0.04193077559352898,0.08211425914078249,0.09448661379554046,0.18028189496427152,0.05166515104685679,-0.2894351925090017,-0.8489311693375994,-0.5739690938071587,low_vol_meanrev,False,False,1.0
2021-08-12,56.81014695950367,0.0004989270452002703,0.0021742794355192885,0.0004988026224855722,-0.0015894993410419112,0.006207701112039388,-0.08095071554326361,56.904415777679105,58.20009975526554,59.34132270845027,-0.041065935499010164,0.08177720060885887,0.09448749345076285,0.17595668750867557,0.052637849654354855,-0.2696994523170879,-0.8000935046694111,-0.5737565354659679,low_vol_meanrev,False,False,1.0
2021-08-13,56.52779265800424,-0.004970138551141257,-0.005668470879188869,-0.004982530767489833,-0.0006666315578912618,-0.001265915875272472,-0.10667674538280447,56.900833271021064,58.13897233832445,59.29726240408482,-0.040413824111021235,0.08008322382506752,0.09592651754870535,0.16817408179251528,0.05292132662923603,-1.0562593840387138,-0.9252684946074248,-0.5758750245412205,low_vol_meanrev,True,False,1.0
2021-08-16,57.13847949642445,0.010803302405860693,0.00696974895106206,0.010745363647519466,0.00994200934169931,-0.002301606494167774,-0.09591881709188943,56.89424258708633,58.09560613598352,59.25619670394312,-0.03986003571335539,0.09694058211516107,0.0942580724622345,0.17015168569739877,0.05225631587437662,0.7036672921354675,-0.5505058236171847,-0.5712930741734611,low_vol_meanrev,False,True,1.0
2021-08-17,57.37503050277486,0.004139959768534096,0.007588986345073323,0.004131413713853784,0.02071897189796723,0.005752733139868793,-0.07037387059214062,56.91065135379898,58.054598317616446,59.21802310339165,-0.03896401177668685,0.08829434649249956,0.09427697332142335,0.16432815755800523,0.051000507164542117,1.2823975221066506,-0.39263478143327996,-0.5695182447480474,low_vol_meanrev,False,True,1.0
2021-08-18,57.69760569357369,0.005622222558700596,0.01612820383384994,0.005606476855116021,0.015183461497928041,0.008939547637142775,-0.06579582180004839,56.93621237456849,58.03400067625611,59.1791828148483,-0.03790134188397476,0.07601331077161232,0.09589459811044908,0.16487540830065853,0.04918463515210454,1.909251397071764,-0.1945892077714948,-0.5670979805125608,low_vol_meanrev,False,True,1.0
2021-08-19,57.716409109653085,0.000325895951025279,0.015952469737412045,0.00032584285847461666,0.018161434299827084,-0.0016212098991463808,-0.06138929119551062,56.93152625669823,58.008812983504775,59.148238294815,-0.03747722843523971,0.07293137581839974,0.08760608605218097,0.16475600640542612,0.0464570588742718,2.020826223093105,-0.16961664952008562,-0.5669568994972192,low_vol_meanrev,False,True,1.0
2021-08-20,57.78348663789766,0.0011621916414989997,0.02221374514816854,0.0011615168195908626,0.016419356301489607,0.004970868162893716,-0.05707830222242749,56.94581692437671,57.94765937959352,59.12088561593302,-0.036790191298659014,0.07273676661190435,0.08537153518797742,0.1647367143288219,0.04271605461667853,2.019979672046836,-0.09801807452403154,-0.566453620425406,low_vol_meanrev,False,True,1.0
2021-08-23,57.42085225339751,-0.006275744258435134,0.004941901840260332,-0.006295519521176264,0.011946094606489988,0.00932602354494061,-0.056992439195372224,56.972344934533666,57.868148196974424,59.108220984049076,-0.03613500819271476,0.08150687749041166,0.07930123869955728,0.16472405517268868,0.038501040721813144,1.0486034211860618,-0.279459125041297,-0.5691744466277866,low_vol_meanrev,False,True,1.0
2021-08-24,58.52623939411509,0.01925062233210184,0.020064632319185316,0.019067673295505693,0.02780588888494795,0.028970891844217306,-0.040334906721574915,57.05473586342073,57.80837677047021,59.10571791502162,-0.03470023077208295,0.12215854692836553,0.10347173798915286,0.1697759554627468,0.0319403018102493,2.675827900184737,0.4737928542781366,-0.5608807866087993,low_vol_meanrev,False,True,1.0
2021-08-25,58.17750536560384,-0.005958592797375428,0.008317497169273436,-0.005976416047700249,0.024579847292856893,0.020534946467509307,-0.023642031717678536,57.113267516963376,57.74999073309522,59.099888732624606,-0.03361463546317245,0.12708808129820015,0.10668049158720777,0.16369465636169286,0.024399590954219865,1.7614469317434918,0.29683771598027214,-0.5634973191909013,low_vol_meanrev,False,True,1.0
2021-08-26,57.642003488661885,-0.009204620816528841,-0.0012891588742092175,-0.009247245100586152,0.014642745595275342,0.013029971619758607,-0.03304510220690593,57.15033817087317,57.68216213425771,59.091744117390014,-0.03285409790342453,0.13996340267534163,0.1123599719347852,0.16468737681283466,0.011830360528815708,0.8018979476892867,-0.02952693147025847,-0.5675151608531473,low_vol_meanrev,False,True,1.0
2021-08-27,57.275004851932486,-0.006366861221289599,-0.008799776814292892,-0.006387216126094479,0.013218492334362342,0.012543048912333266,-0.0387545702966865,57.18581336316665,57.60039528001906,59.0750531422568,-0.031980331436024745,0.14193014479309435,0.11274214428286972,0.16512457394592997,0.011323583312627387,0.14918882229061536,-0.25970692781249033,-0.5702687318043071,low_vol_meanrev,False,True,1.0
2021-08-30,56.870282825381445,-0.007066294059639655,-0.009588318640524784,-0.007091378554970418,-0.004693801329798908,0.00520154219523139,-0.041083100332508615,57.20052748582532,57.50599097937659,59.058654248582336,-0.031462395924838016,0.13686137047087052,0.11602688286851115,0.16545078201710267,0.011325689109742727,-0.5640009970518485,-0.5693555016319735,-0.5733053393119998,low_vol_meanrev,False,False,1.0
2021-08-31,57.44574459223143,0.010118848338013686,-0.01846171585718359,0.010067995552201593,0.0012324889213461976,0.021976996722639308,-0.033313635504032435,57.262294284133,57.43783712581187,59.0444387795103,-0.030183105000495702,0.1454797242119501,0.11814781349766311,0.16683602314656956,0.011352754083505535,0.3404190709987895,0.007855345550945454,-0.5689876807538576,low_vol_meanrev,False,True,1.0
2021-09-01,57.15352922566473,-0.005086806144492306,-0.017600894598421846,-0.005099787985653676,-0.009429792820147553,0.005610491781562255,-0.02680105340646466,57.2782378034493,57.38159882591983,59.02457457258625,-0.02958660493163523,0.1441495873987628,0.11388939750495423,0.16547345819766132,0.010860868480537108,-0.23519934616279695,-0.2429363410837083,-0.5711801568677508,low_vol_meanrev,False,False,1.0
2021-09-02,57.13804145167536,-0.0002709854351813368,-0.00874296531149632,-0.00027102215836882613,-0.010020853114387385,0.00795858811997463,-0.03116112863900955,57.30079518543183,57.330534955348845,59.00264826990266,-0.028843672858307023,0.14403737942624245,0.11340075757137687,0.1651927647013075,0.01104648432750877,-0.3172202833028051,-0.21921912908649638,-0.5712963607995564,low_vol_meanrev,False,False,1.0
2021-09-03,57.201568586247895,0.001111818553078292,-0.0012821695235895048,0.0011112009405704483,-0.010070663532236734,0.0061833389565246755,-0.05982130910104333,57.318371340478315,57.276696383333835,58.98299224556191,-0.028222049131609528,0.1440167227341711,0.11306589336923037,0.15109958024961065,0.011355221436457378,-0.23233927038168847,-0.0943261338624867,-0.5708197201397212,low_vol_meanrev,False,False,1.0
2021-09-06,57.15990493126484,-0.0007283656027760044,0.005092679190161098,-0.0007286309898753726,-0.004544469681172836,0.0073473362605693815,-0.0690025093904254,57.33921683373743,57.2434151382274,58.954866610165,-0.02740485848455798,0.140959462814355,0.11283990227010601,0.14962617170151388,0.011629327029279516,-0.368972838560998,-0.10921713679956704,-0.5711323202929611,low_vol_meanrev,False,False,1.0
2021-09-07,56.78524283124082,-0.006554631265999311,-0.011497836187502886,-0.006576207194699655,-0.029747282260020325,-0.0027685430002237776,-0.07688502708176148,57.3313343915294,57.19661202195721,58.92137232143946,-0.026985758601068777,0.09068874903846902,0.11478227281312757,0.14989124022175745,0.011846513313442688,-1.1055479825125163,-0.5735530970069871,-0.5739433897953454,low_vol_meanrev,True,False,1.0
2021-09-08,56.84261441570051,0.0010103255986804172,-0.005439993193361747,0.0010098155632783834,-0.022945139044971086,0.0010707202340469735,-0.06963036222719554,57.334374263547474,57.13302753232999,58.888967635131486,-0.0263987200661433,0.09107108494982513,0.11438622092760942,0.14951950106130088,0.01193355194142759,-1.002422914880387,-0.4909200179149607,-0.5735129338955687,low_vol_meanrev,True,False,1.0
2021-09-09,56.78191546865292,-0.0010678422812098187,-0.006232729963690509,-0.0010684128309862027,-0.014921202733318317,-0.0004969445136424611,-0.06965883652479521,57.33296268900493,57.07706336285453,58.8540743761877,-0.02584547804558124,0.08257068687855122,0.11444494674309064,0.14951940865534144,0.011935442788074237,-1.119566471870261,-0.6193916621321008,-0.5739683548171441,low_vol_meanrev,True,False,1.0
2021-09-10,57.27759775665583,0.008729580253004299,0.001329144851916153,0.008691697773101432,4.527113930485882e-05,0.01326436188987512,-0.06658290281436685,57.370452943937515,57.083931936696665,58.81530694455932,-0.02456595188704458,0.09185982557301314,0.11686052646714012,0.15029589127645596,0.01202066592222642,-0.20417909154023814,0.4061052535510641,-0.5702492773802009,low_vol_meanrev,False,False,1.0
2021-09-13,58.75129294374172,0.025728997807255904,0.02784098424219783,0.025403577168082777,0.033075448633442806,0.028226397718864593,-0.04609809974797874,57.451093616303375,57.130139395158224,58.801381112332194,-0.02296353368723225,0.15009388956381367,0.1430718672890487,0.15978366606949768,0.014260144628563223,2.3838017004520675,3.0996583252187486,-0.5591922219802494,mid_vol_neutral,False,True,0.6
2021-09-14,59.01576103360859,0.00450148544169271,0.039279891942993306,0.004491384058909181,0.027330421992467047,0.028596595356134458,-0.030198396660674698,57.533130142845074,57.17838479314043,58.7886173205042,-0.021355956899180906,0.14552680103935578,0.14316837970562277,0.15839801531420855,0.015812232465778456,2.2905921664006534,3.160069944709725,-0.5572079321849086,mid_vol_neutral,False,True,0.6
2021-09-15,58.65628361812728,-0.0060912103679657825,0.0319068575763084,-0.006109837469422228,0.026293291294910093,0.01661555818529159,-0.021831917017583247,57.58106403907275,57.20938667210771,58.76813101564878,-0.02019916162145663,0.14711748768173125,0.1446696288974544,0.15610026644703462,0.017089793449314657,1.5495120187345053,2.3423886660813875,-0.5599050718192369,mid_vol_neutral,False,True,0.6
2021-09-16,58.96310223669856,0.005230788581301438,0.038413405924106137,0.00521715552712754,0.03194125557430505,0.021600323829518375,-0.012198319297079041,57.64339869542503,57.23157366941342,58.75485054744295,-0.01891676758024352,0.14666432456421366,0.1454733625943382,0.1562523490912733,0.017403889323622287,1.737380734304025,2.6242967573708893,-0.5576030282942204,mid_vol_neutral,False,True,0.6
2021-09-17,59.24705541668235,0.004815777481379735,0.03438443190990248,0.004804218719766075,0.03575927865247763,0.02532849545677629,-0.010793187919844627,57.71657713436425,57.272046743031154,58.74299478356754,-0.01747302215328006,0.1463751804621442,0.14606807726508778,0.156417951522901,0.01703182094038182,1.8219124015999892,2.7479131327583177,-0.555472542920049,mid_vol_neutral,False,True,0.6
2021-09-20,59.189302726261936,-0.0009747773963489914,0.007455321586533392,-0.0009752528008026604,0.035503869319542414,0.030798053380682644,0.0062106579536964635,57.804999658007475,57.308571538391334,58.73000404866142,-0.015750116241904588,0.14658227845367341,0.1436172115664284,0.15201149728493946,0.015050023288177778,1.5409830924831824,2.4483773218221505,-0.555905858237267,mid_vol_neutral,False,True,0.6
2021-09-21,58.95605415699009,-0.003940721693420968,-0.001011710695122514,-0.003948506796500519,0.038228441361088716,0.0073439668655392865,-0.0028641580715228487,57.826490396151236,57.35426780342461,58.717495582180625,-0.01517444123246614,0.14206318755177852,0.1285204148419567,0.15187932240743293,0.014415716902011225,1.2260094422078418,2.0100492606091365,-0.5576559096556326,low_vol_meanrev,False,True,1.0
2021-09-22,58.719943517709815,-0.004004858239860409,0.0010853040059097818,-0.004012899160298949,0.03302679022256183,0.009323846883724896,-0.021690361429688276,57.85361230375653,57.39967249983036,58.701434980436346,-0.014442963395398745,0.14696137135805598,0.1274214338436945,0.14875293326715147,0.013861481478194024,0.9216236425951724,1.632213793786439,-0.5594274350307018,low_vol_meanrev,False,True,1.0
2021-09-23,59.39258475967182,0.011455073041055197,0.007283920056464499,0.011389960466279873,0.04597712615841831,0.030369889404594952,-0.0031476803058521075,57.94114136730701,57.45833094999657,58.68443668027939,-0.012665969974662072,0.14997201025619855,0.1276668887566092,0.14994369328073587,0.013560815693460673,1.4530110202424649,2.289412520170468,-0.5543806441190935,low_vol_meanrev,False,True,1.0
2021-09-24,60.01244157874422,0.010436602844961396,0.012918551929356425,0.0103825174915833,0.04774718090844865,0.047794613617031745,0.05406722473993719,58.07801320364761,57.52659092574816,58.67747653981571,-0.010216242611614912,0.15154224229165345,0.12781922665518078,0.11964218820906962,0.013228499263527285,1.780353200708654,2.7333109202457546,-0.5497298918817368,low_vol_meanrev,False,True,1.0
2021-09-27,59.93561452571908,-0.001280185424956115,0.012608896626282062,-0.001281005562343927,0.020158221592015524,0.05390041244826671,0.06191774520642235,58.231279788664494,57.579897352760156,58.66506138512963,-0.0073942068110592896,0.09780317522579615,0.12374017710009726,0.1180663582486822,0.013025117232685176,1.517925215952942,2.428028568344213,-0.5503063211114434,low_vol_meanrev,False,True,1.0
2021-09-28,60.1269534285298,0.003192407457983437,0.01986054338748322,0.003187322544497552,0.018828739568204522,0.046673758958656775,0.06224814447679483,58.36534023047941,57.64149931796032,58.65319308470463,-0.004907709863459897,0.09708939649950198,0.12060317713109381,0.11808898814742352,0.012952102031062254,1.489669019840345,2.4094877523117724,-0.5488707156571515,low_vol_meanrev,False,True,1.0
2021-09-29,60.48144088930796,0.005895649797050151,0.029998281096215385,0.005878338461509199,0.031116142356769183,0.05822757944663959,0.05910482277076978,58.53173581366157,57.70740043018281,58.649404654680595,-0.0020063092151035855,0.08771436266467192,0.11793988918151638,0.1173981444704752,0.012770397813919514,1.5774410287045129,2.5115099167643042,-0.5462110153834723,low_vol_meanrev,False,True,1.0
2021-09-30,60.77052083887568,0.004779647199490311,0.023200473338205185,0.004768260952894612,0.03065338378773741,0.06357374692782392,0.050416236594937436,58.71335978302159,57.76660821761915,58.652719715735635,0.00103388329782228,0.08743378101681207,0.11752357500807278,0.11494746544917393,0.012571422897825296,1.5993082653138158,2.531834601270997,-0.5440420641339903,low_vol_trend,True,False,1.0
2021-10-01,61.48445847411937,0.011748091432959518,0.024528528695898277,0.011679618370239536,0.03776395369696339,0.07487364409271025,0.07446353430712604,58.92750427741517,57.846343921414984,58.65516048152374,0.004643134442999575,0.0977039465745281,0.12113141851695472,0.1144345823321713,0.01221911895942222,1.8598531997054182,2.805358504442395,-0.5386854286138528,low_vol_trend,True,False,1.0
2021-10-04,61.95032674855317,0.007577008661951323,0.03361460858918108,0.007548447314142664,0.046647348340296935,0.08380737901941648,0.07996894785130992,59.167025368279575,57.947544615380885,58.66852413669091,0.008496911059620471,0.09558014484395691,0.1207421162403317,0.1151498958645157,0.011839001099633541,1.8998742317655437,2.8329238380667334,-0.5351900441105756,low_vol_trend,True,False,1.0
2021-10-05,60.63916707641261,-0.021164693407709545,0.008518869137310592,-0.02139187676024044,0.028548601894907488,0.06786841180947678,0.07001657468053879,59.359721580538164,58.02275954058165,58.66583467196,0.011827785498291332,0.15759374345309662,0.14622462983688156,0.12102635193385193,0.012079065523411335,0.9227340459552178,1.799000627574085,-0.5450276043198263,mid_vol_neutral,True,False,0.6
2021-10-06,60.55017706611441,-0.0014675335198134354,0.0011364837840461828,-0.0014686114018103642,0.031168857440276643,0.06522505497899522,0.07263931848914895,59.54509971305887,58.093625636008916,58.66404753793434,0.015018605297474785,0.1549906557039706,0.14700815359745983,0.12069280470111661,0.012125454147334043,0.7878279202025421,1.6489664035215101,-0.5456952915610767,mid_vol_neutral,True,False,0.6
2021-10-07,61.23708723180046,0.01134447823226048,0.00767751183442722,0.011280612203042127,0.03105610708125095,0.07846110379293325,0.08461660573119723,59.76785830121624,58.18035557243561,58.65827803497219,0.018916004755245686,0.1548249740760948,0.14881461644311286,0.122446583268524,0.01206335143265957,1.2767956047910436,1.9795978500739322,-0.540541441685378,mid_vol_neutral,True,False,0.6
2021-10-08,61.42399108263219,0.0030521348953820304,-0.000983458145160876,0.0030474865874457364,0.023520947769402722,0.07239118762613495,0.08524020826968504,59.97517796751506,58.277525373967,58.639737008261775,0.02277365191909264,0.1493772843149038,0.14769353395934642,0.12247423056421287,0.011873795455620837,1.383358269842502,1.9757612787131982,-0.539139112186564,mid_vol_neutral,True,False,0.6
2021-10-11,61.29819118078815,-0.002048058089791027,-0.010526749445760486,-0.002050158228721555,0.022734006581085042,0.04335050531543638,0.07033136696808207,60.102522879367385,58.3719691901386,58.62071285051925,0.025277925784128463,0.1499509718966171,0.12323551646687396,0.12070430748066245,0.011943604893071237,1.1436235966651873,1.7961451435479394,-0.5400829820561186,low_vol_trend,True,False,1.0
2021-10-12,61.45761185927192,0.0026007403385457373,0.013496966108191621,0.0025973642656505758,0.022130814133528576,0.0413762490374856,0.07731813923345165,60.22461542065055,58.47691325480248,58.618105042286224,0.027406385402691136,0.1498807733027232,0.12293940305811664,0.12027412835883308,0.01193419268954859,1.1693175248279273,1.8000798885434153,-0.5388868573151682,low_vol_trend,True,False,1.0
2021-10-13,61.62699205496547,0.0027560490974072316,0.017783845415931587,0.0027522581578398988,0.018940540251910942,0.05064603915547261,0.07765146818042012,60.37315084249245,58.572759919115015,58.6167625924358,0.029963924522220298,0.1485545896961504,0.11911294163006693,0.12028875731239755,0.011924317576801567,1.2162841711806178,1.7997231379342171,-0.5376160068544691,low_vol_trend,True,False,1.0
2021-10-14,61.51439782811784,-0.001827027785928692,0.0045284746360922945,-0.0018286988368751693,0.012240753888130174,0.043269358202651764,0.06407642167653926,60.500715622063424,58.669309999436884,58.616993395656706,0.032136111343887164,0.14869292561557737,0.11960064915333915,0.11875476654103938,0.01169147640182559,1.008907784901637,1.6496369558771447,-0.5384607952577146,low_vol_trend,True,False,1.0
2021-10-15,62.24386850505999,0.011858535606256382,0.01334783702551734,0.011788774143827922,0.01235125184131336,0.050581637640911614,0.0825458657650675,60.650556276482305,58.77718645983171,58.62661887708616,0.03452249913370298,0.1489119835849827,0.12420870916482395,0.12000235949294234,0.01110465308630583,1.5453332853606236,1.9514432234597252,-0.532987616164595,low_vol_trend,True,False,1.0
2021-10-18,62.26003957852315,0.00025980187047403014,0.015691301475735164,0.0002597681278122238,0.004999373630861781,0.05187992949440079,0.09438776520115466,60.804093119095356,58.88752735008052,58.640307376084436,0.036899290604560875,0.1447027643755367,0.1238274282041868,0.11743510948192469,0.010582220826988556,1.4126739880525472,1.85467167012226,-0.53286628547374,low_vol_trend,True,False,1.0
2021-10-19,62.43127587468972,0.0027503403037609786,0.015842854708499443,0.0027465650384597374,0.02955365128974874,0.058945968609868116,0.09762674453010023,60.97785420498034,58.99729503406629,58.654759050959086,0.03960625176216226,0.07929959772887647,0.12142209217725912,0.1174044312980749,0.01067501623929635,1.4607264218596328,1.8425676801117539,-0.5315815087914328,low_vol_trend,True,False,1.0
2021-10-20,61.84408828027378,-0.009405343494733653,0.003522745765600188,-0.009449853042764158,0.021369239147666974,0.053204151356544216,0.08485320788188866,61.13406144310854,59.098540460165,58.67733748110059,0.0418683612357027,0.09914693960694343,0.12688320331117384,0.11953091339245461,0.010675727409822684,0.8279066335882217,1.461698039758395,-0.5359871456005343,low_vol_trend,True,False,1.0
2021-10-21,62.95786659737277,0.018009454873866293,0.02346554335601625,0.017849205780550617,0.028100281110018388,0.060029073530435406,0.10645366143323232,61.31232553499359,59.22149485292237,58.71079730409395,0.04431089936362076,0.11994662597885904,0.13481747414571765,0.1240752767787125,0.010803861147592908,1.942657566626682,1.9398841956063813,-0.5276305270383332,mid_vol_neutral,True,False,0.6
2021-10-22,62.83403450986517,-0.0019669041249369412,0.009481512299596151,-0.001968841021064675,0.022955907006043885,0.04701679946513493,0.11081902205958505,61.453405181549634,59.347619689959586,58.74329601414202,0.04613478220144773,0.122275589297721,0.1328612303335207,0.12330627283496223,0.010863866997054083,1.6164624058110735,1.7857215838681584,-0.5285596325031958,low_vol_trend,True,False,1.0
2021-10-25,62.641654709148334,-0.0030617133249120076,0.006129375008570026,-0.003066409958100183,0.021916854355422677,0.045149118847660485,0.10721249818005885,61.588707190721095,59.45768319421407,58.77664466509879,0.0478431959096175,0.12338540590873166,0.1336520012269574,0.12366499095980922,0.010884581816028523,1.292868801951323,1.6078844265962173,-0.5300030477582622,mid_vol_neutral,True,False,0.6
2021-10-26,62.15079710947834,-0.007835961580981432,-0.004492600243735989,-0.007866824058444027,0.011279078851838653,0.03365950818303465,0.1056812897930881,61.68989937476853,59.55319852634814,58.803898421982296,0.04907839497436073,0.13316577532597956,0.13826759310373707,0.1240850260750283,0.01092564760490217,0.6177330402119441,1.3034549850295423,-0.5336859258192068,mid_vol_neutral,True,False,0.6
2021-10-27,62.42261764453747,0.004373564744154734,0.009354642947306813,0.0043640285046659824,0.012910342741738523,0.03209541186001519,0.09831956273362863,61.786958212529996,59.647698765367416,58.84084972081177,0.050069101749837586,0.13395594798318353,0.13775857241775438,0.12266569869011754,0.010728967841771995,0.9006158404669263,1.37714773447928,-0.5316464710246667,mid_vol_neutral,True,False,0.6
2021-10-28,62.261970037728695,-0.0025735480643181985,-0.011053369455710227,-0.002576865331791676,0.012152800580113032,0.024542313909195812,0.09834859260750961,61.861530672472654,59.738609983928924,58.873711483716846,0.05074963194026205,0.134497630144955,0.13799182325169213,0.12266186125944455,0.010408886476504719,0.5970678640396776,1.2439176905252889,-0.5328518013425776,mid_vol_neutral,True,False,0.6
2021-10-29,61.26220994566928,-0.01605731542791844,-0.025015496401860182,-0.016187631012424472,-0.015771168839078697,-0.0036147106759286673,0.07761057045223296,61.85041824605014,59.808184450084354,58.877921914838936,0.0504857548388109,0.1453592114897381,0.14504973827889714,0.12784413873787207,0.010539047312015742,-0.8662325267296137,0.7198961792654124,-0.5403529473200038,mid_vol_neutral,False,False,0.6
2021-11-01,60.64133846444646,-0.010134656940607223,-0.031932685271318983,-0.010186362216392138,-0.025999037665807467,-0.021129642938280013,0.06870175594051697,61.78496883184481,59.872594174305334,58.870371185639875,0.04950873567646008,0.15099045617140158,0.14617054992283052,0.1298188719942626,0.010566321034200167,-1.5664635229156558,0.38567140071925116,-0.5450113125126768,mid_vol_neutral,False,False,0.6
2021-11-02,60.02980139164228,-0.010084491673328144,-0.03412660523243061,-0.010135684620177693,-0.03846588828118147,-0.010049044440245347,0.054210624459286816,61.75450054760629,59.90266541425588,58.85552109236305,0.04925586251617453,0.1520225797961876,0.1303606503307718,0.13173354028129047,0.010178958951214165,-2.1814745664851563,0.06408529658078378,-0.5495996421431012,low_vol_trend,True,False,1.0
2021-11-03,60.924232810580605,0.014899789741147584,-0.024003876967950033,0.014789878300624202,-0.014873781719029422,0.00617761603005329,0.07295321030393653,61.7732033348296,59.95759996315542,58.85379534812532,0.049604413265716074,0.1745521069498175,0.14120006113961367,0.13456214627766014,0.00983792930331911,-1.1103173917101903,0.48990314645344973,-0.5428887715116957,mid_vol_neutral,True,False,0.6
2021-11-04,60.951964909787584,0.0004551899618203681,-0.0210402132657751,0.00045508639429710316,-0.0318610174708317,-0.004656039908194853,0.07290630586180935,61.75894721872896,60.023799191577936,58.852980662917815,0.04937670994873056,0.13824319211003255,0.13510897813127978,0.13456316260324855,0.00911390555634538,-1.0376686769370254,0.4761739166503297,-0.5426806990690525,mid_vol_neutral,False,False,0.6
2021-11-05,60.95269711437896,1.2012813572992442e-05,-0.0050522635661497395,1.2012741419725315e-05,-0.029941375086949717,-0.007672799503034788,0.07827838746765847,61.73538252031629,60.09735303682685,58.84887415842296,0.049049508646890505,0.13909120189777568,0.13456860622120945,0.13397210757767763,0.00837520640488295,-0.9841235417121605,0.44725871736176415,-0.542675205377547,mid_vol_neutral,False,False,0.6
2021-11-08,60.83391105769675,-0.00194882363383031,0.0031755993209681144,-0.0019507250613744313,-0.028858491364015193,-0.007574124360735013,0.06467500699775441,61.712168514161725,60.17662560147316,58.84130829042488,0.048789877505222234,0.13918969639915968,0.13455246779797897,0.1326476405853958,0.008170677153960627,-1.0772594044922297,0.35389836565098837,-0.5435664507456439,mid_vol_neutral,False,False,0.6
2021-11-09,61.09964682519487,0.004368217707490185,0.017821905266232285,0.004358704737608142,-0.016912901091708843,-0.005824584184897064,0.06491702557334356,61.69427026245787,60.24970364613244,58.84377038597215,0.048441829233383915,0.14052216061929443,0.13521052598632297,0.132670958765243,0.007909650219018686,-0.7207349130446902,0.46722762274694657,-0.5415726496334985,mid_vol_neutral,False,False,0.6
2021-11-10,61.08284170769343,-0.0002750444294631338,0.002603379473090195,-0.00027508226111930636,-0.02146298869543284,-0.008829740494014526,0.058672036273019756,61.66706274509428,60.328289895773004,58.85494436084642,0.04778049516122951,0.1368138293860014,0.1347417425486861,0.13235929529678406,0.007248175267142919,-0.6986156935961971,0.42708344348931393,-0.5416987375225303,mid_vol_neutral,False,False,0.6
2021-11-11,60.710188242828565,-0.006100787953647768,-0.003966675517628748,-0.006119473798156164,-0.024923429084556803,-0.013073517967881032,0.05187050232954937,61.626852265829804,60.399732831596076,58.86513389347246,0.04691602973935627,0.13826928769785868,0.13618447778915344,0.13314888426004245,0.0064943032674440355,-1.0623149654705422,0.18194581079623143,-0.5444947363437944,mid_vol_neutral,False,False,0.6
2021-11-12,60.61004229618609,-0.001649573976643115,-0.005621651451286458,-0.0016509360218643096,-0.010645512952627167,-0.02624878960955146,0.04891632233965293,61.54516095538611,60.46790230579483,58.87229934456433,0.04540100591584184,0.11575911401127426,0.1279569248714387,0.13324787792316,0.0062385773073418025,-1.0643280439673193,0.08652119871725837,-0.5452461259729456,low_vol_trend,True,False,1.0
2021-11-15,61.51969920958875,0.015008353054059898,0.011273122835084193,0.01489684206979883,0.014484521077272383,-0.011891100197594207,0.07138255172708119,61.508143936939405,60.55509819136131,58.89925666479436,0.044294061077759794,0.12858349736671137,0.14043962241718674,0.13551958941675413,0.0058462893998140735,0.013399884891270803,0.6112419846611805,-0.5384210192788461,mid_vol_neutral,False,False,0.6
2021-11-16,61.77410191814191,0.004135304818159824,0.011038608698944685,0.004126777944588122,0.029057243003680622,-0.010526357940639719,0.055494126355116524,61.47528523911201,60.65487537309934,58.925743697528276,0.043267023572426844,0.11148761173656839,0.14095780543878955,0.13035555576597005,0.004980494777606643,0.35680590637937293,0.7510859941919592,-0.5365122494959087,mid_vol_neutral,False,False,0.6
2021-11-17,61.52647841289899,-0.004008532662620468,0.007262869454052856,-0.004016588364577011,0.009885156932395445,-0.00513565445310471,0.057564741324834356,61.45940474574327,60.7485526530433,58.94079009268665,0.04273126724456877,0.09339615269431677,0.13769538021763272,0.1299758853595588,0.004472700073163263,0.08050946007832505,0.5598934633014211,-0.5383701552825289,mid_vol_neutral,False,False,0.6
2021-11-18,61.64943078648288,0.001998365203982111,0.015470921287503492,0.0019963711283901195,0.011442877645168492,-0.02078272155023264,0.06952269274625844,61.39398295519877,60.84590295939991,58.96148316112722,0.04125574296399792,0.09346551721563001,0.12019571763691497,0.12824787666761467,0.00580614180658011,0.33737427130450653,0.6320397217869248,-0.5374476502637258,low_vol_trend,True,False,1.0
2021-11-19,62.40687254377114,0.012286273330107234,0.029645751421924382,0.012211409647305087,0.023857441889132414,-0.00679825781403498,0.08960047589878983,61.37262485689407,60.948488455142204,59.01621019591944,0.03992826128875282,0.10838566082694728,0.12903336668967033,0.12926970919197775,0.005977227497996006,1.4374670107828182,1.2345883921100966,-0.5317646056653825,low_vol_trend,True,False,1.0
2021-11-22,63.45285120315688,0.016760632551360732,0.031423300477821936,0.016621723140595682,0.04305066203907626,0.012949793516391361,0.11574706596742312,61.4131846815945,61.042519620330516,59.08632950774437,0.03938060111764363,0.12661625799496762,0.14196269496818448,0.1317531895111355,0.006103570553516099,2.5126864655380805,2.0256655284919978,-0.5239166842733985,mid_vol_neutral,True,False,0.6
2021-11-23,62.91524162945117,-0.008472583398726252,0.018472785129622915,-0.00850867976437036,0.029715307675193037,0.012299834523864073,0.09521152656378651,61.45140690759314,61.12050923224736,59.1494470126939,0.0389176908856852,0.1417867011115069,0.14248631111731164,0.13228417471972237,0.006247429298008838,1.6931075080492406,1.5182427512126655,-0.5279503398706342,mid_vol_neutral,True,False,0.6
2021-11-24,61.298756076735096,-0.02569306754373779,-0.003701208683449586,-0.02602889925616942,0.0035347793751132617,-0.018004076250088485,0.07252792447345424,61.39521382920302,61.17335868141952,59.19137267676362,0.03723247244956274,0.20248729194578197,0.16947778176120212,0.1430067341394211,0.009674731061367075,-0.11563945475256762,0.11121705855363744,-0.5400787436723365,mid_vol_neutral,False,False,0.6
2021-11-25,61.01964008258175,-0.0045533712593439635,-0.01021567751505037,-0.00456376943075281,0.00509719782971918,-0.01995327090347654,0.06793370112605723,61.333097331445664,61.214489438337175,59.2230315538753,0.03562914160601238,0.20123574677316494,0.16988945803629976,0.14346440895645107,0.012009166583159595,-0.38596012035799393,-0.18011390588710086,-0.5421729359024603,mid_vol_neutral,False,False,0.6
2021-11-26,61.248909915985074,0.0037573121226712747,-0.01855504979798317,0.0037502710569541392,0.010540623230008705,-0.00021710006374231483,0.07075577523079013,61.33243232996146,61.25452652832324,59.2632866356772,0.034914460735267605,0.20138791637579992,0.16084251074115316,0.1435648994155766,0.012870391905093592,-0.10283277893005109,-0.005380455956660015,-0.5404527367244396,mid_vol_neutral,False,False,0.6
2021-11-29,61.43847884851101,0.0030950580636612823,-0.03174597069241947,0.003090278231485066,-0.0013202333906255914,0.01314516473827343,0.0748527122707987,61.37228934916468,61.29951005076821,59.30404079457978,0.03487533946883992,0.18673336910198446,0.15654288950006975,0.14356162469510314,0.013314283855477142,0.08316176677094413,0.1388791520615571,-0.5390304112616051,mid_vol_neutral,True,False,0.6
2021-11-30,62.148723762711086,0.01156026202978322,-0.012183341379416568,0.01149395274651549,0.006064383502743631,0.03529784077153075,0.09445202070210224,61.47823546771813,61.36336344288264,59.358815623153625,0.035705224612631925,0.19495373393435245,0.15561819377640695,0.14415746667360077,0.013452111757250536,0.8971527573383064,0.8279476597370223,-0.5337014820280279,mid_vol_neutral,True,False,0.6
2021-12-01,61.42626534635589,-0.011624670188137731,0.00208012817521408,-0.011692764900081235,-0.0016287794967002611,0.008240276694762017,0.0806375811136042,61.50333709450689,61.41748987945556,59.40858118964295,0.03526015708365593,0.20363055793578413,0.154440638186913,0.14666180002488396,0.013721695120662639,-0.10470127245104609,0.010104399869004209,-0.5391220485086695,mid_vol_neutral,True,False,0.6
2021-12-02,61.824532991625546,0.00648367018610041,0.013190718725224926,0.006462741610504576,0.002840289081485814,0.014315667807090593,0.08880675266681437,61.54696549859879,61.46612884409464,59.46222989704561,0.03505982882180403,0.20614696035414193,0.15591591760878937,0.14694953793855797,0.013888041932416152,0.38152575377904335,0.43735605121774507,-0.5361338678751542,mid_vol_neutral,True,False,0.6
2021-12-03,61.511227968654325,-0.005067648841175387,0.004282819939637639,-0.005080532919987388,-0.014351697795601304,0.009163349297362178,0.07391424182950357,61.57489204131256,61.496104571892836,59.5113477488205,0.03467480355514141,0.19620278447255174,0.15727449596867532,0.1467550095733774,0.014009549038797892,-0.08915242253751549,0.01909093790172134,-0.5384845785420771,mid_vol_neutral,True,False,0.6
2021-12-06,61.8566789062057,0.005616063098714541,0.006806810089257764,0.005600351812618573,-0.025155249396764168,0.016812462502023395,0.05285647016207107,61.626030433738,61.53452585950257,59.55721160613137,0.03473666365189021,0.17408836809952952,0.1580010643671144,0.13793855451974615,0.014064025696818848,0.33205812555817116,0.42337482620345135,-0.5358926788141396,mid_vol_neutral,True,False,0.6
2021-12-07,61.1311042296244,-0.011729932634784723,-0.016373940951258215,-0.011799271051257188,-0.028357793018339073,0.0005148541123245476,0.035843699360432746,61.62760330395948,61.554608875524465,59.5980540967424,0.0340539508877693,0.17794788875209677,0.16352551630444928,0.14012015119425555,0.014317823302868214,-0.7160535901381242,-0.5755337537225759,-0.5413366264269601,mid_vol_neutral,True,False,0.6
2021-12-08,61.77858305628822,0.01059164290950343,0.005735619900473665,0.010535944406988225,0.007827678900244939,0.011390127393289928,0.05323043407400618,61.66239037138922,61.58055171886407,59.643976074523444,0.033841041957763274,0.13549025980232793,0.16771161801990023,0.14087365061729665,0.014646526906815295,0.1703774549586586,0.2750691065569573,-0.5364786277584064,mid_vol_neutral,True,False,0.6
2021-12-09,62.22016201404024,0.007147767655170778,0.006399223791440312,0.0071223434429630314,0.019674352877757872,0.024871834776266644,0.05523894866092194,61.73788905994981,61.60954454236736,59.68807637999326,0.03434207976324766,0.13524654232265465,0.16726325515758317,0.14117960437839497,0.014828471468625365,0.7373999857466447,0.8530273548737443,-0.5331654846864174,mid_vol_neutral,True,False,0.6
2021-12-10,62.18160340379973,-0.0006197124692766121,0.01089842386965545,-0.0006199045704179823,0.01522791979635274,0.02592905479151142,0.049530697626722686,61.81646711533049,61.623487440960965,59.73491568118797,0.03484647815110331,0.13542340341311931,0.16706367785726065,0.14098084410398715,0.014214905645293404,0.6046653213106351,0.7750377719449965,-0.533454787856646,mid_vol_neutral,True,False,0.6
2021-12-13,63.02661888753606,0.013589477232500924,0.018913721234603553,0.013497968392865527,0.0258492734323863,0.024494912967852,0.06483124457506961,61.89181309922785,61.64501328374062,59.79627894956076,0.03504455772966608,0.14841040528709135,0.16559273287125095,0.14331817745913308,0.014174845170164409,1.7283149242294287,1.8527255132575384,-0.5271146823182916,mid_vol_neutral,True,False,0.6
2021-12-14,63.27341731344175,0.003915780828193771,0.0350445670958317,0.003908134113851193,0.0180968084722839,0.02427093796177915,0.07323019184688384,61.96677886899285,61.697698288481206,59.860228914531426,0.03519114431502013,0.1402148669946012,0.16554404926318553,0.14304500809776866,0.014042931670379897,1.8034371531835627,2.057124119305908,-0.5252629670573793,mid_vol_neutral,True,False,0.6
2021-12-15,63.16629516919529,-0.0016930039311106038,0.022462673053583737,-0.0016944386818537522,0.028327130308641202,0.02665221216289404,0.07572132030652345,62.04876970680766,61.75002065054283,59.92182314327587,0.03549535798412151,0.1210893155891006,0.164770436363086,0.14276262031157128,0.013552585795119918,1.4631161387481024,1.8267645978899214,-0.526066698720395,mid_vol_neutral,True,False,0.6
2021-12-16,61.979476044997625,-0.018788803760275696,-0.0038682954407657233,-0.018967555900854204,0.0025061742624576944,0.005353581603337432,0.04355579565687351,62.065271969733395,61.764868426806764,59.972611999621186,0.0348935939312669,0.1599299737454159,0.17957151028398716,0.1469291768353078,0.011491601733339568,-0.11314820167157538,0.27785570399022297,-0.534971338513597,high_vol_trend,False,True,0.3
2021-12-17,61.81961477059728,-0.0025792614684945203,-0.0058214747350874285,-0.002582593494032513,0.0050135042353587345,-0.009410145857925545,0.030113308912482983,62.035909081074706,61.77278090056607,60.025153137266535,0.03349855583391759,0.1580702096397862,0.17411165790059246,0.14568128506815045,0.0094070722394024,-0.2862159097895783,0.06075753211090377,-0.5361707690219145,high_vol_trend,False,True,0.3
2021-12-20,61.55765701309623,-0.004237453734921126,-0.023307007425878656,-0.0042464571854708335,-0.004834108432540951,-0.029867754626073606,0.027063082613111744,61.94114937157167,61.777970217212236,60.074969703675414,0.03106417992553867,0.1569544782207619,0.16218346119420293,0.1459645544684605,0.008157345002278715,-0.560572735970854,-0.28670121941729515,-0.5381362239290882,mid_vol_neutral,False,False,0.6
2021-12-21,61.86515577652722,0.004995296740510469,-0.022256764320762512,0.0049828616398999055,0.01200782410449408,-0.01669048430440101,0.02890887112821261,61.88864507892547,61.786121095557334,60.13151717517991,0.029221413100663396,0.14529287375915761,0.1615099787461534,0.1461539305463082,0.006616369314152717,-0.03644200125485566,0.10302581706554721,-0.5358290773139213,mid_vol_neutral,False,False,0.6
2021-12-22,57.63896360936961,-0.06831296412513199,-0.08750444434045623,-0.07075831910698285,-0.06700735501082766,-0.059704188169562133,-0.046997512594658564,61.7056554555572,61.70636052664542,60.13956022288022,0.026041015712003013,0.3696584035509541,0.27771386722861224,0.20268282555304953,0.02633880541701375,-3.5498079043500703,-4.212069139350631,-0.5675379689033049,high_vol_trend,True,False,0.3
2021-12-23,57.10706958180148,-0.009228028997413595,-0.0786132244754495,-0.00927087102567383,-0.08217742073839296,-0.06411985543482623,-0.0602833611840734,61.51002693051819,61.618213961719086,60.14376198057799,0.022716652649386937,0.36158590662835094,0.2785723158434612,0.20309199206514553,0.03593879126013669,-2.8658592229002813,-3.874677482601852,-0.5715287410665455,high_vol_trend,True,False,0.3
2021-12-24,57.18620703709429,0.0013857733529725191,-0.0749504465645221,0.0013848140552235177,-0.0803355991685506,-0.06633102343312847,-0.06990793354444746,61.306891786573644,61.51706073235978,60.14712359609575,0.019282188758785068,0.36291570524216316,0.2779180946257658,0.20142746326158217,0.04250055311718751,-2.2692871693839365,-3.285147048750247,-0.5709349770134009,high_vol_trend,True,False,0.3
2021-12-27,56.87004764089565,-0.005528595313089468,-0.07614989912958037,-0.005543934558602272,-0.09768208029096603,-0.0743578176614651,-0.08200568704467992,61.078470226192884,61.40926089360723,60.14839412184388,0.015463024706277695,0.3430778665342618,0.2769807104705754,0.20079856251721007,0.04719432544978144,-2.034797869807907,-3.0917401276496914,-0.5733071038884952,high_vol_trend,True,False,0.3
2021-12-28,56.98555048706677,0.002030996121199946,-0.07887485658464732,0.0020289364369134853,-0.0993761218115714,-0.08307770398242986,-0.060251760792522924,60.820311562410666,61.300346385854766,60.14882070996054,0.011163824070434814,0.34106071180117425,0.27203580033960423,0.19660249236347682,0.050256645725591985,-1.710038762192615,-2.7172647446983946,-0.5724404922715491,high_vol_trend,False,False,0.3
2021-12-29,57.31509426183175,0.005782935708233294,-0.005618930793634402,0.0057662787221980155,-0.09263169371720614,-0.06692855346720228,-0.053428131196879614,60.61475300818446,61.20976650548592,60.15415348282546,0.007656986237708496,0.3482678063135494,0.2727364621848198,0.19708315111314373,0.05246841490394413,-1.392910828386752,-2.3146485641397767,-0.5699679431269117,high_vol_trend,False,False,0.3
2021-12-30,56.73517281092928,-0.010118127839993218,-0.00651227201107718,-0.010169664023322516,-0.08461354578507474,-0.0823194278133188,-0.0735161423310372,60.36028499914964,61.085312629757055,60.153403741339716,0.0034392277899937262,0.3444553978057707,0.2711899558766079,0.19632392196989146,0.053879947277257444,-1.4490442883930896,-2.4465060653275055,-0.5743190624536488,high_vol_trend,False,False,0.3
2021-12-31,54.9134447726593,-0.03210932386406773,-0.03974318952401845,-0.0326361359596252,-0.11171486628581695,-0.10726144500573476,-0.1059935408823307,60.0303958393499,60.92690083501295,60.13726026248627,-0.0017770085080353049,0.3615240780491731,0.28882775617655254,0.20605834257415717,0.05586090440259257,-1.8517524186058152,-3.0643343104642615,-0.5879873895400847,high_vol_defensive,False,False,0.3
2022-01-03,54.80181446765564,-0.00203284105496937,-0.036367706007559786,-0.002034910080822743,-0.10974820799309026,-0.11405178168791552,-0.1059799088356882,59.677652617422396,60.770104030183084,60.113893612198574,-0.007256907988532846,0.3629365674583403,0.2861893563035759,0.20605826064441984,0.056848506584331424,-1.6466259391691782,-2.803660069321198,-0.5888249456897927,high_vol_defensive,False,False,0.3
2022-01-04,54.01398502919408,-0.014375973608073522,-0.052145946340328875,-0.014480309073132908,-0.12690779888591208,-0.11642386130792859,-0.12111806178089957,59.321796657400874,60.607367788577406,60.08028315746277,-0.01262454935630053,0.3514079239153808,0.2870599037814278,0.20744902830775985,0.05743491944983165,-1.6609675906350039,-2.8380814751887806,-0.5947359874188545,high_vol_defensive,False,False,0.3
2022-01-05,53.874064999770674,-0.0025904407783980954,-0.06003705143258553,-0.0025938017756756025,-0.06531863818916628,-0.12794916402202872,-0.12580408026859258,58.926570754574996,60.43639673568207,60.042047750524745,-0.018578263695878006,0.1722870433079776,0.28069199764079883,0.20720771755579998,0.05724306205163274,-1.503572782256533,-2.6301230330818184,-0.5957857998430618,high_vol_defensive,False,False,0.3
2022-01-06,54.05118885093826,0.0032877387508876144,-0.047307231599266086,0.0032823459546778445,-0.05351142605007786,-0.1312914158156422,-0.12132458807502455,58.5181220964199,60.27218111194625,60.005395547937596,-0.024785661988171226,0.17844676360081307,0.2784978871719938,0.20750696353624357,0.056338292790508344,-1.300577700778939,-2.3577420139875698,-0.5944568491535468,high_vol_defensive,False,False,0.3
2022-01-07,53.28844421803463,-0.014111523707778573,-0.029592034543673984,-0.01421203798530472,-0.06815914223042197,-0.1430191358690771,-0.14387640906826593,58.073464137131644,60.112705797393566,59.960445123738964,-0.03147042992614879,0.17883837920726214,0.2786051670407832,0.2068874007651446,0.054818075987433636,-1.3631892359226523,-2.426230590565155,-0.6001796809412437,high_vol_defensive,False,False,0.3
2022-01-10,53.98575431300399,0.013085578031069023,-0.014891115605912941,0.013000701492079781,-0.05071726589899228,-0.14344517815027458,-0.1328988115255456,57.621420908405035,59.979594114364716,59.92609414433503,-0.038458592518629264,0.2054846771709646,0.2781036928046858,0.20927420636758665,0.05250288795111696,-1.063153336160679,-2.037540684154969,-0.5949478009577935,high_vol_defensive,False,False,0.3
2022-01-11,54.42513343539657,0.008138797502857953,0.007611888031965552,0.008105856105336673,-0.044930987413226875,-0.1398420419465073,-0.1282392891563333,57.17900671450278,59.86750075523981,59.88508308474784,-0.04518782025259094,0.2135609335479041,0.28080602661974996,0.21011779334696445,0.04948756966780148,-0.8562191997667827,-1.787471527555628,-0.5916511631317016,high_vol_defensive,False,False,0.3
2022-01-12,53.9659433646322,-0.00843709591101749,0.0017054284814395082,-0.008472889677209631,-0.058434011848600864,-0.1456528640775797,-0.12738719471355586,56.718989124274614,59.72833496632084,59.84296746473812,-0.05220293165281753,0.20618434111774428,0.280023393692779,0.2099852387702945,0.04541095988477383,-0.9291826785870014,-1.8278475043289697,-0.5950964414335119,high_vol_defensive,False,False,0.3
2022-01-13,54.27294442227696,0.005688792569981338,0.004102695538302559,0.005672672496470665,-0.04339862322897525,-0.12434005762045586,-0.13794816509011498,56.3336625431386,59.594754556570614,59.80927687407428,-0.05811162603175135,0.2123626323347395,0.28063165689861297,0.20641319763534574,0.04180149450879856,-0.7534359373748897,-1.6425638746499958,-0.5927930290779799,high_vol_defensive,False,False,0.3
2022-01-14,54.28532190640327,0.00022805993406227465,0.0187072019646477,0.00022803393234873667,-0.011438416745779612,-0.12187544183432031,-0.13605226323832065,55.95694789992889,59.461407052411104,59.77938004461898,-0.06394231826822305,0.14550805708021333,0.28132305852980183,0.2064812305295321,0.03643825563520247,-0.6842541518982592,-1.5594616369419885,-0.5927001614830416,high_vol_defensive,False,False,0.3
2022-01-17,53.84062176649309,-0.008191903893964403,-0.0026883489609023092,-0.008225641917432911,-0.01753943205164943,-0.12536271880785455,-0.14049809162161098,55.57109613759873,59.32154126658704,59.7490834340301,-0.06992554623945568,0.14982047764182857,0.28128444471050806,0.20682422463009276,0.026751591915868334,-0.8253215456578801,-1.6090382317147351,-0.5960367226161998,high_vol_defensive,False,False,0.3
2022-01-18,53.50438068965012,-0.006245118756266432,-0.016917785729260504,-0.00626470108227926,-0.009434673988014897,-0.13514513916490178,-0.1391199601929095,55.153057383254875,59.16963594387614,59.70966979500428,-0.07631280540309804,0.13547361518458928,0.2779914376403738,0.20667242032795208,0.004525633911804623,-1.0749960153296485,-1.6215836379473103,-0.5985595212566323,high_vol_defensive,False,False,0.3
2022-01-19,53.28081967184311,-0.004178368479840211,-0.01269548255943398,-0.004187122254256471,-0.01101170531553708,-0.07561107390935207,-0.1464500900098723,54.93515018637855,59.01359550315913,59.67094269946607,-0.07936513651107269,0.13625584402587915,0.15791711883587886,0.20621644139666848,0.027546174290330534,-1.1252739324928387,-1.6014963329376752,-0.6002368874995455,mid_vol_neutral,False,True,0.6
2022-01-20,53.59520901552612,0.005900610118600547,-0.01248753709541972,0.005883269697986012,-0.008436074119842818,-0.06149607381350375,-0.1391983102518407,54.75955715806479,58.87129591861308,59.63551437510458,-0.08176264207884998,0.139197120809127,0.16023051149930875,0.20694245822582125,0.037339213482489336,-0.8284855958091681,-1.4449037301388574,-0.5978780412328821,mid_vol_neutral,False,True,0.6
2022-01-21,53.52475675462436,-0.0013145253502295784,-0.014010511959204108,-0.0013153900965815167,0.004434592528594683,-0.06402680772471758,-0.12630058886068452,54.576484643941285,58.72959020778185,59.598746256788345,-0.08426790710005949,0.11820305788522673,0.15950856689008353,0.20498603160774312,0.04432617006342185,-0.8042359465296073,-1.3993335281449826,-0.5984066407415654,mid_vol_neutral,False,True,0.6
2022-01-24,53.17782203018267,-0.006481761814110865,-0.012310402713865187,-0.006502859649060332,-0.014965657016423384,-0.06492390570916062,-0.123076380291962,54.39187336340565,58.56275266419373,59.55892542777751,-0.0867552936400362,0.0989647174346194,0.15972453832346484,0.20451550554321857,0.04961428277966743,-0.9911388885905328,-1.4251786830046327,-0.6010096732424073,mid_vol_neutral,False,True,0.6
2022-01-25,52.91397314721242,-0.0049616338709865815,-0.011034751450770708,-0.004973983643288892,-0.027765853619411307,-0.07144929381314691,-0.11853826065499151,54.18829449641292,58.38555008877513,59.52021273093723,-0.08958163941092401,0.0839970407021338,0.1585521546778128,0.2039302153689907,0.05394433401816425,-1.1548226100222463,-1.4278177386679562,-0.6029893171618437,mid_vol_neutral,False,True,0.6
2022-01-26,52.63365750555376,-0.005297573117006182,-0.01214625019425808,-0.005311655012737075,-0.024687530246188416,-0.08167895065987074,-0.13608009362716245,53.95422265859903,58.20769367062823,59.47812316183577,-0.09287281120499713,0.07945243181673951,0.15463724389685493,0.20095283538824066,0.057659769127413885,-1.502366918731938,-1.4331669787239358,-0.6050925102824114,mid_vol_neutral,False,True,0.6
2022-01-27,50.81729179926785,-0.0345095855459836,-0.05183144664019379,-0.035119105227049925,-0.06367173662298475,-0.10430709414392458,-0.16627311564966996,53.65832860801595,57.991050890883926,59.41847692514191,-0.09694203916372435,0.16921211835534078,0.18770804164237792,0.21137070771365551,0.058608582169266385,-3.19371262865909,-1.7961484945266304,-0.6187206040815701,high_vol_defensive,True,False,0.3
2022-01-28,50.01225878962005,-0.01584171413202695,-0.06562380061074913,-0.01596853524448149,-0.07871488952668781,-0.0892529325619632,-0.17949063524176723,53.413269308863995,57.743158615800915,59.34582353547157,-0.09996582527937503,0.1705316314619762,0.1644812246458432,0.21291743387345047,0.059731513083202584,-2.932682854056045,-1.8866894094756441,-0.6247607232761418,mid_vol_neutral,False,True,0.6
2022-01-31,49.02864051943409,-0.019667543398181886,-0.07802466051342949,-0.019863523416456332,-0.08937454823476176,-0.10534640147050078,-0.19405739879302153,53.12461061145292,57.45467440212646,59.24859701122848,-0.10336086774535735,0.18014128021939382,0.17252813059709596,0.21555250009784033,0.059881361016783055,-2.7821022177054697,-2.009050979269274,-0.6321407580358107,mid_vol_neutral,False,True,0.6
2022-02-01,49.58311863606501,0.011309269658642318,-0.06294848625108174,0.011245797965896068,-0.07328861680186938,-0.08203183658332613,-0.1884876392506566,52.90306729179646,57.18803194225873,59.15427058725305,-0.10567628056939715,0.20779778227821336,0.17896036755445588,0.2170980221445024,0.059145502279294895,-2.0077218315658656,-1.783923884070776,-0.627980538672014,high_vol_defensive,True,False,0.3
2022-02-02,48.56898235012952,-0.02045325735517256,-0.07722577810586972,-0.020665321812384053,-0.0884340246778077,-0.09847192057372578,-0.20486701351335113,52.6378131593144,56.93343646772662,59.05339757457306,-0.1086403946048492,0.2163873274782988,0.18782986659447504,0.21978690828082204,0.057979420430893186,-2.144664442512619,-1.9050278212751093,-0.6355895484556879,high_vol_defensive,True,False,0.3
2022-02-03,48.55176008878009,-0.00035459382750224755,-0.04458190569140874,-0.0003546567107592814,-0.09410260766564005,-0.10174482521234507,-0.20026997948708714,52.36284172120649,56.684078867850594,58.949284153093885,-0.11173066011763788,0.20626142661080768,0.1861089981136417,0.21983620759239328,0.05656614720022225,-1.8392956552336135,-1.8045998851650753,-0.6357187661524828,high_vol_defensive,False,False,0.3
2022-02-04,48.98436602632504,0.008910200922765732,-0.02055281621289906,0.008870739316521707,-0.08482786291050348,-0.08076944738898828,-0.1918110568715541,52.14763781162102,56.43878799005739,58.846657259190316,-0.11383857230944217,0.2236347680760538,0.18953683486572287,0.22130106049952236,0.054631120731145906,-1.443796084152901,-1.6254794330675557,-0.6324729471665085,high_vol_defensive,False,False,0.3
2022-02-07,48.80303293994176,-0.0037018563491427736,-0.004601546710292892,-0.0037087251762047153,-0.08226717310381515,-0.09600164782385612,-0.20670884989738236,51.888501742967904,56.186079071886006,58.74279456132711,-0.11668312462055863,0.2248510528791544,0.1783458333966495,0.21793351065918887,0.05249176776903974,-1.3608799954562585,-1.586895903910221,-0.6338334795205218,high_vol_defensive,False,False,0.3
2022-02-08,47.80049524475696,-0.0205425285026557,-0.03595222407029941,-0.020756461123775504,-0.0966375722387961,-0.12172020117328974,-0.226204934422222,51.55726983343592,55.89911450152692,58.631238972204784,-0.12065187880683215,0.23157286775804758,0.17943414652825043,0.2199750057849267,0.04948357962312654,-1.5923841816059594,-1.7160830127058668,-0.6413554657041898,high_vol_defensive,False,False,0.3
2022-02-09,46.84714246665406,-0.01994441214931697,-0.03545143011362395,-0.020145986629552748,-0.10993944394400323,-0.13191284084257493,-0.23858566790923974,51.20132978853701,55.60753204393288,58.512510961694225,-0.12495073366349896,0.23486777463356318,0.1857006501943903,0.22233719774950614,0.045688031533684476,-1.7354630602685508,-1.8174735587657496,-0.6485084201112853,high_vol_defensive,False,False,0.3
2022-02-10,46.626953368566575,-0.0047001607033816395,-0.039644427239998725,-0.0047112411923864546,-0.08245890881500395,-0.14088034351370105,-0.24367584949722032,50.81903023585149,55.30358045147171,58.384854647783165,-0.12958539432141825,0.19776512763577964,0.17986855882845446,0.2219328997058854,0.04095700948969995,-1.614043015684918,-1.77125114362072,-0.6501604870226477,high_vol_defensive,False,False,0.3
2022-02-11,46.91034535997414,0.006077857782546214,-0.042340461551269026,0.006059462104845221,-0.06202306203953556,-0.13585581308967443,-0.24831443320490054,50.450281408530046,55.0115627992981,58.25383368559547,-0.13395774635506985,0.20543918752882784,0.18434576433072733,0.22028032301730396,0.03472914206267515,-1.3600755960728124,-1.6346796246938806,-0.6480342122160562,high_vol_defensive,False,False,0.3
2022-02-14,46.97169103799494,0.0013077217306769473,-0.03752516578632559,0.001306867407344852,-0.041954038693441165,-0.12757896367335286,-0.2597386855382471,50.10683487210513,54.713863041933884,58.124194450718235,-0.13793497964794643,0.1939032067440031,0.18674273084346285,0.2161021877551848,0.0262145875902117,-1.2128378873974632,-1.5536355265064161,-0.6475739389069163,high_vol_defensive,False,False,0.3
2022-02-15,48.02385185936686,0.022399892320692505,0.004672684110619052,0.02215269932099132,-0.031447533345835055,-0.1024314039269576,-0.2366897016431948,49.83280843059097,54.451717994528735,58.00316343502659,-0.1408605069202442,0.22435734504202687,0.21350275197249033,0.22307580974007657,0.01505351269167081,-0.7251029520975644,-1.289817605606121,-0.6396796330874255,high_vol_defensive,False,False,0.3
2022-02-16,48.184800250134295,0.003351426104652333,0.028553668656148723,0.003345822592532352,-0.007910029846326383,-0.09564453874950185,-0.21393510514608927,49.57800745950553,54.17984233840565,57.88019702863485,-0.14343747940287788,0.20367450374851526,0.21569026082732887,0.21913678016189964,0.016787014332803468,-0.5849529518328039,-1.2120163302857234,-0.6384720460037168,high_vol_defensive,False,False,0.3
2022-02-17,47.553016314065246,-0.013111685278124341,0.01986110776268246,-0.013198402261470113,-0.020570701718919726,-0.11273755271129737,-0.22069326777888676,49.275897824432484,53.88649942440615,57.748021983386764,-0.14670847360610173,0.21289350627278628,0.2135808559199553,0.21994483261536735,0.01782541744626955,-0.7749195405832681,-1.2940210885446475,-0.6432122867557601,high_vol_defensive,False,False,0.3
2022-02-18,47.802799246886856,0.00525272531971277,0.019024670998781357,0.005238977878079962,-0.02412130390343714,-0.1069030081531972,-0.2195322445336938,48.989799949045604,53.5989233412679,57.61120539111444,-0.1496480655723017,0.20839166895330705,0.21669077619096724,0.22019279042715922,0.018623173790514765,-0.5919497292394059,-1.2027836537491632,-0.6413381789006397,high_vol_defensive,False,False,0.3
2022-02-21,47.54867983466593,-0.005315994381594136,0.012283756107572819,-0.00533017455653965,-0.02570235966316814,-0.10585507229539692,-0.2260765447675419,48.708342839269775,53.289364560210494,57.467188921975556,-0.15241472998788674,0.20883950278749516,0.2166636555663261,0.21970516275510957,0.018953683479268655,-0.6561336320455026,-1.2223246176917157,-0.6432448231264962,high_vol_defensive,False,False,0.3
2022-02-22,47.42543434797098,-0.0025919854583449364,-0.012460839525081924,-0.002595350468615907,-0.007846380981316736,-0.10372569801121778,-0.23690413130533194,48.4339158993077,52.97240490090108,57.33505159469114,-0.1552477140564329,0.18335666724411187,0.216903395650367,0.2172794293736253,0.01874571608031709,-0.6798860075758336,-1.2214820734958756,-0.6441695273571417,high_vol_defensive,False,False,0.3
2022-02-23,47.49799033574092,0.0015298961151855028,-0.014253663205576084,0.0015287270163717986,0.013893011074264328,-0.09757382278195148,-0.22674787295108223,48.177132540817055,52.65903880423198,57.20452972738741,-0.157809132066833,0.1487648614999881,0.2182836600025614,0.21708407841494456,0.01771795996821263,-0.6077847039943788,-1.1836204938166706,-0.6436251436993807,high_vol_defensive,False,False,0.3
2022-02-24,48.00113276338839,0.010592920333912792,0.00942351261933716,0.010537208442378751,0.029471781781655437,-0.05541733799989779,-0.22359085559303138,48.03632458902309,52.379471938599806,57.072170182703296,-0.15832314707420525,0.15094158391928073,0.19496009010903748,0.2181073936245229,0.017664182707046106,-0.03789349244210673,-1.0435517276587511,-0.6398500932375786,high_vol_defensive,False,True,0.3
2022-02-25,47.2233704919527,-0.016202998276509617,-0.012121230640523395,-0.01633570227395563,0.006672837933221709,-0.055764093947425875,-0.23228047867915458,47.89688017413972,52.08754705302691,56.93016397679649,-0.15867306839900452,0.17717207921502406,0.19528520084463877,0.2195047066956755,0.01623966011653403,-0.8220161630150086,-1.2070226255642498,-0.6456856015561352,high_vol_defensive,False,False,0.3
2022-02-28,47.18570224366916,-0.0007976611557185542,-0.007633810071255409,-0.0007979794566536759,0.004556174175230687,-0.03758901442585216,-0.23717692126314094,47.804733260351476,51.800107957638375,56.7890390874253,-0.15820492777211304,0.17729211880428783,0.18486798933756893,0.21865912978263546,0.015538299316580668,-0.7851685349806805,-1.198815300032341,-0.6459682243886857,high_vol_defensive,False,False,0.3
2022-03-01,47.36892910531697,0.003883101298389535,-0.0011914544048118314,0.0038755815209615017,-0.013637447407753966,-0.04465611667148173,-0.22512557719574477,47.694023783814075,51.510183424214176,56.648152259885755,-0.15806567591106346,0.13181435696326801,0.1796634454901587,0.21876679769480234,0.015498069841172364,-0.48343058801363886,-1.1457884249500212,-0.6445934831411383,high_vol_defensive,False,True,0.3
2022-03-02,47.40453463542973,0.0007516642403628815,-0.0019675716730456205,0.0007513818822812173,-0.01619318977466122,-0.02397513100656279,-0.23267041278304956,47.63580139807908,51.305494844735364,56.505927685690395,-0.15697691642106415,0.12985448438646657,0.1663996725911181,0.21685650286830577,0.016793894002907102,-0.3599631960668887,-1.0990562719665289,-0.6443263367716234,mid_vol_neutral,False,True,0.6
2022-03-03,48.14432501801591,0.015605899061674755,0.0029831015724848253,0.015485379281374324,0.012434725487135312,-0.008391767260736982,-0.22622629932799043,47.61542964454087,51.12623995345966,56.37222695758938,-0.15533885719357043,0.13832321880383025,0.17674746302120295,0.21944269016519724,0.017184443338212778,0.8559694619243096,-0.8578682007855374,-0.6387757294843853,high_vol_defensive,False,True,0.3
2022-03-04,47.545532784532455,-0.012437441656091064,0.006822094425357861,-0.012515433991720733,-0.005381828395146893,-0.029373315580308423,-0.23537621769291506,47.54348798245124,50.93342646840843,56.225243600384104,-0.15441028018727077,0.15190364325710973,0.17813192447737652,0.21996206205879743,0.017548788068589286,0.003878419232307787,-0.9965873255415392,-0.6432684352736873,high_vol_defensive,False,True,0.3
2022-03-07,47.20841947801643,-0.007090325563155586,0.00048144317594256414,-0.007115581373535636,-0.007156042141078123,-0.03267447463537154,-0.25097648721638444,47.46375730935498,50.74019390515084,56.074727399379036,-0.15356240662026666,0.15372948682564683,0.1791085803293051,0.21681204898246573,0.017513564189553202,-0.5801832585722367,-1.0609044599849584,-0.6457977782062508,high_vol_defensive,False,False,0.3
2022-03-08,46.82328384766784,-0.00815819793602579,-0.011519054113213856,-0.008191658140383392,-0.012696784090263202,-0.020443541266370158,-0.2599849062092503,47.41489673950052,50.53694857236286,55.91864747910881,-0.15207361270290543,0.15814816837429552,0.16670107813131743,0.21617114963151945,0.018290072918134562,-1.3009692931990053,-1.1429456752959966,-0.6486874300410244,mid_vol_neutral,False,True,0.6
2022-03-09,45.938234901654,-0.018901898228522507,-0.030931634390095386,-0.01908282261083377,-0.03283834585551404,-0.019401558283881015,-0.27274134443685094,47.36945136125051,50.30941138515931,55.75958894532262,-0.15046986074985969,0.17991754499637336,0.16516203440010566,0.21794615078418192,0.019299298583654007,-2.6025525407083063,-1.3823923955637845,-0.6553279044847895,mid_vol_neutral,False,True,0.6
2022-03-10,46.47906268859184,0.011772933550791898,-0.0345889640949566,0.011704171728002475,-0.03170904491565396,-0.003171785186257492,-0.25008945453414866,47.36205682725178,50.104289182712556,55.5948009062348,-0.14808478391474456,0.18254272741850971,0.1704383831935002,0.218804835026165,0.01973355490278542,-1.5730847387532636,-1.1816453323469933,-0.6512701028074768,mid_vol_neutral,False,True,0.6
2022-03-11,46.54558193041884,0.0014311657331103067,-0.02103143651045425,0.0014301425915062926,-0.014352820530871724,-0.0077757566429371705,-0.2470742157947431,47.343818655774015,49.93693192586774,55.43191638044034,-0.14591048357693592,0.16815327711057568,0.16899500519718286,0.21912418778687803,0.020336007428798198,-1.3708412906416423,-1.1199112756107428,-0.6507710125285038,mid_vol_neutral,False,True,0.6
2022-03-14,46.64981431913668,0.002239361597705658,-0.011832744350610547,0.0022368579645196873,-0.011356997968688276,-0.006852568254310687,-0.24217690239230427,47.327724819831104,49.77389192289738,55.27199797654023,-0.14373052264332853,0.16914310870110513,0.16914751007458007,0.2195744144351367,0.02091258667809638,-1.1348133689390638,-1.0483381765769126,-0.6499889625451545,mid_vol_neutral,False,True,0.6
2022-03-15,47.13434158899173,0.010386477994110521,0.006643227808110774,0.01033290914007898,-0.004952350005711037,-0.018522260000717328,-0.23811164786761319,47.28324930631234,49.636299054093314,55.12183342133537,-0.1422047059847802,0.17744430986998982,0.15231138732935737,0.22084604886871215,0.02180365690995424,-0.2587296067615718,-0.8513540030513591,-0.646353580606934,mid_vol_neutral,False,True,0.6
2022-03-16,47.44578705320284,0.006607612490419301,0.03281693680169151,0.006585877908934829,0.000870220920643483,-0.015337060506531719,-0.17684524352741482,47.246298646465775,49.507733495161965,54.97206511542201,-0.14053986243258,0.180945966451126,0.1539439859526752,0.1773690658420834,0.02194121782693258,0.37145772780905045,-0.7135194418248478,-0.6440168221089603,mid_vol_neutral,False,True,0.6
2022-03-17,47.71283794530736,0.005628548048008275,0.02654475338674045,0.005612766960159255,-0.008962366230019558,0.003360914693330219,-0.16450207838168973,47.25428972802788,49.38096647704934,54.82657379449781,-0.1381133917806452,0.16313141644347623,0.14821484613630928,0.17781673922679744,0.022201106774073064,0.8444685809793823,-0.5905423958660039,-0.6420131536879179,mid_vol_neutral,False,True,0.6
2022-03-18,47.27976348192428,-0.00907668631825076,0.01577338860223021,-0.009118130409468373,-0.005589784929166619,-0.010941530061058913,-0.17323134490707037,47.22813793977975,49.26079286232714,54.68674932986035,-0.13638790898123487,0.1572135850421615,0.150458571752694,0.17802505982067235,0.021515436685055574,0.09785524507751672,-0.711931968234262,-0.6452624879979525,mid_vol_neutral,False,True,0.6
2022-03-21,47.10171879390505,-0.0037657694308749212,0.009687165562478839,-0.003772877791821902,-0.0022602045417146055,-0.009400072563844786,-0.17176579328142016,47.20578988774171,49.12311215194516,54.55135313315493,-0.13465409790080485,0.15417743501274453,0.1499010180889286,0.17795912622021445,0.020282683579077025,-0.19909451972204809,-0.7449388345230317,-0.6465983476766344,mid_vol_neutral,False,True,0.6
2022-03-22,47.73662315416373,0.013479430825799055,0.012777977688197106,0.013389391514820081,0.019506092513017714,0.006561643777671877,-0.16230302688752896,47.221349328051346,48.9893419463205,54.42842135078015,-0.1324137618521155,0.16095393854186824,0.1574895097017257,0.1808844025066469,0.0179255389684919,0.9647308325838172,-0.4800300220186514,-0.6418346945504185,mid_vol_neutral,False,True,0.6
2022-03-23,47.72664649915034,-0.00020899373173444147,0.005919586614351324,-0.0002090155739677065,0.038930786115858096,0.004814017641444623,-0.1672935879487285,47.232782136221815,48.86455600901087,54.29644548766585,-0.1300943973035701,0.11336808483383248,0.15744117303888866,0.18007329200840524,0.014337973704122781,0.9099757635814006,-0.45257973239259036,-0.6419095488541823,mid_vol_neutral,False,True,0.6
2022-03-24,47.28978552043973,-0.00915339775063373,-0.008866637221465967,-0.009195547501941735,0.017442753466861083,-0.014819384501926214,-0.166482039668169,47.197214774074375,48.72489283097412,54.15982369377238,-0.1285567131655676,0.12084002067838762,0.155892414296613,0.17992080873058017,0.013119652276360985,0.18074314521782422,-0.5982040137692559,-0.6451872931842237,mid_vol_neutral,False,True,0.6
2022-03-25,47.61065842637485,0.006785247647114634,0.006998659047376066,0.006762331457244422,0.02288244021845487,0.00820119212981929,-0.13298721973312466,47.21657917079549,48.59139956137356,54.02640330689233,-0.12604622405482402,0.12339802151786515,0.1466547836109965,0.17041875446490778,0.011919448375945985,0.7571711078007691,-0.4329447432283593,-0.6427798011001358,mid_vol_neutral,False,True,0.6
2022-03-28,47.22605654071425,-0.008078062735791591,0.00263977090418388,-0.008110867067647153,0.012352508364458448,0.0008552229833667102,-0.13823918059159612,47.21859688564774,48.459108256857974,53.8903247617225,-0.12380196084499362,0.13394070214345846,0.14972056436384393,0.17082530305900792,0.011234035102697678,0.014334055433540547,-0.5755802102886112,-0.6456654482773407,mid_vol_neutral,False,True,0.6
2022-03-29,47.36214791783269,0.0028817010584212266,-0.007844610942036923,0.002877556917467478,0.004833128482570448,-0.00014315686700894226,-0.12315027502166587,47.21825782627353,48.33626360142162,53.75294977264888,-0.12156899247416564,0.12459550952530504,0.1494255429463184,0.1693206797240804,0.010774972365046646,0.2765447594906373,-0.482317029097,-0.6446443620246063,mid_vol_neutral,False,True,0.6
2022-03-30,47.442421390820286,0.0016948866661803397,-0.005955270884894781,0.0016934519666480547,-7.093701235860728e-05,0.000799222177412684,-0.11938292774042136,47.22015216404306,48.219495635801174,53.61654556948015,-0.11929887197130584,0.12022769797616784,0.1495230240368453,0.16949875660762184,0.010957344166581643,0.42654164079067813,-0.41055541833342807,-0.6440420744920499,mid_vol_neutral,False,True,0.6
2022-03-31,47.36472990724421,-0.0016375952427906126,0.0015847901609131743,-0.0016389375675367904,-0.0072958988199818275,-0.01619287653279955,-0.12370604765297366,47.18117240850447,48.094886053635534,53.48309098612432,-0.11783011156282674,0.11620028418664134,0.13785108379185385,0.16913516259448383,0.011233870034018772,0.38603957843777026,-0.42213555533396474,-0.6446249894974952,mid_vol_neutral,False,True,0.6
2022-04-01,47.021387129795286,-0.007248912389478446,-0.012376877700416844,-0.00727531341809347,-0.005464840200137044,-0.011024077847912594,-0.11760630621147605,47.15496512576762,47.96481866113895,53.3472044344604,-0.11607429806936265,0.11282776968577275,0.13318290855743498,0.16763900622254835,0.0114517144216579,-0.284968635670989,-0.6094501638559514,-0.647201071814038,low_vol_meanrev,False,False,1.0
2022-04-04,46.85156177302735,-0.003611661993278892,-0.007929833552035803,-0.003618199790745735,-0.005310995591737755,-0.007559196197094886,-0.13214953890638081,47.13712224051816,47.838293455995846,53.20052306009478,-0.11397257904264335,0.11270642155767106,0.13146837772214226,0.1646756742911747,0.01125263934511012,-0.603245511413278,-0.7253272785389041,-0.6484752622942367,low_vol_meanrev,False,False,1.0
2022-04-05,47.020381521446026,0.003603289666981091,-0.007216024006757027,0.0035968133714190885,-0.015004028047912565,0.004209394505934494,-0.1360539046310303,47.14697712420707,47.72042162348052,53.052985856127826,-0.11132283389170616,0.08616145366223224,0.128801479435773,0.16370641766766683,0.01202347398836633,-0.27020156463132455,-0.6082973057199018,-0.6472086168391733,low_vol_meanrev,False,False,1.0
2022-04-06,47.24291561854352,0.004732715684069744,-0.004205219009233985,0.0047215515956436265,-0.010135446675798465,0.028400758533335457,-0.12457908315737454,47.212211160051545,47.61260678574031,52.91015022818428,-0.1076908503105618,0.0916281980078529,0.10782598575812222,0.1638506456946171,0.01500931769374584,0.08246832363184779,-0.4071336337606352,-0.6455389555268833,low_vol_meanrev,False,True,1.0
2022-04-07,48.490869810615465,0.02641568954271123,0.023775917345598918,0.02607282019496902,0.025398387346387885,0.04328415862218793,-0.10653696189160822,47.312801516152724,47.56607834596727,52.7785646184256,-0.10356028326629996,0.15505995824666025,0.13545505836406838,0.17332476720724407,0.014333265614449255,2.7335578569428445,1.1665484536918649,-0.6361756226210964,mid_vol_neutral,False,True,0.6
2022-04-08,48.64980416735194,0.003277614061310885,0.03463141215000021,0.003272254392434307,0.021825905696809977,0.045207775897585956,-0.10381291924118785,47.418012627999374,47.5388292535219,52.64099393466141,-0.09921889607830847,0.15337031098574389,0.13548271305135162,0.17359091778802407,0.013523902720883454,2.529278549194222,1.5266767049057406,-0.6349831467259516,mid_vol_neutral,False,True,0.6
2022-04-11,49.26095120576051,0.012562168519862249,0.051426021706714176,0.012483919120863822,0.04308838836230078,0.05597314640441553,-0.08505976362224466,47.54856947233057,47.54347546724843,52.49907493468745,-0.09429700368083926,0.14958200721544773,0.1403423559373534,0.175509699043651,0.012296084939270133,2.8268551991695006,2.3269447499509255,-0.6303977435025331,mid_vol_neutral,False,True,0.6
2022-04-12,49.02239168180008,-0.004842771365984877,0.04257749715282366,-0.004854535579534954,0.0350542329044643,0.04005678299851989,-0.08376863632620335,47.64297197697099,47.53226092816313,52.36014643521093,-0.09009093326499473,0.1564532905077608,0.1397815545978596,0.17536851072417736,0.012145509161316136,2.027569228884462,2.0982092770904592,-0.6321876427271025,mid_vol_neutral,False,True,0.6
2022-04-13,49.50022978555708,0.009747343761981275,0.04778100880224967,0.009700144868156707,0.04337486018652004,0.04330084629116837,-0.07095592578287468,47.745694113588705,47.55088587687168,52.24216117229915,-0.08606969845448598,0.15906011367219183,0.14158620135258065,0.17674193885381928,0.011867545668930685,2.2083255442587713,2.602313482906647,-0.6286024492408588,mid_vol_neutral,False,True,0.6
2022-04-14,49.55590880113592,0.001124823375973083,0.021963701510821387,0.001124191236145545,0.04626182600814488,0.03862840558638014,-0.07536681521701027,47.83784765638013,47.5709688511188,52.12752385948469,-0.08229196181786502,0.15676075317387717,0.141023956389722,0.17619666743476803,0.011788376404317137,1.9272252991244079,2.5161925543746837,-0.6281846925939857,mid_vol_neutral,False,True,0.6
2022-04-15,49.44126738876818,-0.002313375239021198,0.016268579801342442,-0.0023160552255268615,0.051463395843537985,0.045717316408959485,-0.07629160062466578,47.94592285172233,47.58010687836766,52.009447434212525,-0.0781305086471108,0.14805234570401196,0.13597323467835323,0.17621025774172705,0.011683618259425758,1.5750573023475751,2.3034517810818738,-0.6290448409196279,mid_vol_neutral,False,True,0.6
2022-04-18,49.64139123946975,0.004047708751637513,0.0077229534630818275,0.004039538817490683,0.05954613594222846,0.05391889108499637,-0.06650198627363324,48.07290647400056,47.596874044358216,51.891476558122115,-0.07358761664537505,0.14026502795632337,0.13418832243197734,0.17619907903664414,0.011598630371591012,1.569933818309224,2.4285379677576264,-0.6275433224757532,mid_vol_neutral,False,True,0.6
2022-04-19,49.88647756059485,0.004937136430016809,0.017626350921502887,0.004924988738751533,0.06095433398050143,0.045035745395903604,-0.05721542735403273,48.18039919432211,47.63859369067498,51.76885409610095,-0.06931686946590365,0.13982980779072093,0.1283548124840844,0.1764366509708713,0.011168245956735967,1.5887536084873806,2.4928660842514976,-0.6257044530445451,low_vol_meanrev,False,True,1.0
2022-04-20,50.403800776987886,0.010370008902004901,0.018253874685940197,0.010316609212588673,0.06690707203523383,0.05609349229858851,-0.042365604714636906,48.31425690821399,47.70972685688166,51.65862945040727,-0.06473986200899706,0.14129032900010113,0.13114508780093673,0.1776937231754268,0.010404576201424747,1.7763997538750498,2.7622991216336135,-0.6218230048906364,low_vol_meanrev,False,True,1.0
2022-04-21,50.99976012884968,0.011823698663095294,0.029135805651508084,0.011754344881590408,0.05173943730093655,0.07845192291697778,0.003590674022980078,48.49975563863449,47.79718299208732,51.5503817217795,-0.05917756534974705,0.09529548445418258,0.12693201990648006,0.16490519475673782,0.009730502383478707,1.933548500256753,2.998980728444976,-0.6173515540591483,low_vol_meanrev,False,True,1.0
2022-04-22,50.59975367802239,-0.007843300631545813,0.023431565379276265,-0.007874221099078293,0.040081343471861874,0.06278206079149018,0.011747017683677807,48.64921040121687,47.870971158448285,51.44126697887319,-0.05427659040363464,0.11539592221191845,0.13287188614356352,0.16239554975970724,0.009437432097756436,1.4384529805588249,2.412799250007774,-0.6203527808568562,low_vol_meanrev,False,True,1.0
2022-04-25,51.07938982897118,0.009479021459290582,0.02896773344978465,0.009434377434755902,0.03691440337023022,0.08159337388110988,0.041827578489030515,48.84187706562971,47.953125134267815,51.33349408810084,-0.048537841943798066,0.10986709677845409,0.1278331469722784,0.15805752083641258,0.008964519635830349,1.580621809486957,2.582223881410649,-0.6167540967196383,low_vol_meanrev,False,True,1.0
2022-04-26,50.87949434189903,-0.0039134274653916945,0.019905530112804826,-0.003921104959411678,0.03788274289335458,0.07426492629026238,0.026145505597364505,49.01774438683303,48.01023798391845,51.23097798922359,-0.04320108046456017,0.10793699336771466,0.1308337410033681,0.15678007542327113,0.008266953746734971,1.2925650824417536,2.2424960964123266,-0.6182539017635346,low_vol_meanrev,False,True,1.0
2022-04-27,49.86344680429046,-0.01996968623117512,-0.010720500525113641,-0.020171775378748556,0.00733768348767061,0.051030814669561275,0.026652081051014465,49.13879565750654,48.04381091500158,51.11182662670362,-0.038602239430947205,0.15465232994289985,0.1553634342667819,0.1565072187296916,0.008937820357287794,0.5167883374033785,1.3933784687054238,-0.6258772515652922,mid_vol_neutral,False,True,0.6
2022-04-28,50.606591061241154,0.014903587789818706,-0.007709233663358295,0.014793620582968561,0.021201957254412207,0.06844462452009292,0.04232248158879659,49.30088871520639,48.10488240994509,50.99569091717562,-0.03323422374494023,0.17021213416467118,0.16047917739375628,0.15925677565284502,0.01072846888351526,0.9506877454129984,1.8489456545846468,-0.6203014803398272,mid_vol_neutral,False,True,0.6
2022-04-29,50.85168868651336,0.004843195720802607,0.00497897697475147,0.004831505179598496,0.028527207578533664,0.08145871039799646,0.038120788563126284,49.49240379304229,48.165860198737626,50.88239177000276,-0.027317661937816484,0.16874001371021274,0.1555368508313578,0.1585823534049557,0.011659146769533953,1.0422796428658563,1.909190547161342,-0.618462526094214,mid_vol_neutral,False,True,0.6
2022-05-02,51.594149847335615,0.014600521241277198,0.01007764619131124,0.01449495989098411,0.03933730620976705,0.10122582673516334,0.0571914641212703,49.7295331967577,48.246769598991015,50.76806707960075,-0.020456439304941454,0.1788205529410856,0.15719046379049767,0.16084560385199345,0.012512954044201609,1.5188912336126963,2.2545178679572992,-0.6128918801021094,mid_vol_neutral,False,True,0.6
2022-05-03,51.02112347757357,-0.0111064213957901,0.002783619167337159,-0.01116855820061883,0.02274455869530012,0.08508527210275396,0.0673764616104029,49.92957029456408,48.31868338158307,50.64554414124207,-0.014136956346668117,0.1937836188790211,0.1671318816696961,0.15655858442495385,0.013983680265685675,1.0106830075682984,1.7656971201438674,-0.6171912660074274,mid_vol_neutral,False,True,0.6
2022-05-04,51.05462905534043,0.0006567001171895459,0.02388888709850412,0.0006564845840228627,0.012912285746706553,0.08068328101453481,0.08981308927606979,50.12015596640393,48.38981615597506,50.52442748010353,-0.008001506080574705,0.18854763061300245,0.16756708464435835,0.15027798093120234,0.01327696642616897,1.0351664746432652,1.6934027262450624,-0.6169398754669533,mid_vol_neutral,False,True,0.6
2022-05-05,49.22496749308343,-0.03583732946671181,-0.027301257389294675,-0.036495253241007795,-0.03480001928013532,0.015138884605185199,0.05571914819269108,50.15686085052733,48.41429285056896,50.39688239458438,-0.004762626826353866,0.2546220905180097,0.19948481862640413,0.16822273995069462,0.01831518541740068,-1.1013402333395221,0.5140648044182202,-0.6306677273554038,high_vol_defensive,False,False,0.3
2022-05-06,49.75704368743224,0.010809071522973834,-0.021526227099935902,0.0107510710889534,-0.016654428714268144,0.02275938287996948,0.06068380664464312,50.212222826531345,48.46496631447855,50.276256683752734,-0.0012736401125520436,0.2626368970463207,0.20248065792763484,0.1691146565302221,0.022125834936085435,-0.586846769433251,0.8184715248011603,-0.6266755884046458,high_vol_defensive,False,False,0.3
2022-05-09,50.11981579471892,0.007290869400633504,-0.028575605121494818,0.007264419496381657,-0.018785933768300622,0.017434998065120055,0.06702174622960655,50.25516605597926,48.52364858549955,50.16187827156896,0.0018597346755091504,0.2602823729184467,0.19939991730573295,0.1695991930211606,0.024725156938981942,-0.18209431081540262,1.0072708100878929,-0.6239537288756358,high_vol_trend,False,True,0.3
2022-05-10,50.69126083649287,0.01140157905037964,-0.00646521712180026,0.011337070914632486,-0.0036995946567642823,0.03404299744339845,0.05554342006837065,50.338609513713905,48.59009522012307,50.05013932216862,0.005763624146746693,0.2679948410768801,0.20147761742364337,0.165149467633158,0.026904930116431133,0.5115804367934638,1.3093285506937737,-0.6196662075888109,high_vol_trend,False,True,0.3
2022-05-11,50.71418967406659,0.00045232328404054556,-0.006668139355293756,0.00045222101670133996,0.017061453314994868,0.024524328346930524,0.052493512701139444,50.39930750813937,48.656288320895804,49.98089158281559,0.008371517835580988,0.2444759746644303,0.19927525952227904,0.16507662791211822,0.02845656379614789,0.4737680297321196,1.2679456395679094,-0.6194941737587958,high_vol_trend,False,True,0.3
2022-05-12,50.772083437090565,0.0011415693200671484,0.03142949650956117,0.0011409182252770037,0.0032701743464431665,0.024541465697563103,0.06769427835586495,50.46011623993711,48.7088434892773,49.91754172136847,0.010869415837766905,0.2333317687404222,0.19927508670134816,0.1624707492873043,0.02961446742323133,0.4885704516619048,1.2516245626741616,-0.6190597999814521,high_vol_trend,False,True,0.3
2022-05-13,51.24783849680803,0.009370406481486127,0.02996148281519262,0.009326776564273909,0.007790298031926213,0.036539741059515185,0.07206773042993975,50.5504447953391,48.78288960352281,49.85815803596561,0.013885125055644876,0.23681273073917053,0.20078401670905435,0.1631333194091705,0.030311039732164705,1.1355785957830717,1.468967192243173,-0.6154902354621397,high_vol_trend,False,True,0.3
2022-05-16,51.17736243260006,-0.0013752007162673996,0.02110036960655748,-0.0013761471725835261,-0.008078191344731978,0.030941340578486187,0.0763151071817687,50.62724335499562,48.86226846261448,49.80123118388266,0.016586179728429684,0.22413192682467598,0.20092762417988733,0.1626589294816551,0.030542991462298316,0.9323515594457152,1.3651960957696114,-0.616019013565744,high_vol_trend,False,True,0.3
2022-05-17,51.64811228669769,0.009198400068342716,0.018876063337449622,0.009156352437039203,0.012288808367767912,0.03531287058628396,0.0890382554589586,50.715325091300755,48.958765031395075,49.74785680187896,0.019447436565453335,0.22093942220951898,0.20242956035586235,0.16325432463254202,0.030069988212603982,1.541967991834333,1.5685225695230716,-0.6124870028338849,high_vol_trend,False,True,0.3
2022-05-18,51.49028035298237,-0.003055909049283323,0.015303225466158699,-0.003060587873814938,0.008533042070871133,0.021555508895085618,0.08405176701207417,50.76964907010048,49.06980594042164,49.68960866279048,0.02173573985336641,0.22203056344434782,0.2005045702743272,0.16351801527526008,0.02922905170197741,1.1549143990721789,1.428320051453614,-0.6136712073086397,high_vol_trend,False,True,0.3
2022-05-19,51.44707505689938,-0.000839096151483365,0.013294542475200233,-0.0008394483897140289,0.04514187976108208,0.008770922194919484,0.07178877028792319,50.79201481650297,49.169166187787795,49.63672768525017,0.02327484475968178,0.08991860005114566,0.19655785816805443,0.16244733726462063,0.027366254186579914,1.0228110363631542,1.351677348681714,-0.6139953743117943,high_vol_trend,False,True,0.3
2022-05-20,51.63489979706471,0.0036508341816827716,0.007552734156403229,0.0036441860624457844,0.03774050808623075,0.02045753277040019,0.09341834899022672,50.84377212245508,49.270952545120714,49.60394223549422,0.024994583718261243,0.08260301164179171,0.1943003880412909,0.15840394661053947,0.025428694179581414,1.1888870726239138,1.4094386503106686,-0.612586135430044,high_vol_trend,False,True,0.3
2022-05-23,51.27739080773562,-0.006923785864486498,0.001954543383655194,-0.006947866486921634,0.023096154578019723,0.003876337979513922,0.08671458449292091,50.853672171393306,49.36350407489269,49.56869799889503,0.025923097123247363,0.0952651106993993,0.19362445497123412,0.15928497164275152,0.022254113609679948,0.6318703643193947,1.1548955281372586,-0.6152685060692595,high_vol_trend,False,True,0.3
2022-05-24,51.34967718103239,0.001409712392890894,-0.0057782383992796005,0.0014087196812246664,0.012988754544166259,0.009241106760492501,0.08403711358694399,50.87718131334997,49.447810786733505,49.54205492041341,0.026949354343120513,0.08062125509546622,0.19302193104406265,0.15920334870130484,0.018413785982724883,0.69514230261861,1.1535708308373531,-0.61472614531433,high_vol_trend,False,True,0.3
2022-05-25,50.86921086141656,-0.009356754433371695,-0.012061878228437961,-0.009400803848499412,0.0030567615956456073,0.020170367705899528,0.07308744306071868,50.92746951620627,49.516279262897775,49.51200637902987,0.028588280716006276,0.09691090423538394,0.18139803097426158,0.16071854805273594,0.016891552006969904,-0.09151514546201896,0.8275486650037556,-0.6183310581622223,high_vol_trend,False,True,0.3
2022-05-26,50.9995626083853,0.002562488089776993,-0.008698501285430593,0.002559210515141828,0.004480398594959967,0.007765224625950307,0.05930579750159404,50.94711809356348,49.58201375615934,49.481490116604334,0.029619721910260965,0.09750802701981082,0.17404864316060956,0.15793313106422704,0.01594690397751716,0.08295221819229293,0.8713023961354517,-0.6173530360445252,high_vol_trend,False,True,0.3
2022-05-27,51.02978143816751,0.0005925311558896418,-0.011719173684376916,0.0005923556786180372,-0.004254951331344459,0.003502199361599123,0.07328235587189713,50.95602273114619,49.6570141152842,49.45890348880566,0.030269964288217155,0.08409229762702385,0.17327617883690422,0.15543232082538502,0.01438586728103213,0.11669482733174905,0.8553490563925633,-0.6171263057966749,mid_vol_neutral,True,False,0.6
2022-05-30,51.27988896137051,0.004901207023707332,4.8718423374172204e-05,0.0048892352101850885,0.0020033570293012115,-0.00609101781684529,0.08624456248212331,50.94030968684794,49.74057751863351,49.43184483528933,0.03051605410611158,0.08789920739578212,0.16587102835587259,0.15463242230023871,0.01343694178526592,0.5484689884809162,0.9756678003252182,-0.6152497625574529,mid_vol_neutral,False,False,0.6
2022-05-31,50.76114973533083,-0.010115841444790274,-0.01146117128695312,-0.010167354260282367,-0.017173184306201628,-0.00509541390943713,0.08410059192931052,50.9273109997358,49.80106805025685,49.395204998288676,0.031017302215877063,0.0860774744201108,0.16504656416862912,0.15520169975743064,0.013635594332398889,-0.2679662970671678,0.6165647597896404,-0.6191418349552671,mid_vol_neutral,False,False,0.6
2022-06-01,51.2085006382893,0.008812859938968298,0.006669845494499116,0.008774253346012575,-0.005472483598096045,0.0030138615400003843,0.11472503782346122,50.93500457888324,49.87070513303963,49.367630571025245,0.0317490223802217,0.10034737875850784,0.16812085936906945,0.15002859625670636,0.013586970565653065,0.43921380676504934,0.8685588555295756,-0.6157853852901154,mid_vol_neutral,True,False,0.6
2022-06-02,51.000510643666615,-0.004061630237757186,1.8589086510312214e-05,-0.004069901060797886,-0.008680073896113139,0.03606997101283338,0.09727924130846466,51.0237817364124,49.94491963550418,49.334906233239145,0.034232871451884694,0.10191646636749709,0.1029922608123701,0.1490645212796185,0.023654797329126863,-0.04897587413598338,0.7026585077130766,-0.6173459229870093,low_vol_trend,True,False,1.0
2022-06-03,50.94894113466323,-0.0010111567188747506,-0.001584178909373457,-0.0010116682827063573,-0.013284787325964276,0.023954346136767057,0.09460316149504777,51.083376608773946,50.01168528966994,49.30154242552174,0.03614155045846634,0.09878707678464972,0.09767791560226449,0.14915977688146154,0.030398295250048932,-0.36205360750936677,0.6374747388030283,-0.6177328462279859,low_vol_trend,True,False,1.0
2022-06-06,50.88981844903287,-0.0011604301152027263,-0.007606695728835877,-0.001161103935560258,-0.007558347891684858,0.015363237915074102,0.09089005372861392,51.12187674148966,50.08496052783631,49.27203439234715,0.03754345384670832,0.09373908195048246,0.09526788591077318,0.14925548912531353,0.03548335771731747,-0.7760336252613962,0.5671993457849841,-0.6181764405452757,low_vol_trend,True,False,1.0
2022-06-07,51.44305621457175,0.010871285895683647,0.013433629513838419,0.010812618279142148,0.001818493098021845,0.01483086760267871,0.09141348919545145,51.15946651039359,50.166578693771086,49.25142114759637,0.03874091992349227,0.11037846936834736,0.09449919777177115,0.14938210442611374,0.03919739499942074,0.9808030652549284,0.9277365847278419,-0.6140255274687358,low_vol_trend,True,False,1.0
2022-06-08,51.712858818357546,0.005244684582121906,0.009849110475441902,0.0052309791235913405,0.016584648015070202,0.01969210492584561,0.08993573571389746,51.20939996760815,50.251987442321834,49.23574153906151,0.04008588815466152,0.0986858604258967,0.09581874434147808,0.14920918203584543,0.04185912952059443,1.710227937530956,1.094042523637733,-0.6120012131035584,low_vol_trend,True,False,1.0
2022-06-09,51.61264177152189,-0.0019379521675192413,0.012002450958425781,-0.0019398324264483333,0.012021263159535334,0.016555521805065032,0.08173489555756097,51.251427884329715,50.33694567960739,49.215915866621465,0.04135881618508597,0.10011371982364958,0.09637723413995467,0.1491163658956614,0.04367918881252011,1.251580911778698,0.9951482487507,-0.6127531361936193,low_vol_trend,True,False,1.0
2022-06-10,52.136215663606855,0.010144295546868465,0.023303222844328397,0.010093187526755157,0.021682127460804557,0.017334919732354237,0.10271735355738976,51.29584674266965,50.43924225028363,49.20203045571128,0.04255548536443232,0.10949759758174024,0.09732038447495368,0.14857572153582058,0.044664002054238906,2.4018529278764325,1.3975724091924162,-0.6088247895575694,low_vol_trend,True,False,1.0
2022-06-13,52.267975555526014,0.002527223931428013,0.02708119518786245,0.0025240358711932855,0.0192685010472593,0.021310459763577594,0.10968297747744771,51.350377398815944,50.54757052593359,49.19293199096472,0.043856816833919954,0.1084826363370722,0.09710790953094346,0.1481507183785186,0.04501020460465996,2.2367924298634394,1.5278486111388156,-0.607836202204358,low_vol_trend,True,False,1.0
2022-06-14,52.3040040976106,0.0006893043340909788,0.01673593962706632,0.0006890668729741992,0.030394393553420773,0.01269924072485118,0.09567876070112202,51.3831719893616,50.653242977456884,49.1868323004687,0.044653001345483556,0.08614527720865284,0.09223958862418352,0.14614152560332977,0.04490361859619433,2.007729349501228,1.5991328970227092,-0.6075658819988639,low_vol_trend,True,False,1.0
2022-06-15,52.09756678993522,-0.003946873881588875,0.0074393096875375875,-0.003954683343721711,0.017361690745953062,0.011794195580014488,0.09158238869480795,51.413536311209235,50.750336000884715,49.18147139331252,0.045384264737557745,0.08589969069606022,0.0927667127850301,0.1465356625289043,0.04419393745033474,1.4091277340698307,1.451733452025761,-0.6091147699694468,low_vol_trend,True,False,1.0
2022-06-16,52.35216835009041,0.004887014420112523,0.01432840004280811,0.0048751117284733195,0.02650282692006045,0.017592706527825186,0.10705023873416808,51.45879097586878,50.827561971674214,49.19682015882075,0.04597798820626564,0.08056959030712257,0.09380728239702459,0.14499128875488215,0.04303023567024696,1.6889409283741774,1.7010528213030196,-0.6072045082136786,low_vol_trend,True,False,1.0
2022-06-17,52.037665472852034,-0.006007447010317191,-0.0018902444203217073,-0.006025564315717633,0.021368929637049616,0.007800260625473676,0.09298352916759423,51.47892925965815,50.89531919778422,49.21707422565306,0.04595671460751238,0.090219170723351,0.09626823837984055,0.14545862851358213,0.04125423239730757,1.0280669225711092,1.3354469549882955,-0.6095642063164763,low_vol_trend,True,False,1.0
2022-06-20,52.93548485124923,0.017253260119164837,0.012770903954642199,0.017106112730274986,0.0401979504852259,0.03233577249924102,0.12089572428332662,51.56183396183384,50.968809870693995,49.256142668971215,0.0468102284898384,0.11528132671755717,0.10923289755582315,0.14756481719825057,0.03844418080212272,2.178310703468772,2.260941239558998,-0.602827916008222,low_vol_trend,True,False,1.0
2022-06-21,53.80509742174192,0.0164277813443352,0.028699395964598695,0.016294305172123876,0.04591564694986183,0.047817637334953256,0.13603583847351963,51.684604973869305,51.064463985492836,49.29836245682798,0.04840409291750869,0.1273361051346991,0.12121024306434271,0.1505133389714714,0.03485501037387998,2.6417960562184595,3.0007332060201426,-0.5963032598563311,low_vol_trend,True,False,1.0
2022-06-22,53.50783644089716,-0.005524773582598175,0.027069779605031208,-0.0055400915892319215,0.03471046976622394,0.05187077870480494,0.12784792327759398,51.81653625284334,51.144616118599636,49.347750997735666,0.050028323585019185,0.13676645589779368,0.11698446489735351,0.1513361549076707,0.03177315728754202,1.9325399154554628,2.491740875495946,-0.598533592941658,low_vol_trend,True,False,1.0
2022-06-23,53.55250049408241,0.0008347198495790575,0.022928031098255808,0.0008343716647098262,0.03758495314283383,0.05005803491493799,0.13064089247327915,51.94418314712819,51.22454795245856,49.39775840178868,0.051549398752622544,0.13439503215107299,0.11714411958614783,0.1511634232538513,0.02883571641034615,1.7220709709841289,2.376206320102047,-0.5981984809627471,low_vol_trend,True,False,1.0
2022-06-24,53.13740582297153,-0.00775117253687807,0.021133545099044193,-0.0077813690146749295,0.019203353113017574,0.04130185012369325,0.13006887007169565,52.049564366368394,51.29847072114263,49.43928879975514,0.052797595393932584,0.14036614215359727,0.12253849111869355,0.15129944654221653,0.025417370506754428,1.1521455378564045,1.8729608917645788,-0.6013129138623845,low_vol_trend,True,False,1.0
2022-06-27,52.50529830995464,-0.01189571645862375,-0.008126619459582374,-0.01196703666120028,0.004540500218465748,0.023896489898939555,0.12067338468495126,52.110834833797604,51.355748862552325,49.476311453455274,0.05324817681327665,0.15642765456963745,0.13153676051662563,0.15356714567553673,0.022582716667572347,0.42356927228726987,1.18926019730704,-0.6060555823947924,low_vol_trend,True,False,1.0
2022-06-28,52.17077233161426,-0.006371280406132995,-0.03037491182884189,-0.006391663637452668,-0.002547257486208987,0.027769713720694256,0.10953528328601791,52.181315963611766,51.40143475797272,49.52001422432384,0.053741942141460886,0.16015519920080365,0.1278796684772355,0.1544655042209769,0.019090920834520568,-0.012043971797746331,0.8101868422372333,-0.608565512743786,low_vol_trend,True,False,1.0
2022-06-29,51.74232082519558,-0.008212481572925645,-0.032995458854923165,-0.00824638977431585,-0.006818859049061654,0.01042444477484139,0.09523978670118272,52.208006972957094,51.42820515893687,49.56896600790926,0.05323978242004768,0.16431976730622966,0.1290667391136756,0.1556822519647198,0.013963018000273074,-0.5465594293239802,0.33427315147943876,-0.6117801612573852,low_vol_trend,True,False,1.0
2022-06-30,51.45985002783128,-0.00545918298327952,-0.039076615413735305,-0.005474138778485171,-0.01704453416890017,0.009006564412148865,0.06122761313235614,52.23097394216533,51.437406956916504,49.61729497450191,0.05267677266579285,0.16278366347893505,0.12982215682124382,0.14743684579929958,0.014878544187935109,-0.9364177268400338,0.02393501314010026,-0.6138995243948204,low_vol_trend,True,False,1.0
2022-07-01,51.78081817938648,0.0062372539247901315,-0.02552980565337637,0.006217882763369266,-0.004935795853477587,0.016327661109276415,0.06435820381237445,52.27256779440148,51.461028246943776,49.665999702696034,0.052481941515494235,0.16523636151885934,0.13125954762760594,0.1477536736278175,0.015563742313109608,-0.6346015150438812,0.3434955381513042,-0.6114913176879888,low_vol_trend,True,False,1.0
2022-07-04,51.60217371944224,-0.003450012306204786,-0.01720063726104326,-0.003455977322198661,-0.025187473687142803,0.013997991977959368,0.04752694490008036,52.308185557921945,51.4714839247532,49.712304529510504,0.052218078662405576,0.13260470226324306,0.13197259274222795,0.14607473204545504,0.015967517570819007,-0.9770446747196875,0.1405949764396928,-0.6128316774230327,low_vol_trend,True,False,1.0
2022-07-05,52.1771473199083,0.011142429843985946,0.00012219463138318787,0.011080810277857968,-0.030256428848612904,0.014269974596272439,0.06435336037020489,52.34489011318878,51.49743698431339,49.75383748411593,0.05207744286860394,0.11260927652720333,0.13225220858809242,0.14709970119736596,0.016114825956670853,-0.24155205470690855,0.7302456348711823,-0.608517681550905,low_vol_trend,True,False,1.0
2022-07-06,51.87416270217479,-0.005806845205159394,0.002548047224720129,-0.005823770484232895,-0.03053148561756669,0.003119221940210748,0.047958018112278955,52.352955307379645,51.53765130227108,49.79073110863633,0.05145986294422755,0.11279195171536702,0.13307683008713503,0.14663948068266724,0.01616173292051473,-0.6963102764713721,0.37317877056088455,-0.6107909587746958,low_vol_trend,True,False,1.0
2022-07-07,51.89446899036588,0.0003914528376616211,0.008445787585846798,0.0003913762399884968,-0.0309608606212467,0.005460430025875818,0.04719034007860534,52.367046668321834,51.56340886085357,49.834145635399324,0.05082661698374302,0.11238313479344668,0.1328397072124404,0.1466407400680907,0.016007068158155877,-0.7007328358405931,0.37074621395054663,-0.6106386017910647,low_vol_trend,True,False,1.0
2022-07-08,51.999046283635295,0.002015191508922154,0.004214458402198362,0.0020131637342924846,-0.021422941555120478,-0.0026309807535054297,0.051733683822356324,52.36018819932326,51.586356012796,49.87610810576682,0.04980501061327258,0.11180067500768706,0.12789614312446795,0.146515094333926,0.015499108765430673,-0.5329988536534493,0.4642044755802113,-0.6098539640074919,low_vol_trend,True,False,1.0
2022-07-11,52.31388565660369,0.006054714374011061,0.013792285980644525,0.006036458244307971,-0.0036455873885523626,0.0008783600395791957,0.053836009636431204,52.362483704377155,51.600750728981374,49.9237601639862,0.04884895553500779,0.10398810522780844,0.12946093898066643,0.14675778080182744,0.01484025782077775,-0.07175103868782604,0.7968320277539435,-0.6074917411954046,low_vol_trend,True,False,1.0
2022-07-12,52.38081235352006,0.0012793294949582368,0.003903337841814958,0.0012785118502635893,0.0040260094401269875,0.0014684966712321668,0.050000218794671314,52.366324117172624,51.6279445065003,49.97331394404169,0.0478857611046275,0.09852430740182465,0.12951497986976948,0.1465210310356641,0.013450942511139255,0.021394842041373083,0.8387150573126705,-0.6069895938029012,low_vol_trend,True,False,1.0
2022-07-13,52.56034395338135,0.0034274306142796362,0.013227803890467182,0.0034215703605628674,0.015809556184179563,0.008882893999869745,0.04278532854962891,52.38946297534493,51.65805880446113,50.02393748021808,0.04728787085307484,0.08657310475080301,0.12909976260408348,0.14528106684453485,0.011652989673111248,0.25299916112659226,0.9989234034790595,-0.6056425779049708,low_vol_trend,True,False,1.0
2022-07-14,52.63662748554314,0.0014513514643177405,0.014301302424253315,0.0014502992717257222,0.02286787577257643,0.005433569313700426,0.032095589323517526,52.40368593211756,51.72629200431032,50.07029242743963,0.04660235424147796,0.07728530673702093,0.1281142309313863,0.14344467308430864,0.00932176790375385,0.3437815162259971,1.0804825912189522,-0.6050702266829486,low_vol_trend,True,False,1.0
2022-07-15,52.39761449932326,-0.004540811173465165,0.007664913958496999,-0.004551151972138606,0.011911675821729695,0.006917086368123382,0.03553101923659674,52.42168338344112,51.77910342054813,50.12203486751334,0.04588098871098101,0.08067496561421722,0.1272591893172467,0.14277575626708397,0.006326040133136437,-0.03581089590208394,0.7749200833925389,-0.6068635282103607,low_vol_trend,True,False,1.0
2022-07-18,51.72290789454027,-0.012876666451899332,-0.011296766712048267,-0.012960289353127956,0.0023397110314471448,-0.022906694065735755,0.012598389834408419,52.36105453560568,51.811165262544556,50.16740692402205,0.04372654968804501,0.10583282425014758,0.11892742202338151,0.14419626249047207,0.005165352479935766,-0.9412352060783986,-0.11589877278194678,-0.6119258154276723,low_vol_trend,True,False,1.0
2022-07-19,51.30628039236795,-0.00805498992867526,-0.020513846824292248,-0.008087606629593725,-0.016690581457067588,-0.04644201291538275,0.008388173978322477,52.23611368413698,51.82346565366206,50.206780436892565,0.04041950568400199,0.09371174472804038,0.10145283059708857,0.14495475594357823,0.007684834971432023,-1.4850436001461504,-0.6915252568761148,-0.6150517490759814,low_vol_trend,True,False,1.0
2022-07-20,51.45317862633226,0.002863162810496034,-0.021064651480041552,0.0028590717668786226,-0.008115486668373362,-0.038399194421445126,0.03188170742149765,52.13338079340873,51.83824543270738,50.24726687680159,0.03753664694303871,0.09308962461616209,0.10234263529904354,0.13882106047150633,0.009181236749643286,-1.187550023836292,-0.525567342222258,-0.6139495795599702,low_vol_trend,True,False,1.0
2022-07-21,51.341727416753216,-0.0021660704460736424,-0.024600741549134608,-0.0021684197698092077,-0.010651261769636378,-0.04128235015979287,0.014526494278629398,52.02284213954228,51.849638312300634,50.279240900788956,0.03467835248733753,0.09305919456629448,0.10181805956702707,0.13566017983966,0.010478485139683405,-1.3839832718065448,-0.705360778335813,-0.6147857919663797,low_vol_trend,True,False,1.0
2022-07-22,51.65436482583985,0.006089343401886049,-0.014184799834599526,0.006070878272779177,-0.006628611146353269,-0.027909548352293756,0.015784650619466323,51.94869008968569,51.85776883888126,50.32032922120204,0.032359900932396046,0.09888737472462501,0.1034443120626036,0.13586323708467923,0.011523350972647376,-0.6972670944740486,-0.2843146040909224,-0.6124400903703774,low_vol_trend,True,False,1.0
2022-07-25,51.17114661575882,-0.009354837905959479,-0.010667638407075963,-0.009398869221107654,-0.021843895296670968,-0.02540984885601294,-0.008198666570307656,51.881982504975895,51.85764452254444,50.35995649257946,0.030222941368519773,0.09989565168288173,0.10037062791113914,0.13394802852064264,0.01250881925774841,-1.6350401243067103,-0.9594123741590248,-0.6160656505038109,low_vol_trend,True,False,1.0
2022-07-26,51.54470054795566,0.007300089149884226,0.004646997477976811,0.007273572470300908,-0.015962177140771527,-0.012000431576498216,0.010261966705069181,51.85067891579297,51.8555762877696,50.407170659582334,0.028636962505972807,0.10982611902653844,0.10285056002330914,0.13279588335257594,0.013165840427729256,-0.7027487196491032,-0.4339978957182954,-0.6132628955247859,low_vol_trend,True,False,1.0
2022-07-27,51.48097123350885,-0.0012363892654204678,0.0005401533572577666,-0.0012371542252186873,-0.020535876265000308,-0.0050509831704236285,0.00835070562761886,51.83761143620863,51.85539010538013,50.462598022900885,0.02724816928140994,0.10630370441927087,0.0988922934632223,0.1328250373587174,0.013917378895071187,-0.8056271391594566,-0.5226356804483784,-0.6137410531292988,low_vol_trend,True,False,1.0
2022-07-28,52.166881099402914,0.013323561103439463,0.016071794311705245,0.013235583055598785,-0.00892432529552245,0.01373947011484189,0.05976466326225305,51.87296298978722,51.86978622623021,50.519476207009,0.026791385904956,0.13108001223238286,0.107804586935369,0.11256268712704334,0.01393980388824672,0.6692911411460324,0.4153639904059422,-0.6085947084489168,low_vol_trend,True,False,1.0
2022-07-29,53.20702557900241,0.019938789854381467,0.030058655418522484,0.019742615548825986,0.015447479573513778,0.02754316076418606,0.06933655289575769,51.94427335976801,51.901228741868955,50.586090643494835,0.026848936120503097,0.1650592991912633,0.12648384694447648,0.11741387463313009,0.01374992836172174,2.3833098683860627,1.7672357818521425,-0.6007905605927869,low_vol_trend,True,False,1.0
2022-08-01,52.922616885497895,-0.005345322171453115,0.03422769247073476,-0.005359659520668822,0.023194925416872403,0.025588905871191114,0.05592201500218419,52.01029551807079,51.9341332634242,50.648818669158445,0.02688072268389141,0.15025203327303693,0.12761949357664723,0.11744452006796134,0.013555074422594463,1.6118904669076008,1.3230387586621082,-0.6029244636603037,low_vol_trend,True,False,1.0
2022-08-02,52.89763212341701,-0.000472099898894629,0.026247733735549117,-0.00047221137313793043,0.031016704365997683,0.013808436078179609,0.04352567386399997,52.04631975824623,51.96509236227189,50.7064515745027,0.02642401789395321,0.14004407547609637,0.12228025757661426,0.11542809057405083,0.013184521164085023,1.4209098732599845,1.2360452621519376,-0.6031119229808632,low_vol_trend,True,False,1.0
2022-08-03,53.17216315957366,0.005189854916683778,0.03285081624419717,0.005176434034582483,0.03340871408013779,0.02502209943803968,0.048467174597566,52.111219781116176,52.01115140823504,50.76371533556641,0.026544637969113882,0.14042322938345894,0.12072281476008276,0.11578609212017525,0.012700666081261566,1.637700761368151,1.534754740255239,-0.6010521314429722,low_vol_trend,True,False,1.0
2022-08-04,53.22867497572904,0.0010628082966230856,0.02035379255859482,0.0010622439157357965,0.03675270883776505,0.025709984345554382,0.0483846904112637,52.17793008038433,52.05573365558191,50.81887370587062,0.02674314236831865,0.1377977647670952,0.12068198215382327,0.11578525643657879,0.012180922406833973,1.5194056237175857,1.540675135909419,-0.6006281263383497,low_vol_trend,True,False,1.0
2022-08-05,53.44177397300023,0.004003462370016919,0.0044119811517984164,0.003995469839305193,0.03460325479147586,0.027745272124711562,0.042810302649717524,52.25006646485258,52.103973506278564,50.88049381078139,0.026917440289877526,0.13716005056128205,0.12104465144374917,0.11460766759936111,0.01193298624901302,1.599429998352903,1.7344026181797214,-0.5990292560705022,low_vol_trend,True,False,1.0
2022-08-08,53.82466734819238,0.00716468310699403,0.017044706323690262,0.0071391387041125605,0.051855799760726295,0.028879171803556813,0.051728045169947556,52.32560554943201,52.154869074015004,50.947723296324256,0.02704502113065299,0.11769659357534121,0.1216736410673518,0.11527380616552155,0.011593175659486345,1.818654773146666,2.0890851421703314,-0.5961564277550717,low_vol_trend,True,False,1.0
2022-08-09,54.38186546832961,0.010352095936472905,0.028058597054962497,0.010298879940968817,0.05504280537500339,0.038202025224510994,0.052930360096355544,52.42565820517249,52.22728338867498,51.01417571946592,0.02766843658257878,0.12026823436806645,0.12569808509656225,0.11565358288911112,0.011381889861390377,2.0721097414279703,2.584285405857248,-0.5919758003518643,low_vol_trend,True,False,1.0
2022-08-10,53.47451813684946,-0.01668474083531679,0.005686339605338597,-0.01682549899579654,0.03872395674701279,0.0173928500977647,0.03853616197590126,52.47136691434589,52.27260373864618,51.0716544358429,0.02740683641375541,0.16191989923460298,0.14172156072482514,0.1208917240382995,0.012477016363987837,1.031381797323141,1.4329177492200396,-0.598783578377531,mid_vol_neutral,True,False,0.6
2022-08-11,53.66572680928263,0.003575696969233766,0.008210834362359698,0.003569319363228713,0.028731748540298918,0.0195510117744937,0.04312493470094214,52.522821880532874,52.3259080619585,51.13541384873133,0.027132038784427825,0.15311092233709325,0.14203137452665507,0.12099659633432071,0.013528453422768396,1.1333902037786323,1.5931614757541035,-0.5973489500347288,mid_vol_neutral,True,False,0.6
2022-08-12,53.552531839083365,-0.0021092599863883343,0.00207249606158455,-0.002111487608207013,0.006493621026943952,0.022041410678629747,0.03713829308385064,52.580567747520874,52.3779798760469,51.19483258285842,0.027067871789983045,0.12095013776591466,0.14103049595399345,0.12097903861666703,0.014412738156044836,0.9403670427863224,1.4073869804017525,-0.5981982457828978,mid_vol_neutral,True,False,0.6
2022-08-15,54.11652869471676,0.010531656231083764,0.005422445895230998,0.010476584665340809,0.022559576216761634,0.04627776932141825,0.05536822061844915,52.7002487875297,52.442514080960585,51.26373730439845,0.028021981202841495,0.12501887515165203,0.13452753445424545,0.12160725185204072,0.014910741175238542,1.3272214206375266,1.9884652490528085,-0.5939666078344368,mid_vol_neutral,True,False,0.6
2022-08-16,54.92473062691944,0.014934474765776695,0.00998246665344693,0.014824053528857344,0.03832115771785305,0.07052645810374814,0.06962173166704178,52.881171299257275,52.512147569207535,51.339363131489314,0.030031696416239484,0.1387546933780183,0.1358053085664086,0.12494923559427991,0.014855549194687368,1.818803938271355,2.682069169604895,-0.5879027123850775,mid_vol_neutral,True,False,0.6
2022-08-17,54.046169082908335,-0.01599573696553569,0.010690156096328618,-0.016125049587170363,0.016437283559664895,0.05039514614650176,0.062453459915994936,53.010820822086075,52.558813774498546,51.40540060841019,0.03123057489436687,0.17004972401320997,0.1523711483559066,0.12803692709992273,0.015910619248639957,0.9416805857139033,1.6209992046303292,-0.5944945122019765,mid_vol_neutral,True,False,0.6
2022-08-18,53.726180827364665,-0.005920646383887118,0.0011264921147322582,-0.005938242900232798,0.009346575917256406,0.04644279673833851,0.05346356085279558,53.13004349261665,52.60108455561541,51.4690151176114,0.032272394783728675,0.17432331992800051,0.15446621917644737,0.12878480981835927,0.016656354459708526,0.5751858768331869,1.2206081738945385,-0.5968953668019542,mid_vol_neutral,True,False,0.6
2022-08-19,52.94884746029677,-0.014468427777616588,-0.011272751409785231,-0.014574116147192263,-0.009223618081100726,0.025060469503815463,0.03760678505853643,53.1947676243395,52.617337191549204,51.52828972091642,0.03234102882996748,0.18938038172221305,0.164705531021043,0.13258158692065672,0.018044049643924476,-0.2513995179107469,0.36012192946474814,-0.6027276570742028,mid_vol_neutral,True,False,0.6
2022-08-22,53.41716438022524,0.008844704698806272,-0.01292330331157776,0.008805819415893552,-0.007570933329341334,0.04389226962865678,0.041678628057575384,53.30706851256282,52.64032096804319,51.593945746988396,0.03320394943188498,0.19154951649554997,0.16174857042232713,0.1333657038560901,0.018290510349109047,0.12879717268768728,0.8389423132611873,-0.5992139005160211,mid_vol_neutral,True,False,0.6
2022-08-23,52.69577405061485,-0.013504841336681728,-0.040582021083452435,-0.013596861120644321,-0.031004663102200625,0.02233155863595071,0.03811230292007117,53.36462218769577,52.648156367103276,51.650699672280076,0.033182948658786904,0.190463652350182,0.16971011869373104,0.13471531602556078,0.018933500820305513,-0.8756824577074233,0.05149347828519856,-0.6046264531994998,mid_vol_neutral,True,False,0.6
2022-08-24,53.554308040189234,0.016292274001891593,-0.009100756835596857,0.016160979048550746,0.001492110749564457,0.04027384792870525,0.04580894524660106,53.46828902802979,52.677291192108356,51.713813596496536,0.03392663022732689,0.19635785203880607,0.1776486378268921,0.1374923239523648,0.01931294954006816,0.13823230109113416,0.9430646609555721,-0.5981849190419264,high_vol_trend,False,True,0.3
2022-08-25,53.65537562595899,0.0018871980512549236,-0.001317890092228824,0.0018854195302752633,-0.00019288257029348443,0.028533324116498004,0.052055654909840765,53.5427137543576,52.70335533762572,51.765458654649976,0.03433283787871888,0.19573134850222598,0.17257649021530894,0.13713697222450433,0.01932749746970779,0.2077436772421377,1.0139889752970261,-0.5974266144041774,mid_vol_neutral,True,False,0.6
2022-08-26,54.76488137347448,0.020678370705109694,0.0342978931607425,0.02046747555432366,0.022638510127476863,0.02927913705980334,0.07489734141334425,53.620606544081205,52.75789965563818,51.826609426711194,0.034615367225728555,0.220549698260689,0.17364327001718527,0.1429386973766725,0.020225763169683553,1.9060656009828436,2.052475920251842,-0.589102052700816,mid_vol_neutral,True,False,0.6
2022-08-29,55.08516669704859,0.00584837062623933,0.03122596147093204,0.005831335293770614,0.01789911558806967,0.04086248826715311,0.08243983523378917,53.728734034658736,52.800893292554164,51.88485158162407,0.03553797296950756,0.21689475776243364,0.17233091735932143,0.14315661205670738,0.020773565777348797,2.055807265467152,2.214336803222078,-0.5866989692154493,mid_vol_neutral,True,False,0.6
2022-08-30,54.731358477807305,-0.006422930898750345,0.038628988070983805,-0.006443646671039639,-0.003520675420797814,0.0346655659389814,0.06392120735439732,53.82042035237826,52.819418513675465,51.941941249584154,0.036164976849207386,0.20712377802237497,0.1747681905999147,0.1426359552968845,0.02089172987600181,1.3685584763897234,1.8071869104348497,-0.5893535731765608,high_vol_trend,False,True,0.3
2022-08-31,55.26317691567397,0.009716887222565473,0.03190908328424924,0.009669981878438129,0.022517929640835543,0.03932534679518351,0.06865445420039507,53.924971040183266,52.85452532317101,51.99957072088532,0.03702723489070303,0.192162026689312,0.17667389809560366,0.14348657106367038,0.020658451086976434,1.8575814215953403,2.171599249077275,-0.5853633681587679,high_vol_trend,False,True,0.3
2022-09-01,55.13939309139888,-0.0022398970016502817,0.027658318446696528,-0.002242409323201386,0.0263039777306191,0.03589640577266073,0.06833115296615033,54.02050694596676,52.886263175117335,52.05540556378796,0.037750188686375585,0.18861125904880896,0.17729149559515314,0.14351563352090668,0.020047812339336633,1.493206862245522,1.9567963968187392,-0.5862921115072035,high_vol_trend,False,True,0.3
2022-09-02,54.27129835148487,-0.015743639732759718,-0.009012765290653535,-0.015868887134728855,0.02497600900906738,0.015522021759676763,0.04095200736574345,54.06198316489099,52.9089410256876,52.10370587341512,0.03758422282348706,0.19193380602481588,0.18762746942588707,0.14635841029537355,0.019712562768284637,0.28344169516442164,1.1668624431052057,-0.5928053794582347,high_vol_trend,False,True,0.3
2022-09-05,54.16701822300622,-0.0019214599916753672,-0.01666779877588298,-0.0019233083640203571,0.014037694652668131,0.0063604828730137175,0.036332814640253064,54.079100708631685,52.94217542394864,52.14896214325047,0.03701202259939951,0.1896200497317192,0.18633073587819698,0.1464065583549342,0.018736012528451536,0.11934739031802444,1.0385260109464587,-0.5935877876304312,high_vol_trend,False,True,0.3
2022-09-06,54.46458015145805,0.005493415333049478,-0.004874323126063618,0.0054783815597482495,0.03356637477502922,0.0015209975313665858,0.04130804306713021,54.083236442788106,52.98805158034551,52.19474316915912,0.03618167575819897,0.17067862292943092,0.18366186072522972,0.14674457904420415,0.017401419814692516,0.5162566098470661,1.2373316513612642,-0.5913551965514616,high_vol_trend,False,True,0.3
2022-09-07,54.58365313462241,0.0021862462325650256,-0.012296140377315634,0.002183859873749374,0.019220584339558977,0.020741374329629414,0.047719816833508455,54.13869319267675,53.04487822653404,52.236541692735464,0.036414192791132116,0.15468968438831462,0.17261761164089756,0.14645005469939748,0.016672562242778365,0.6077263675430574,1.2818685611130747,-0.590461798389465,mid_vol_neutral,True,False,0.6
2022-09-08,54.59159875081944,0.00014556768813989152,-0.009934718354106864,0.00014555709419205483,0.01744882248867352,0.017252574344649663,0.042776268324808964,54.18498678975359,53.10751320099381,52.272460078955156,0.03658765452993129,0.15495577461303406,0.17238994371218205,0.14620968972431478,0.015773676090177137,0.55703316475834,1.2390867758138415,-0.5904021828602517,mid_vol_neutral,True,False,0.6
2022-09-09,54.18833264822989,-0.007386962679555187,-0.0015287215484999228,-0.007414381399191427,-0.010527708830642024,0.011872469653853246,0.04132904802387527,54.21677683021092,53.15566349037068,52.308345868657234,0.036484253704860636,0.11895094033011247,0.1746200778514902,0.14650863598064479,0.014596571763299844,-0.03980150676208752,0.8665663535352485,-0.5934278666490902,high_vol_trend,False,True,0.3
2022-09-12,54.386504897552335,0.0036571018084077256,0.004052035385121,0.0036504308708407486,-0.012683301901193822,0.004988793800108082,0.027411103353082167,54.230275640352694,53.21135011393289,52.34141701934304,0.03608726566022491,0.11587051588216983,0.17112931449818586,0.142550328218493,0.012169315622711058,0.21843915657087534,0.9936835639346194,-0.5919409909649644,mid_vol_neutral,True,False,0.6
2022-09-13,55.09223620958259,0.012976221093075058,0.011524114504860128,0.012892751242835227,0.006593619120958127,0.003049729707387039,0.023922246209344245,54.23865091948585,53.26965189172637,52.38354443801987,0.035413916743662455,0.13149713069245858,0.1690372049428141,0.14106993294861445,0.009031868317131538,1.1778700682262633,1.5159262382694105,-0.5866459270447046,mid_vol_neutral,True,False,0.6
2022-09-14,55.44952850950087,0.006485347564384014,0.015863272704428777,0.006464408181891233,0.003372075299095778,0.025965937094259983,0.03628799439028785,54.30881889081547,53.34115920787289,52.43940525507198,0.03564902436727535,0.12617763090437573,0.1589962343271145,0.14105077702402494,0.008360263825858512,1.4785684356321012,1.7229012517739934,-0.5839651822144358,mid_vol_neutral,True,False,0.6
2022-09-15,56.08256211946373,0.011416393015035053,0.027311223755320135,0.011351717773480147,0.017105176085298268,0.04385908798674332,0.047244509631457765,54.42663795542044,53.42492107045485,52.49416496565421,0.03681310086617451,0.13648516627157153,0.16041343822654006,0.14277196152525698,0.007766024554220253,1.9403532092799927,2.1003794193814493,-0.5792155652266573,mid_vol_neutral,True,False,0.6
2022-09-16,56.26512003408839,0.003255163596766142,0.038325360540989895,0.0032498770210844276,0.03673805018797682,0.06263162906951458,0.05886087517213223,54.592451584110016,53.51024254546391,52.548299279129964,0.03890044650392532,0.0955646239960384,0.14783553612126307,0.14173126279033837,0.00943851724296063,1.9157489067282722,2.1025752317932676,-0.5778458430524972,mid_vol_neutral,True,False,0.6
2022-09-19,55.61933318888514,-0.011477569848104774,0.022667908034448736,-0.01154394552936462,0.02681179458503191,0.04122586502317471,0.05930896460291324,54.70256002454302,53.57635149610954,52.58855111254545,0.040199033197802825,0.1200209929287202,0.15476816381035666,0.14157135203923785,0.009954550045214266,1.0712668340088705,1.5339361675099028,-0.5826911468755299,mid_vol_neutral,True,False,0.6
2022-09-20,55.92364915330097,0.005471406199394124,0.015091290550550696,0.005456492431285564,0.026789318815741536,0.06125491390610782,0.07193446931995218,54.86395377967732,53.64720823210516,52.637576369302735,0.042296351084905925,0.12000657204969502,0.14370800466398817,0.14101702047649334,0.01176242577876894,1.4017980667587113,1.6727723391824603,-0.5804078806294827,mid_vol_neutral,True,False,0.6
2022-09-21,56.11434121189459,0.0034098643683082575,0.011989510465897135,0.0034040639627938548,0.02804297604443895,0.047802562770192125,0.08449602408576329,54.991955438262586,53.71828817727542,52.688173490868266,0.04372483984083453,0.12002483748210525,0.1349303270576736,0.13971011485362297,0.01403631266190077,1.518630252929249,1.7171935031258947,-0.5789771284124181,mid_vol_neutral,True,False,0.6
2022-09-22,57.35765560176643,0.022156802753451776,0.02273600623998906,0.021914907364454384,0.050668178149031906,0.0690011006840523,0.11460984769184934,55.17706943705296,53.812708739599884,52.769500371955104,0.04562425355797717,0.15280426204188588,0.15206069308395867,0.1452791771103368,0.014448442032038374,2.5866116670515513,2.398587758869475,-0.5696486076919602,mid_vol_neutral,True,False,0.6
2022-09-23,57.080664528075374,-0.004829190990897625,0.014494672605210646,-0.004840889210865452,0.05337554669971878,0.04228591565474571,0.10235153740383973,55.292858594783,53.906369740174924,52.842736580361525,0.046366296921345196,0.14744583938555988,0.14006981973098748,0.14562199118856453,0.01557218423950141,1.9075846261948173,2.069620324820458,-0.5717268567586145,mid_vol_neutral,True,False,0.6
2022-09-26,57.129721611289405,0.0008594343394496828,0.027155816796201604,0.0008590652372220505,0.050439290388387015,0.03711625173951516,0.10711850864849404,55.39508634049504,54.01450601450992,52.91283563852724,0.046912070993987864,0.1489543901692485,0.1394217131653256,0.14524256237755245,0.016528730948324948,1.698768381167578,1.9881200500864715,-0.5713587841126488,mid_vol_neutral,True,False,0.6
2022-09-27,57.232066013069385,0.0017914388324229424,0.023396485736860706,0.0017898361197001807,0.038840859451528376,0.04569058040604057,0.09687993600279432,55.52012171725816,54.133021726923936,52.978243690293,0.04797965825037154,0.142571842519454,0.1359547543050525,0.14391482074395964,0.017441089164891364,1.5755486196633324,1.9590336092113116,-0.5705908995933312,mid_vol_neutral,True,False,0.6
2022-09-28,58.345661664744064,0.019457547652051987,0.0397638180304698,0.019270669804478655,0.052230077208807346,0.055778276261128745,0.12475380084154986,55.67424595471166,54.27087138769217,53.05455841019978,0.04937723775320757,0.1627234645920644,0.14697976995888812,0.14763975002048024,0.017387936243795542,2.1304285788529747,2.4804337120758873,-0.5622356515599437,mid_vol_neutral,True,False,0.6
2022-09-29,58.7707320212656,0.007285380684582954,0.0246362304155201,0.00725897049334657,0.04793236614396634,0.0658574337923421,0.13250473826365372,55.85581290120499,54.41945147978242,53.134544896041525,0.051214666663423225,0.15956060011481007,0.14657216735521286,0.1479937688623,0.01718143711869664,2.047266981618803,2.5488756434882966,-0.5590463716314195,mid_vol_neutral,True,False,0.6
2022-09-30,58.38670446164842,-0.0065343334413160425,0.02288060141504955,-0.006555775656172331,0.03770692084678151,0.07583024978526143,0.12284183335153576,56.061583206713166,54.55409827249859,53.20593355568994,0.05367163886024584,0.1693739411713684,0.13385025581309742,0.14905270727235792,0.01665834021477261,1.5720148372780316,2.1906011247824284,-0.561927709671338,mid_vol_neutral,True,False,0.6
2022-10-03,58.37751042674244,-0.00015746795423299265,0.021841324975167664,-0.00015748035361298488,0.04959026079098128,0.07773165926175918,0.11590851442275407,56.272107816899975,54.69822554871826,53.27793503563135,0.056199114685397955,0.14919073624597953,0.1330123924163107,0.14887027225384958,0.01584024290774633,1.4085014886950358,2.0881546453648148,-0.5619966920187022,low_vol_trend,True,False,1.0
2022-10-04,58.80855956081301,0.007383821799175294,0.027545634074849223,0.007356694838910916,0.051586590846455005,0.07975787929099942,0.12271186563338965,56.48930678736773,54.84350272897541,53.34953950837251,0.058852753143304515,0.1497070135101433,0.13350314413224926,0.14929142893839054,0.014764596340667518,1.512473189463258,2.2079695153146965,-0.5587625536451188,low_vol_trend,True,False,1.0
2022-10-05,58.4353235798449,-0.006346626813434453,0.001536736623470647,-0.00636685227042091,0.04136166116939677,0.07056454128716738,0.11177589765535756,56.681890309628855,54.982589775902134,53.41898994064113,0.061081281630622986,0.1603893070070969,0.13828711997180268,0.15022598294932699,0.014111700254599967,1.151058576461035,1.9188738951056745,-0.5615629230532462,mid_vol_neutral,True,False,0.6
2022-10-06,59.62135388801531,0.020296461720620718,0.01447356256243193,0.020093233811722174,0.039466367000173586,0.09213423406326537,0.13269707304843092,56.933378066488636,55.13167923167438,53.500732728952286,0.06416071635741827,0.15469808745449887,0.1499094170591778,0.1549240181292076,0.013036549737406684,1.7073027483554264,2.402462642615563,-0.5526642017040955,mid_vol_neutral,True,False,0.6
2022-10-07,58.96679224317618,-0.010978644431130613,0.009935271854721428,-0.011039354499661222,0.033043198265028995,0.0881824437368508,0.12537169500221745,57.172301046235965,55.24687456495785,53.574051653413406,0.0671640333663901,0.16702584263826944,0.15415557819041992,0.1566593015093834,0.011579832458611447,1.1990831941536397,1.9330140367316488,-0.5575753423749021,mid_vol_neutral,True,False,0.6
2022-10-10,57.17928343033263,-0.030313821472125357,-0.0205254898273447,-0.03078278712180399,0.0008675312542294478,0.051350579303469646,0.10549243570987077,57.311939972874974,55.33200789585455,53.63307057963937,0.0685933017348479,0.2380267574178292,0.19714203458397977,0.16744502376152723,0.015276351929966488,-0.0985840024458558,0.9653318673482588,-0.5709869244610155,high_vol_trend,False,True,0.3
2022-10-11,57.324153784512376,0.0025336161191360507,-0.025241321797137894,0.0025304119248075966,0.0016090240639217157,0.04051237939297114,0.11729311394477171,57.423535851621466,55.420538329076464,53.69281534567417,0.06948267625619797,0.23819581122835148,0.19328553775724672,0.16620432041753486,0.01775130302453551,-0.08012937296305422,1.0013506328072106,-0.5698999700175098,high_vol_trend,False,True,0.3
2022-10-12,58.87894899682537,0.027122863743573644,0.007591733728903094,0.02676155742630588,0.009140136847630487,0.06184760410968848,0.1443209257181406,57.59500687598769,55.5346740458215,53.77291272702826,0.07107842880600179,0.25779353097346874,0.21248361301731036,0.1740530398207829,0.02258877744816011,1.0798522717097507,1.7289097302728622,-0.5582344255081878,high_vol_trend,False,True,0.3
2022-10-13,58.72210477040708,-0.0026638421556530734,-0.015082668523382692,-0.002667396496707086,-0.0008274059074324658,0.04706530071362924,0.14375007863965217,57.72698400853485,55.64454264171505,53.85013814864848,0.07199323888797982,0.25586376160979907,0.2110389548503315,0.17411067660320675,0.026096208905075403,0.8590613276084784,1.57294741236879,-0.5594112192684354,high_vol_trend,False,True,0.3
2022-10-14,57.73251857951108,-0.016852021819808827,-0.02093167385763528,-0.016995632850036704,-0.011204363873063672,0.02608007491201758,0.11766970272821298,57.800353935805994,55.73035753384527,53.917165520061914,0.07202137535028985,0.2682240870835946,0.22173877139209888,0.1782762856995201,0.029979378320868232,-0.061322158245110614,1.0256640164056665,-0.5668360310148867,high_vol_trend,False,True,0.3
2022-10-17,57.97832800343223,0.0042577290921859134,0.013974371925684625,0.00424869061019756,-0.006837948730464283,0.04241321639969797,0.1330277282779715,57.918303676533334,55.81343074695006,53.984149910482536,0.07287608997408457,0.2695238838229695,0.2166120477577457,0.17677635159250576,0.0326307786248195,0.06125030537466802,1.105846560213506,-0.564991736182452,high_vol_trend,False,True,0.3
2022-10-18,57.72797518039027,-0.004318041441746079,0.007044524327317614,-0.004327391107228388,-0.018374610575273898,0.03226409675347153,0.11995946366361898,58.00851997788781,55.880352941191276,54.05381816493313,0.07316230281620051,0.26625330164782773,0.21741741505701187,0.1769325942314847,0.03459112503630358,-0.3251820465130466,0.940301048862885,-0.5668701198931182,high_vol_trend,False,True,0.3
2022-10-19,56.88935177990315,-0.01452715772321056,-0.03379131677485436,-0.014633710073191943,-0.026456117725255024,0.01381127446693231,0.10505591516257162,58.047270506288235,55.94864961405236,54.11062667634926,0.07275176932407623,0.27330181025358236,0.22472252267834045,0.18002481631342335,0.036214405831602924,-1.4707830300236653,0.48520563074841233,-0.5731622659760661,high_vol_trend,False,False,0.3
2022-10-20,56.633665249300016,-0.004494453225488471,-0.0355647933477945,-0.0045045836455820075,-0.05011104988200976,-0.012622383967243578,0.08562490330571482,58.01107098866491,56.0080083828527,54.166958222405604,0.07096785369552516,0.2418096861111625,0.21056630577100258,0.17882296337171832,0.03704994426126054,-1.6479944098924522,0.32710541749675437,-0.5750806682065102,high_vol_trend,False,False,0.3
2022-10-21,56.65400523026276,0.00035915000156205856,-0.018681210793929814,0.0003590855226381893,-0.039221855639960834,-0.0074746729271653045,0.06478429518940576,57.98973802377428,56.07003785067629,54.2240088633616,0.06944763471660487,0.2406868831183538,0.209972856081808,0.17462097878880975,0.037093372580660214,-1.542925194076548,0.3103755674930932,-0.5749280584278329,high_vol_trend,False,False,0.3
2022-10-24,56.40590098080478,-0.004379288780194668,-0.02712094461458714,-0.004388905953160603,-0.013525570855922653,-0.01266977345714193,0.06581844021136063,57.953546992250054,56.11582529639805,54.27916968867931,0.0676940587824999,0.19105732513800536,0.210414820519497,0.1744797010225649,0.036770849845449954,-1.6874318532820685,0.15589447926621744,-0.5767895712123354,high_vol_trend,False,False,0.3
2022-10-25,58.25481323257521,0.032778702575810614,0.009126217410859505,0.03225293928404853,0.016235031598744287,0.017870178219187016,0.10127449744176076,58.00468435322534,56.182426948511164,54.34728725885935,0.0672967737459571,0.2569854992184217,0.24145569616019602,0.18610176451376095,0.03769351736713439,0.2769293541574358,1.10424601661796,-0.5629172824401233,high_vol_trend,False,True,0.3
2022-10-26,57.94117916490247,-0.005383830970680292,0.01848900281143462,-0.0053983760175126926,-0.01592708171427215,-0.00693252057309357,0.08969008823313507,57.98446022823326,56.26032715015105,54.409570462324794,0.06570332637313969,0.2155052293930523,0.23218667865530235,0.18651031852422917,0.037965822251638005,-0.04810570054783438,0.9002600150849926,-0.5652704619116713,high_vol_trend,False,True,0.3
2022-10-27,57.6115748660734,-0.005688601847245955,0.017267284617173306,-0.0057048435671408215,-0.018911616139708487,-0.019723374464227783,0.08234095423834709,57.926502370473656,56.33803503092522,54.46955979327032,0.06346558684012793,0.2164865445394947,0.23116962693619145,0.18709027876678405,0.03765252656688543,-0.35642121302770685,0.6920996278841387,-0.567743465165093,high_vol_trend,False,True,0.3
2022-10-28,57.76593642689433,0.0026793497865622573,0.019626700567987543,0.0026757667276746046,0.0005788392435577272,-0.010632010155014804,0.08091352761004411,57.89546396873595,56.43437681025717,54.52585700090319,0.06179833116198341,0.20010855617346604,0.230501245389043,0.18703087948774413,0.03572718520944817,-0.147618574701421,0.7462645171683645,-0.5665852987107429,high_vol_trend,False,True,0.3
2022-10-31,57.34110541137881,-0.007354351747645649,0.016579904129042866,-0.0073815283184826405,-0.010990703147143122,-0.017753498012975433,0.06533134780821892,57.843643717967765,56.512855630880246,54.57658829946172,0.05986184773184644,0.20188159479260578,0.23179848027444805,0.18747450311775474,0.03291825737226117,-0.5723122272833873,0.47751957877038803,-0.5697727828766248,high_vol_trend,False,False,0.3
2022-11-01,58.02644344113199,0.01195195008600547,-0.003920187513630546,0.011881089585887187,0.005170253413688153,-0.013299358554637708,0.06701825951382401,57.80453791198371,56.61946901869059,54.63381269289694,0.05803594995117378,0.2107931130526609,0.23448768990115562,0.18783918515531992,0.029160127327485862,0.2611236159568698,0.8490182587036225,-0.5646307286519252,high_vol_trend,False,True,0.3
2022-11-02,58.05116743898034,0.0004260815652683547,0.0018982746927680427,0.00042599081829438403,0.020422374710334035,-0.006574039764486783,0.08558561089636263,57.785330104940485,56.70940620666641,54.69334869938738,0.05653304248287405,0.193406673481309,0.2335035815777233,0.184136715221127,0.024499401243813872,0.3168214392212489,0.8340393612457904,-0.5644452258313195,high_vol_trend,False,True,0.3
2022-11-03,57.9648549741766,-0.0014868342638322263,0.006132102948486651,-0.001487940698755844,0.023505272332573268,-0.02778365142378425,0.0801093811730571,57.70250515924856,56.79559579363077,54.749475565628245,0.053937130230234276,0.19111563635870404,0.22055261085818353,0.18417768657381778,0.019465294624816276,0.3634281569775786,0.7512689846234945,-0.5650928235933292,high_vol_trend,False,True,0.3
2022-11-04,57.41227038081248,-0.009533097143265556,-0.006122397869018026,-0.009578827983603592,0.013384140229236285,-0.026362666226660725,0.07207387604617832,57.62477906613036,56.848543573777526,54.80322161470785,0.05148524791588649,0.20029059391622117,0.21977099587138718,0.18539781020659435,0.012718614010021804,-0.322186069939551,0.3682793137943819,-0.5692388359543172,high_vol_trend,False,True,0.3
2022-11-07,56.89899199940393,-0.008940220931936693,-0.007710235245781405,-0.008980424505690573,0.008741833922074171,-0.0049019752279723106,0.05141614534043115,57.61076449458393,56.88482007982463,54.8428566861894,0.05046979635347015,0.20522400757545142,0.19384018241937642,0.1855186535523662,0.013048644430745493,-1.058553825451246,0.009389071101167589,-0.5730899359297839,high_vol_trend,False,False,0.3
2022-11-08,57.25495321920198,0.006256019786814004,-0.013295493850362994,0.006236532129575403,-0.01716356053501389,-0.0012071798839025094,0.04242574457234505,57.60730446631841,56.93529197465253,54.877355244163994,0.04974637006481353,0.11208088045336927,0.19497722821663105,0.18355727395428606,0.012871487121019045,-0.5226761876597115,0.2163103953459044,-0.5704191781217706,high_vol_trend,False,False,0.3
2022-11-09,56.808933624270885,-0.0077900612934482805,-0.021398946300523858,-0.00782056232746948,-0.019541292685970046,-0.035157138634830165,0.051118600786012935,57.50380369769069,56.966207108824456,54.910366215997726,0.04723038035279736,0.11490618625661686,0.16812303243963983,0.18111234949542862,0.01729109970734334,-1.1103907939594988,-0.1078594880320549,-0.5737656390546919,mid_vol_neutral,False,False,0.6
2022-11-10,57.004474155535945,0.003442073610435026,-0.016568329534655257,0.0034361632338162844,-0.010537825288559621,-0.02925015412146348,0.06101854398892104,57.41792216694714,57.00350873010721,54.94488595261227,0.045009397534608864,0.11572246098731553,0.16907007569365246,0.18062319760511814,0.020412407990671327,-0.7321947977855251,0.0006731905587980626,-0.5722985090090214,mid_vol_neutral,False,False,0.6
2022-11-11,57.15849178555863,0.002701851605585448,-0.004420284959478993,0.0026982081657498332,-0.01051562008528073,-0.009942867695298618,0.07950398407478887,57.3892208272495,57.06125259878868,54.98509681223814,0.04372319327218621,0.11574273662315684,0.1593831466435598,0.17772634349091332,0.023897147380594803,-0.4102423352347951,0.07051881258603644,-0.571142923048876,mid_vol_neutral,False,False,0.6
2022-11-14,57.01636408995869,-0.0024865543361983766,0.0020628149362644788,-0.0024896509467571756,-0.005663325097944094,-0.016591784320109992,0.06737908594537556,57.34112263157584,57.11823951612772,55.030207470038185,0.04199357530672332,0.1107710888742357,0.15853548699124498,0.17719828722704392,0.02673463257768332,-0.5900470797307865,-0.0775178184638447,-0.5722092994731782,mid_vol_neutral,False,False,0.6
2022-11-15,57.224863458671294,0.003656833823771022,-0.0005255398675375611,0.003650163862644425,-0.013814046405823621,-0.008715215112721886,0.08594786754069128,57.31596704548989,57.17344518227199,55.08074838130876,0.04058076060817717,0.09054637910329527,0.15870845301507516,0.1746082558277811,0.02896387176158766,-0.1677061472723765,0.04089864526719279,-0.5706449399699971,mid_vol_neutral,False,False,0.6
2022-11-16,57.466979747289,0.004230963151053535,0.011583497190254866,0.004222037792845555,-0.010063323744615493,0.01015353399737462,0.07305988724872603,57.34484844385918,57.23111171452533,55.13799497052969,0.040024187939895484,0.09459025355287977,0.15029233775520442,0.1719540716394517,0.03121850163381372,0.2284341760913189,0.19641559412420023,-0.5688283545322919,mid_vol_neutral,True,False,0.6
2022-11-17,57.85286965525953,0.006714985016917252,0.014882963351416034,0.006692539927960178,-0.0019319520244975852,0.021527909249606347,0.07823063356339177,57.405808664157156,57.29633713261413,55.20192516680397,0.03992403327771088,0.10206160338074,0.15057177652415502,0.17231673452039178,0.03326501881777917,0.8621313589132072,0.4874679656779106,-0.5659330433932566,mid_vol_neutral,True,False,0.6
2022-11-18,58.36670741955838,0.0088818025339239,0.02113799010884687,0.008842591332195218,0.016624269209616127,0.03023091098916253,0.06576890072163022,57.49144377362194,57.37990462804069,55.26778405920569,0.04023428390098194,0.09649573185663549,0.153028846123938,0.1683037474964106,0.034766494402078206,1.6540147862845644,0.9313802661192535,-0.5620777463981742,mid_vol_neutral,True,False,0.6
2022-11-21,59.48867661634005,0.019222759795521682,0.04336145536184355,0.019040336625989987,0.04551371695588635,0.0546534242327652,0.07994003074383715,57.6455825553987,57.48194806241645,55.346649088174665,0.04153699465276617,0.11211745721361716,0.16350733091767328,0.17209865635481855,0.03539877026535029,2.9035361439499665,1.9871380897223476,-0.5536596721080728,mid_vol_neutral,True,False,0.6
2022-11-22,59.171278509863726,-0.005335437339164861,0.0340134503352405,-0.005349721616196634,0.03347003504351931,0.015732009535927016,0.08112205060389166,57.69140581926312,57.563528908422064,55.41659040007422,0.041049357291130795,0.12167736780962023,0.12100518707704534,0.17190345293727,0.03723710646979515,2.0851384825944006,1.6454342517542262,-0.5560410929594823,low_vol_trend,True,False,1.0
2022-11-23,59.094349284587,-0.0013001109189132443,0.02831834114920162,-0.0013009567963497978,0.040229863764591034,0.019902427536080403,0.06932595233819105,57.749064325247346,57.636425323923795,55.48879226589834,0.04073384853139239,0.10875457253579698,0.1190865871890714,0.17109626278105203,0.0388467045463554,1.7360073554913396,1.531759160905665,-0.5566182887820745,low_vol_trend,True,False,1.0
2022-11-24,59.39263533237502,0.005047623865888307,0.02661519966582171,0.005034927319546062,0.04189427605845486,0.030914976208200606,0.07713618163924996,57.83811734856242,57.70262678818202,55.56377392931843,0.040932126427141835,0.10883376710561879,0.11715612905733748,0.17112690564450186,0.039775178843611356,1.815265917717585,1.766652488171207,-0.5543802646748326,low_vol_trend,True,False,1.0
2022-11-25,58.49234874798231,-0.015158219185838373,0.00215261977210357,-0.015274279327270154,0.023336111936401505,0.012575098163730036,0.07777684567559184,57.874437964616824,57.7471713624599,55.6287069539619,0.040370001993996985,0.14599655254105476,0.1311484024763982,0.17088195735120457,0.038989986106722746,0.7115058769955233,0.7927213432554606,-0.5611350662964267,low_vol_trend,True,False,1.0
2022-11-28,58.0373592714916,-0.0077786152587419055,-0.024396531027382262,-0.007809026493932429,0.01790705524333358,0.012142316669999653,0.07145198638313732,57.90925065762248,57.79553188411202,55.68594169011077,0.03992585740732002,0.15314480056376042,0.13150033056041796,0.17177370934865918,0.03736820405437713,0.14898722120033697,0.2719779405418789,-0.56454882776626,low_vol_trend,True,False,1.0
2022-11-29,57.51615362418242,-0.008980519683382648,-0.027971761424850694,-0.009021087613647234,0.0050902727923762825,-0.008794090878019412,0.05602858709712599,57.883736166774995,57.827381973529654,55.7372951028174,0.038509961059253195,0.16179213031742498,0.1285692558271862,0.1727896505716199,0.034777522504278464,-0.4255586815765719,-0.36688176988725285,-0.5684594055896572,low_vol_trend,True,False,1.0
2022-11-30,57.74692123902123,0.0040122226591623456,-0.02280130100217892,0.004004195158744472,0.004871345126597371,-0.0052410005410987726,0.0579526638973229,57.86852385677704,57.86003357407218,55.78916087567381,0.037271809585684545,0.16165662607919373,0.12950548240236803,0.1728851765131531,0.031125077335095494,-0.14085140783605207,-0.13936042075656055,-0.5667279686384157,low_vol_trend,True,False,1.0
2022-12-01,56.54749037731085,-0.020770472883667623,-0.047904002560958614,-0.020989213352388146,-0.0225637774880888,-0.024452137376988037,0.035827703735495486,57.79765562693375,57.84383026958308,55.82826950459148,0.0352757866188258,0.18882386535955226,0.14865871728955077,0.17854667846317934,0.027306119237273396,-1.371054563852396,-1.5622851760826109,-0.5757272336170631,mid_vol_neutral,False,False,0.6
2022-12-02,56.30863121337543,-0.0042240453527052635,-0.03733338772247907,-0.004232991834728256,-0.03526113253894636,-0.019223053889293573,0.03912832267620625,57.7424736685619,57.82838960328909,55.867379671732,0.03356330667104235,0.17843200271200504,0.1458778630525263,0.1780556499719761,0.022400408446671793,-1.4811809243832788,-1.7854935927582396,-0.5775193810241823,mid_vol_neutral,False,False,0.6
2022-12-05,57.02667715863402,0.012751969454516399,-0.017414336653908236,0.012671347758872159,-0.041386018276792114,0.0022440671573131787,0.048544620877090106,57.74885792652341,57.82632871423597,55.920417364372945,0.03269719090679324,0.15700197472172062,0.1503330298434111,0.17966870344485075,0.019847925112508307,-0.7502473852414163,-0.9374371993485088,-0.5721319210758775,mid_vol_neutral,True,False,0.6
2022-12-06,57.55736121079287,0.009305891182868953,0.0007164524053486776,0.009262858145343857,-0.02727534945525678,0.005281778686170746,0.04474541552157052,57.76397832610295,57.83283461819045,55.98292817255719,0.03181416570523066,0.17058448555312247,0.15235099350573664,0.17876611723387223,0.016478630460058978,-0.2159502315742403,-0.32422838527101394,-0.5681502272927863,mid_vol_neutral,True,False,0.6
2022-12-07,57.38080855509909,-0.0030674209515476614,-0.0063399515691366926,-0.003072135129909239,-0.028996693427248532,0.010066637311140658,0.03482951248660848,57.79257207264435,57.81353755599755,56.04220447184486,0.031233025490259747,0.17040626993577515,0.14992485779250664,0.1785385151069608,0.01563405595532753,-0.4403721449311925,-0.5098733542683317,-0.5694748923335096,mid_vol_neutral,True,False,0.6
2022-12-08,57.394140357706206,0.0002323390510317047,0.014972370564035886,0.0002323120644943243,-0.03364886847476578,0.006835712598752597,0.023386560611275753,57.81205538275286,57.78600572272636,56.10272860125439,0.03046780119461512,0.1657806284643904,0.14953418092883383,0.1771188932422336,0.01458754634812553,-0.4534105856321118,-0.4669010024447872,-0.569374864538549,mid_vol_neutral,True,False,0.6
2022-12-09,57.41083771708804,0.00029092446158740515,0.019574379272973674,0.00029088215127210174,-0.01848978634033016,0.00441484587235319,0.02036284082048545,57.82467267932934,57.766488387835146,56.160293330166866,0.029636229628958066,0.15263436712692371,0.14928297024851395,0.17702226903180457,0.014175342817278188,-0.4527776118111955,-0.42522739671917226,-0.5692495851528689,mid_vol_neutral,True,False,0.6
2022-12-12,56.74542865675466,-0.011590303970348215,-0.004931876025267901,-0.011657995092192439,-0.022260327329736818,-0.00475188899763157,0.020246475520396157,57.81112590766914,57.73384675243538,56.21603615057683,0.028374283679834633,0.15790719390188457,0.15489835460834286,0.17705471613742732,0.013986661813025518,-1.147767988509922,-1.1713074052725365,-0.5742421133963007,mid_vol_neutral,False,False,0.6
2022-12-13,57.16942452196398,0.007471894657347988,-0.006740001290332698,0.007444118327857985,-0.0060283777751205525,-0.0009687910701150493,0.02227636049371573,57.80835396083377,57.70106405165841,56.272283390316915,0.027297107527383124,0.1597259114008057,0.1567369598945359,0.17734691770093836,0.013874748618209629,-0.6867118977099718,-0.6382034194927846,-0.5710608953180629,mid_vol_neutral,False,False,0.6
2022-12-14,57.33536852761091,0.0029026705627090976,-0.000791902878896189,0.002898465948951941,-0.007126833822133305,-0.002290205962743319,0.021759630236156013,57.801773399849864,57.679064950613736,56.33082736325793,0.02611262971705197,0.15893198774309314,0.1563315553781229,0.17731354218200132,0.014113522299517796,-0.49967280428031724,-0.41521962562741355,-0.5698158264057078,mid_vol_neutral,False,False,0.6
2022-12-15,57.352407847499045,0.0002971868904955155,-0.0007271214438802076,0.00029714273921881146,0.014234362388452881,-0.00865059608525387,-9.149178452871887e-05,57.77675030946184,57.6336860298034,56.38268263073889,0.02472510376728554,0.1128254442475594,0.1542844807456668,0.17142943887716436,0.014242865654308988,-0.4520667715765838,-0.36065738130214026,-0.5696879813088169,mid_vol_neutral,False,False,0.6
2022-12-16,57.76806589488931,0.0072474384771343825,0.006222312580799416,0.007221302000590174,0.025918489760184515,-0.01025655808140491,0.012042630766427642,57.74681823322838,57.60971150283767,56.42829303389776,0.023366384635072235,0.11139582257862671,0.15308630638970952,0.17174593033659621,0.014244971851435312,0.022887368152052816,0.20942177650888774,-0.566569321427381,mid_vol_neutral,False,False,0.6
2022-12-19,58.13241168038409,0.006307044901896486,0.02444219836665784,0.006287238729521185,0.019389776449260543,-0.022798707470043644,0.017551110714611573,57.6790049864306,57.62877406783869,56.48039098184663,0.021221772437255426,0.09892459707230011,0.1370768032966257,0.17218984572257415,0.013460302675601919,0.53994415200778,0.6652267812130221,-0.5638356546757641,mid_vol_neutral,False,False,0.6
2022-12-20,57.87358627232679,-0.0044523425155718055,0.012317104050824756,-0.004462283711222777,0.00549408546329655,-0.021931117092908736,0.01120910538352593,57.61412037455375,57.639762717594984,56.53015052333571,0.019175074560797034,0.09423824147683248,0.13675180372332144,0.17244151711334055,0.012612710321846438,0.33909101504756695,0.30905855806395816,-0.5657776077342278,mid_vol_neutral,False,False,0.6
2022-12-21,57.99972901933032,0.0021796255447166235,0.011587271675065125,0.002177253606957817,0.01078619280237092,-0.01852326455081521,-0.005929020865364176,57.55938936129091,57.62217831804508,56.57842618193328,0.01733811358066495,0.0922367575616198,0.13723205375547876,0.16779161857180877,0.011429020403226407,0.6390098195121071,0.5121789538076835,-0.5648311655159574,mid_vol_neutral,False,False,0.6
2022-12-22,57.66837406149434,-0.0057130432062112435,0.005509205730916289,-0.005729425060840363,0.004778078425410337,-0.029031566981854162,-0.018756920696042734,57.47317629774689,57.601103703866826,56.62282317279094,0.015017851059121456,0.0984046688697559,0.13636082887356005,0.16748070784157237,0.009786921755214692,0.36199164081585866,0.09344149861033517,-0.5673173038693613,mid_vol_neutral,False,False,0.6
2022-12-23,58.034118437947335,0.006342200251093999,0.004605529697707222,0.006322173131812844,0.010856499323885993,-0.007834021369346744,-0.006038806727526214,57.45026478224513,57.60713570103556,56.66874661744041,0.013790990827458938,0.1026518254853411,0.12881440839815242,0.16749960898889452,0.009966427010112027,1.1628077745610244,0.5911410524007549,-0.5645731435653174,low_vol_trend,True,False,1.0
2022-12-26,58.21818588189876,0.0031717108643296577,0.00147549704261829,0.0031666915997298397,0.025953759800681153,0.0031156932823437344,-0.002729211021145095,57.459306112765475,57.61193285860489,56.71268180277748,0.013165032692060485,0.07442317417891711,0.12629183743327788,0.167629080333705,0.010379505179410936,1.4743978856342443,0.8355113646029758,-0.5631920954741427,low_vol_trend,True,False,1.0
2022-12-27,58.20212093057346,-0.0002759438667135905,0.005676763432297616,-0.00027598194622774564,0.018063788768990063,0.011926515651119907,-0.010312081009439478,57.49360447808503,57.621415773608554,56.75088435739991,0.013087375273444168,0.07019309417460846,0.1216052274507004,0.16692330005472397,0.011024533862349898,1.3099277013040325,0.7952270693442623,-0.5633126299363287,low_vol_trend,True,False,1.0
2022-12-28,57.947339863057465,-0.004377522046317028,-0.0009032655351784991,-0.00438713144978779,0.010673539756735906,0.0034706373904622723,-0.008350834510579275,57.50362540928684,57.64257553527163,56.795612574662,0.012465977608641987,0.07624578116056711,0.12214744986078412,0.16665806557848314,0.011630898856176297,0.8102350254816147,0.4210071743819935,-0.5652242385261306,low_vol_trend,True,False,1.0
2022-12-29,58.48628027349967,0.009300520295079107,0.014182924788778806,0.009257536763464438,0.019770267170222677,0.03428604670609303,-0.019038038227840337,57.60056490409628,57.679627835755625,56.843818109304166,0.013312736898442923,0.08640116081140721,0.09790287202995387,0.16238291779656852,0.015358311360148483,1.637072072200275,1.122545616615984,-0.5611805977327344,low_vol_trend,True,False,1.0
2022-12-30,58.23432162809081,-0.004307995725332914,0.003449749828758897,-0.004317301875772375,0.008071167451752181,0.03419884968288778,-0.01242174768579396,57.69684942483205,57.71123416371219,56.89063600719423,0.014171285016674195,0.08612163286733374,0.09797073336901212,0.16107398682043989,0.01803422932623007,1.1557767770822238,0.7396337300899434,-0.5630710298418949,low_vol_trend,True,False,1.0
2023-01-02,58.41414595937988,0.003087944124042563,0.003365959871691082,0.0030831862168373583,0.004846423378145559,0.024330170893286818,0.02159632746275686,57.76622286486935,57.751399063283685,56.93361217984088,0.014624237829815367,0.081783015799259,0.08911820168874618,0.14841239897763153,0.020880598569168907,1.3985533081314585,0.9627996816595105,-0.5617218175958713,low_vol_trend,True,False,1.0
2023-01-03,57.883121441374655,-0.009090683588432347,-0.00548089114448802,-0.009132255991991616,0.00016475856538411549,0.005659749226319732,0.009750997092141889,57.78251087639844,57.74396522745968,56.963196087985416,0.014383230659099855,0.09228115436204087,0.09088074310888739,0.1496054465873008,0.022696928376346383,0.21811477606020813,0.2032058366963043,-0.5657060658758204,low_vol_trend,True,False,1.0
2023-01-04,57.72559160514248,-0.002721515915338535,-0.003826720233215619,-0.0027252259726260612,-0.004726529223894604,0.00600868232298124,-0.019588620573799176,57.79975002890061,57.739653476264486,56.99999031320776,0.014030874589596731,0.09236672651641117,0.0907190116496394,0.1387812445777095,0.024096641243717108,-0.16413398688055086,-0.020551812956409676,-0.5668880037294743,low_vol_trend,True,False,1.0
2023-01-05,57.3388662824549,-0.0066993739160419175,-0.019618515413856286,-0.006721915454010332,-0.005713838553659811,-0.0009630612969688812,-0.023555669425685433,57.79698632513805,57.73419930459211,57.03611716775867,0.013340128942183505,0.09405511055497394,0.0940774726356381,0.1393211758859185,0.024831474611526856,-1.0077684965975584,-0.5760008448851826,-0.5697895829400139,low_vol_trend,True,False,1.0
2023-01-06,57.72785913071399,0.006784104281777781,-0.008696975996583367,0.006761195796994371,-0.00527722855927959,0.0055219785363205265,-8.070752691435867e-05,57.81283739581935,57.73343775866851,57.08390728446284,0.012769450201158827,0.09498430615169548,0.09714594677483804,0.13574535903278462,0.025058153042524747,-0.19059466798829017,-0.008128245220493399,-0.566870990607572,low_vol_trend,True,False,1.0
2023-01-09,57.91091136308716,0.003170951341858741,-0.008614944000767566,0.0031659344783415305,-0.005277981684880029,0.020538794646919323,-0.0011627903505786463,57.871111531135966,57.744833877702675,57.12884475429146,0.012992854661020514,0.09498348125958707,0.08677378598368007,0.13561915663769575,0.025262289535525298,0.10801974788170994,0.24265902625402977,-0.565497559594041,low_vol_trend,True,False,1.0
2023-01-10,58.08713402443863,0.003042995822438499,0.003524560838872537,0.0030383752818015975,-0.0019756480399053533,0.01605245304020997,0.006221573559891169,57.916997006259706,57.74604768936881,57.182758354029694,0.012840210464913238,0.09666177728242144,0.08378650136731458,0.13545324916622087,0.02503019530996479,0.5127937124450016,0.49795805601469023,-0.5641753704830463,low_vol_trend,True,False,1.0
2023-01-11,58.60151823943068,0.008855389814474757,0.015173974140962665,0.008816410797335859,0.011289187353883401,0.02208322270066221,0.030096431159062353,57.98030449185069,57.75705470537781,57.23323045602211,0.013053151637187899,0.10318192266330714,0.08830135544531316,0.133095625523858,0.023993165712635933,1.8503021973535374,1.2162260528765625,-0.5603159734979246,low_vol_trend,True,False,1.0
2023-01-12,58.57249341116015,-0.0004952914044298318,0.02151467597263479,-0.0004954141017331019,0.0014740745565853253,0.021273484574620305,0.034234552069435376,58.041308770033744,57.769207474117486,57.28240163387412,0.013248521614199094,0.09267844785159854,0.08844249597743054,0.1327027257908136,0.0225804675325174,1.6276209750936583,1.1421633696757583,-0.5605337452169163,low_vol_trend,True,False,1.0
2023-01-13,58.64902771826274,0.0013066595366759692,0.015957089028071136,0.0013058066000212712,0.007121334611235097,0.0152499795471146,0.0352141473474199,58.08535686120241,57.79394262086649,57.321243097322004,0.013330376708388325,0.08931989752706658,0.08539868962034752,0.13270972817719945,0.020822243095702707,1.627349496446192,1.2006506651200137,-0.5599595124440566,low_vol_trend,True,False,1.0
2023-01-16,59.20891275115712,0.009546365126186673,0.022413762061726406,0.009501086518622307,0.013605724755950455,0.018518087236629954,0.049693590947270216,58.13918191474106,57.84014103590155,57.362480557863094,0.01354023308135166,0.09941878643940683,0.08888682173017547,0.1335391136717238,0.019907259185598707,2.4989248127974446,1.8809625359111322,-0.5557587252795424,low_vol_trend,True,False,1.0
2023-01-17,59.75184048903985,0.009169696126063664,0.028658781201028605,0.009127909714093763,0.032284351657812405,0.032454429346659985,0.025697915303374952,58.233094625576726,57.89007878129831,57.412685377975414,0.01428968601973879,0.08712038692552064,0.09106626117719142,0.11718819872191262,0.018580196199984432,2.7404623444604295,2.4144259071386824,-0.5516851677837007,low_vol_trend,True,False,1.0
2023-01-18,59.73779223773775,-0.00023510993447439787,0.019389838905957024,-0.00023513757714783848,0.03485803396107601,0.02996674722097703,0.031007533825331057,58.3199977864971,57.94865595356765,57.45743153119605,0.015012266164955879,0.08319739458488115,0.09127043877370856,0.11656687733639363,0.016766014636440355,2.199576849373672,2.2418347054122,-0.5517905710545269,low_vol_trend,True,False,1.0
2023-01-19,59.881147210130415,0.0023997366997119407,0.022342463548272296,0.0023968619298066493,0.0443378303845785,0.0383706526262817,0.03939438123906469,58.43063644392889,58.00618941465953,57.504849072383365,0.016099292259339704,0.06196230295583416,0.08722850145890573,0.11589889161281076,0.01459317937826781,2.034078883249629,2.254643196213233,-0.5507149864387295,low_vol_trend,True,False,1.0
2023-01-20,60.53103100059922,0.010852894788209166,0.03208924948214342,0.01079442479097922,0.048558389521045076,0.04302490724179253,0.04786721629976953,58.55548207206149,58.07364019896035,57.56744639887451,0.017163097114661907,0.06935484061457238,0.09163429939894331,0.1177005047550445,0.012613443827937505,2.334654360334026,2.743425342909087,-0.54583894345663,low_vol_trend,True,False,1.0
2023-01-23,61.05807199101319,0.008706955452464582,0.03123109602818941,0.008669268516824724,0.054344864445218466,0.04878005156112919,0.06482202519410762,58.69747637751722,58.15447435698144,57.636356936554584,0.018410591809796317,0.07133956195262185,0.09453406675253528,0.11754642884430942,0.010329590279388302,2.3391198755703195,2.971782010193375,-0.5418845833690625,low_vol_trend,True,False,1.0
2023-01-24,62.06365494605163,0.016469287716559977,0.038690263564949534,0.01633513987336108,0.06845786056409642,0.06634696388615136,0.06957537401056468,58.89055307829112,58.251250186729045,57.71234768450052,0.020415135427024333,0.08901539161885688,0.10621053494227171,0.11967716507539915,0.00858640161950705,2.5383449946981083,3.424583968917992,-0.5343397487651759,low_vol_trend,True,False,1.0
2023-01-25,64.3074005238292,0.03615232747294583,0.07649442865089218,0.03551416726911208,0.09736748220559344,0.10975586930827164,0.1077710123818787,59.2085561113297,58.38805860225985,57.809585158392586,0.024199636601855312,0.17337920737922807,0.1542416119322004,0.1395082166968502,0.014936776039442103,2.9667898917597166,4.232233008901227,-0.5175050468714002,mid_vol_neutral,True,False,0.6
2023-01-26,63.34196509509267,-0.015012820000068094,0.057794782601906514,-0.015126653123242519,0.08142852397374223,0.08302263024569756,0.09276500602497095,59.45134035240936,58.49784051105651,57.897088821835325,0.026845072216961974,0.20834076552823022,0.1692217617351339,0.14354221422723526,0.02238022094599047,2.005520659763513,3.101849951944755,-0.5247486567536612,mid_vol_neutral,True,False,0.6
2023-01-27,62.41118584767372,-0.014694511703601365,0.031061008147306834,-0.0148035454912061,0.06414698206905634,0.07172512880390602,0.08707050659560589,59.660183563388514,58.578730079618815,57.97931735382976,0.028990789927741956,0.23621596880544982,0.17971591411395105,0.1456144855586028,0.02884031157742173,1.358514160973194,2.3134225820356447,-0.5317322431791468,high_vol_trend,False,True,0.3
2023-01-30,62.590335765856594,0.0028704777156474126,0.02509518766116514,0.002866365761458573,0.057110033905045654,0.07149278206311127,0.10002538826192708,59.86899305371234,58.64076326260914,58.0613556625128,0.031133227437998512,0.2360523175463885,0.17972466314649319,0.14402367362838028,0.03339539777069004,1.2936895371026063,2.2607833588287307,-0.5303880910182364,high_vol_trend,False,True,0.3
2023-01-31,61.92368544296506,-0.010651010491226631,-0.002255257174400005,-0.010708138513014036,0.03634774989606537,0.06980556509349234,0.08154285282338325,60.071021253791855,58.69581140127118,58.12967015484663,0.033396905466241744,0.24846311508627672,0.1812554524703097,0.1458606325760093,0.03702214232428475,0.8835643070545421,1.7869049975257274,-0.5353899323876061,high_vol_trend,False,True,0.3
2023-02-01,63.25086371843509,0.02143248202971426,-0.016429474629480745,0.02120603620383348,0.058808190746594935,0.09571616261790528,0.11339642699105301,60.34728485945649,58.778941689948134,58.20768350693597,0.03675805707446789,0.26231151039393386,0.19041062761525143,0.15026858229485676,0.04061623416272369,1.359887438408446,2.3323408993048713,-0.5254321854626791,high_vol_trend,False,True,0.3
2023-02-02,62.50163464702234,-0.01184535715983237,-0.013266567382441807,-0.01191607238913044,0.043761476841722935,0.09003959616388846,0.09643384265746358,60.605423277684864,58.84112167624108,58.27187423221155,0.04004588965465894,0.2769032364883216,0.19529187001079765,0.15281502584057838,0.043856147670851574,0.9190735532407398,1.8424014371937338,-0.5310536107224348,high_vol_trend,False,True,0.3
2023-02-03,62.87170922979296,0.005921038463403638,0.007378859668573545,0.005903578003961536,0.038669062636163654,0.08910515956310938,0.0999539572469581,60.862615782638805,58.92870888587729,58.3379401241686,0.04327673642738494,0.27479795193456547,0.19517561197978486,0.15305810263523667,0.046392517500281116,1.0018480037387991,1.9084485097099377,-0.528276961114248,high_vol_trend,False,True,0.3
2023-02-06,63.25610526990795,0.006113974708561454,0.010636937730162055,0.006095360199088458,0.03599906133980557,0.0923002898936911,0.10943772510825811,61.12987547797985,59.03308380584563,58.41430784497882,0.04648805632016839,0.2738437701472703,0.19521975138867095,0.15308389544220358,0.04782905291285357,1.0922643360412698,1.9639812060060393,-0.5253928583850548,high_vol_trend,False,True,0.3
2023-02-07,63.29737935459839,0.0006524917162435973,0.022183658834366016,0.0006522789360768803,0.019878371804225248,0.08969706317353654,0.10611673892962226,61.39038774448784,59.14870832045394,58.4880451469918,0.049622834721213316,0.26450486265354484,0.19563958489436567,0.15305021164835483,0.04844856775856393,1.0225630507402,1.8677070619071816,-0.525083181156681,high_vol_trend,False,True,0.3
2023-02-08,63.46288128834906,0.002614672762730086,0.003352010667518668,0.002611260452657262,-0.013132535736181783,0.08295626452980454,0.10433646534804897,61.633455896933754,59.2630275214405,58.56153054775635,0.052456370597627755,0.1853152018022411,0.1949974493428122,0.15297313069320384,0.04862656365980826,1.0175387632272512,1.8311508744958913,-0.5238414290858889,high_vol_trend,False,True,0.3
2023-02-09,63.99506037728378,0.008385674872162241,0.02389418674720356,0.00835071043159928,0.010310625526231298,0.09257872851782056,0.10616916254327657,61.90458424523994,59.41197892143996,58.62790459551152,0.055889421126936956,0.17354462370740167,0.19479161057798935,0.1532451016057902,0.04818484419924447,1.2160010453267986,1.9464154250600538,-0.5198485181226098,high_vol_trend,False,True,0.3
2023-02-10,63.91985269400588,-0.0011752107558693492,0.016671146324048758,-0.0011759018575428456,0.024173020041861504,0.08987062839409798,0.09514234261202592,62.168125494027095,59.56420335105256,58.696296477170826,0.05914903026644258,0.15093376849414952,0.19553038116924978,0.15262483002453753,0.046919007829717654,1.0995075168337949,1.818204945956052,-0.5204127973085588,high_vol_trend,False,True,0.3
2023-02-13,63.72288044031161,-0.0030815504947611094,0.007379132313189096,-0.003086308248172677,0.018094561414269128,0.07623797633518059,0.0711766350305485,62.39382387848482,59.69812741668612,58.76222806546104,0.06180153361404517,0.15338701927397114,0.19624482621343783,0.14838686448179042,0.04523649227687435,0.9062036981265127,1.6510943621275203,-0.5218906694902936,high_vol_trend,False,True,0.3
2023-02-14,63.59760237276698,-0.0019659824960671646,0.004743056051131456,-0.0019679175762931044,0.02703193322276798,0.06436223306682165,0.07480527672163428,62.58611197267116,59.8189322399256,58.825883429058024,0.06392132721895871,0.1391217235085453,0.1961485133288839,0.14791396247916125,0.04298079112858957,0.7495711991239355,1.5244590354493588,-0.5228306240652821,high_vol_trend,False,True,0.3
2023-02-15,62.94102396603225,-0.010323949052140402,-0.008223032294195853,-0.010377610666849595,-0.00489858531864662,0.053621528488140946,0.0650937818592503,62.7462735590859,59.93013654814426,58.871837052070894,0.06581137435185092,0.10707245518349673,0.2016800219876687,0.14972233078284808,0.040112181447657,0.16616949678792312,1.2083319659568021,-0.5277568963916739,high_vol_trend,False,True,0.3
2023-02-16,63.46619618974637,0.0083438779769065,-0.008264140769920103,0.008309260257774358,0.015432581054421801,0.05986941043456584,0.06858696931992925,62.9255260080667,60.051577664785064,58.91879169375571,0.06800435309564623,0.09421088080548633,0.2026674287442963,0.1502454786433219,0.03567351619649321,0.5591518574112372,1.3584982789158697,-0.5238165575597303,high_vol_trend,False,True,0.3
2023-02-17,63.25188400768344,-0.0033767926066058385,-0.010450097398066793,-0.003382506838236347,0.006046833823158071,0.04494972185517998,0.08137021955141277,63.06156865842091,60.16839859059697,58.96744348921606,0.0694302640058253,0.09368850825995317,0.2016353178708368,0.14668122986490512,0.030105330411786833,0.24182914888943227,1.2216655749198353,-0.5254245302875508,high_vol_trend,False,True,0.3
2023-02-20,62.762375824734896,-0.0077390292894529145,-0.01507315125963915,-0.007769130982455101,-0.007805245723971677,0.027912834096244454,0.08141336223001194,63.146783850106985,60.288737533956585,59.01129214319599,0.0700796670724626,0.09669807261523468,0.20312450879022945,0.14667073350082976,0.02252503874213452,-0.6039299482724785,0.989138115327772,-0.5290972837477113,high_vol_trend,False,False,0.3
2023-02-21,63.19842669071839,0.006947647539684798,-0.0062765838200767865,0.006923623844442747,-0.0015632979578136252,0.018283998028365556,0.09879438572448085,63.203522437340325,60.40931757733167,59.05519081449504,0.07024499566644504,0.104160602760682,0.19649315071657783,0.14550825056756791,0.012345403352273182,-0.008737178515677218,1.1189264119271338,-0.5258256176497101,high_vol_trend,False,True,0.3
2023-02-22,63.05268259386499,-0.0023061348910889956,0.0017740198807856267,-0.0023087981154478647,-0.006463600236180422,-0.019511252511276167,0.09187955376672985,63.14078654084212,60.52366385865675,59.10136440463524,0.0683473584222376,0.10344732825728699,0.1461594096476814,0.14563929213685195,0.01367164872379264,-0.16859948170449354,1.0198155116499483,-0.5269191277373088,mid_vol_neutral,False,False,0.6
2023-02-23,63.260823329220926,0.0033010607446570805,-0.0032359409079982804,0.003295624204584364,-0.011473339406731453,-0.001281011186658465,0.11872026339481434,63.136729452548536,60.64183216829119,59.1377590990473,0.06762126963254622,0.0937335992076243,0.13694598991823248,0.1380707061745394,0.017648897593478326,0.23807767067949717,1.0618612305760098,-0.5253574590408343,mid_vol_neutral,False,False,0.6
2023-02-24,63.062577975899416,-0.0031337776350112145,-0.0029928915913559617,-0.003138698198801659,-0.013411712980791357,0.010437105454389917,0.11994514192558947,63.169299058959815,60.7477224099114,59.17871695637453,0.06743272426009295,0.09426971340965758,0.12625673132233095,0.13788182445320143,0.022501088600452784,-0.2164276534878976,0.9432441730613029,-0.526844883220317,low_vol_trend,True,False,1.0
2023-02-27,63.00692308143486,-0.0008825344007633573,0.0038963989728952875,-0.0008829240635250194,-0.011235483297830196,0.006655776973887306,0.10486751500820013,63.19012842473874,60.845212637932406,59.236993352885555,0.06673422886782321,0.09377296911053061,0.1260442222038613,0.1361298544431659,0.026217577529229343,-0.38500130401385907,0.8841598440660311,-0.5272624588877722,low_vol_trend,True,False,1.0
2023-02-28,63.05883746851018,0.0008239473463609315,-0.0022087452096132276,0.0008236080880873235,-0.008471465655244703,0.01833146747363168,0.09558249617402015,63.246886026015986,60.94891766185608,59.29434018972554,0.06665974903579985,0.09410813072913055,0.11913917263325523,0.13521228785557127,0.02992522234790416,-0.5034068769586094,0.869635430786206,-0.5268729480452476,low_vol_trend,True,False,1.0
2023-03-01,63.5143278394374,0.007223259882561006,0.007321579773948095,0.007197297089926321,0.00910858828281147,0.004165383767329001,0.10689147536930732,63.2600592320661,61.05920963825822,59.34069397815165,0.06604852405934958,0.08538650139722503,0.09493342217455225,0.13535334234077137,0.035376641137190426,0.6721088704784599,1.0167275946448393,-0.5234554283915085,low_vol_trend,True,False,1.0
2023-03-02,63.26158158467958,-0.003979358096912411,1.1986177522738117e-05,-0.00398729680999779,-0.0032239935170377265,0.012158832996113311,0.10223066658730029,63.298056578948966,61.17107378872193,59.38608874629437,0.06587347163688562,0.07742518131128977,0.08528447717239682,0.13582670661618895,0.04037063869915875,-0.10931825010112378,0.8769668257008763,-0.5253517698910785,low_vol_trend,True,False,1.0
2023-03-03,63.391055166774045,0.002046638399660461,0.005208749807217972,0.002044546888516147,0.002200268992362364,0.0082604074764836,0.10416530549781577,63.32402387579801,61.27821252329845,59.442674112167005,0.0652956789310486,0.07619133012571142,0.08317202231268668,0.13579881266033297,0.04430164436271155,0.21039255067618853,0.8951991808648408,-0.5243803365970066,low_vol_trend,True,False,1.0
2023-03-06,63.3137310929924,-0.001219794710440092,0.0048694333345082885,-0.0012205392655390674,0.008784805562446651,0.0009109922724228614,0.1157503360485388,63.32690516695224,61.38012342752033,59.4960281430626,0.06438878599892428,0.06298218943398083,0.08055083533978936,0.1331039282178595,0.047440023851954984,-0.04139993462666439,0.8280103465799035,-0.5249604949466069,low_vol_trend,True,False,1.0
2023-03-07,63.77533449996661,0.007290731394367311,0.011362357128994471,0.007264282489008872,0.009128515367502699,0.007550946820257254,0.11554970219202909,63.350802924220645,61.49158769890819,59.55650173625837,0.06370926896890383,0.06392384530549278,0.08454819362653682,0.13307182650047353,0.049372728020617304,1.2731012153646992,0.9871966036085408,-0.5214971095135494,low_vol_trend,True,False,1.0
2023-03-08,64.1937585677962,0.006560907459133736,0.010697282825323784,0.006539478384174611,0.018097183608841938,0.011516610412413142,0.11961883591770239,63.38734678819302,61.616516073002956,59.62954580413731,0.06301911130429882,0.06683882263517336,0.08704898137894164,0.1334052145588925,0.05046483349762588,2.106662735740342,1.1271230439706215,-0.5183576963301397,low_vol_trend,True,False,1.0
2023-03-09,64.30073668978164,0.0016664879011947242,0.016426321933021626,0.0016651008510200514,0.016438504999355175,0.004776561045426675,0.12115147564088868,63.40263060381791,61.7328052013286,59.706216518542114,0.061910037192322465,0.06631471608048087,0.0821972084389843,0.13336360520475923,0.051235238000803596,2.1734062695402776,1.1302864783858815,-0.5175550452583704,low_vol_trend,True,False,1.0
2023-03-10,64.15350248675666,-0.00228977474605474,0.012027679898634291,-0.0022924002889488254,0.0172990788812053,0.003655355619627265,0.11053575176786845,63.41431309345545,61.851188818501925,59.78121149110706,0.06077330170682216,0.06473005845272062,0.08254817038179497,0.13317528805563747,0.05128470381844651,1.713008104769911,1.0278628527543128,-0.5186597355320992,low_vol_trend,True,False,1.0
2023-03-13,63.16254572575145,-0.015446650963597541,-0.002387876446878434,-0.01556719340576014,0.0024699292824608143,-0.008793304864569307,0.0865289070239057,63.38629635772744,61.946156813829354,59.84877793855652,0.05910761323819669,0.10798679013642416,0.09907317097361228,0.13741378281403885,0.04992569769905609,-0.5220411478865147,0.5550889658914067,-0.5260948305920607,low_vol_trend,True,False,1.0
2023-03-14,63.22310951303914,0.0009588560212669961,-0.008658911650675227,0.0009583966124800368,0.0026050598317959306,-0.005888474498343621,0.09243462493476606,63.367571714741054,62.05295657526264,59.89846090136116,0.0579165267550481,0.10800837160102378,0.09901296159586487,0.13687238632994178,0.048023038849604203,-0.3382654617511569,0.552431832720551,-0.5256404237668644,low_vol_trend,True,False,1.0
2023-03-15,63.43543500824077,0.003358352615633997,-0.011813041898061538,0.0033527259435352148,-0.00124212652294875,0.007855147740770008,0.09371950663939876,63.39229226685147,62.16715344332461,59.95340345979454,0.05735935924576974,0.10266311438949438,0.09228110368434488,0.13691829417641913,0.04520810445737502,0.10390266323305307,0.624062313549442,-0.5240473570432707,low_vol_trend,True,False,1.0
2023-03-16,63.89924561802383,0.007311538254964445,-0.00624395757228724,0.007284938537015306,0.010079799103515974,0.0068233083795152805,0.10804659673403028,63.41394473826534,62.298361030035984,60.016280167314044,0.05661238186504147,0.10631476717231358,0.09116960166907684,0.13657664700249011,0.041378880767464904,1.1278283289117015,0.8324695627106424,-0.5205674110867411,low_vol_trend,True,False,1.0
2023-03-17,64.16551302574287,0.00416698828200146,0.00018721563937496022,0.0041583304294437315,0.012217147307791665,0.014444297310550525,0.10565155037810214,63.459626189168304,62.42711410793657,60.08027593330254,0.05624724925726565,0.10741315474894134,0.0910056311500916,0.13633663713709407,0.036407809562755744,1.5356052774117501,0.9532013681966619,-0.51856962110673,low_vol_trend,True,False,1.0
2023-03-20,65.1330148951704,0.015078222300496158,0.031196797829755596,0.014965675830203008,0.028734427284121455,0.03777165920320735,0.11877438138143037,63.5781581426901,62.57155617857823,60.15819502814045,0.05684949678011253,0.12645229694177412,0.09856055887329615,0.13903821358953394,0.029172922215056955,2.7559133254733483,1.4695937264550893,-0.5113105068315651,low_vol_trend,True,False,1.0
2023-03-21,64.79513563179124,-0.005187526846760715,0.024864739030715954,-0.0052010287788187524,0.015990525801556688,0.02526501092957356,0.11327791145415955,63.657993589743725,62.70571621072528,60.22588195004704,0.05698732054340638,0.1296987661298602,0.09968160120524107,0.13973063413912265,0.019711431762663552,1.8399482459582084,1.2692142089052567,-0.5138455966971063,low_vol_trend,True,False,1.0
2023-03-22,64.94679962823949,0.0023406694803465022,0.02382524246586115,0.002337934380683139,0.01173075198031892,0.030040229161618415,0.12079001006298684,63.75269944146246,62.83262183850145,60.29483827193963,0.05734920713987668,0.12689506305699202,0.09883343574836734,0.13913334144239578,0.016491654917652965,1.798831466693815,1.3500439354996638,-0.5127076699225592,low_vol_trend,True,False,1.0
2023-03-23,64.59207218063263,-0.005461815665088188,0.010842484225093374,-0.005476785914980886,0.004530826641326424,0.02104381165707636,0.10439699496327015,63.81926188403304,62.9530134138909,60.36111044400419,0.05729105072109153,0.13112937266097607,0.10157159719446979,0.13908689602753604,0.013755113605236614,1.1390248067502597,1.1229638023724418,-0.5153691708044534,low_vol_trend,True,False,1.0
2023-03-24,64.54855432358545,-0.0006737337196038862,0.005969582097612225,-0.0006739607801576474,0.006157915336116426,0.023563520480465172,0.10842802867731538,63.89356070141734,63.071003945997354,60.43247328343192,0.05727198027710556,0.13042163678475088,0.1005946854101878,0.13861568685330905,0.01186558441678652,0.9738267630915612,1.1043471928493385,-0.515695682935642,low_vol_trend,True,False,1.0
2023-03-27,65.5638059497447,0.01572849518936925,0.00661401986792165,0.015606084299898413,0.03801715393833871,0.040580982902547635,0.12239603734575821,64.02140484483283,63.19810180996911,60.519121422935335,0.05787069176734971,0.11579887382578047,0.11262889115204319,0.14152523570317246,0.01028385932561534,2.0977079545475634,1.8725869267417647,-0.5080783048145046,low_vol_trend,True,False,1.0
2023-03-28,66.67758824895064,0.016987761510667276,0.029052375595858715,0.01684508308119992,0.05463949436398807,0.05738689334778124,0.15193490932383846,64.20234238385487,63.33661676516733,60.61334777323282,0.05921129161268612,0.13178676346732318,0.12436497913617636,0.14290847300531773,0.010993015774069565,2.718998006787392,2.6569818594606223,-0.4997216563747702,low_vol_trend,True,False,1.0
2023-03-29,66.56597517795522,-0.0016739218368051478,0.024930798114518593,-0.001675324409379451,0.04935002289032564,0.048046597395036805,0.1531449626932051,64.35492475078075,63.473180423971684,60.71091818876967,0.06002226075185857,0.13627680986452761,0.1241996864934913,0.14276417989637086,0.012851143482179346,2.134154384581085,2.5163664141350996,-0.5005590832186451,low_vol_trend,True,False,1.0
2023-03-30,66.65803182118577,0.0013829384003531953,0.031984724607931225,0.0013819830217620015,0.04317400270503002,0.05368898708230718,0.16252790023479124,64.52474726260607,63.60871811619278,60.80745376542616,0.061132201185728485,0.13654209990414581,0.12199819815393168,0.14151516726956748,0.013836858089347929,1.9010384788397252,2.5450239299823356,-0.4998683871961206,low_vol_trend,True,False,1.0
2023-03-31,66.67856917741332,0.00030810024938388025,0.032998645378639946,0.0003080527962486767,0.03916521559894992,0.05186085011505548,0.1550500950751026,64.68912296313803,63.73166887972907,60.9026545393447,0.06217246936826326,0.13798913586925796,0.12226731855292042,0.14131014911991932,0.014418028298266022,1.6770047164049593,2.473725510398905,-0.4997142965214909,low_vol_trend,True,False,1.0
2023-04-03,66.87160700577616,0.002895050549888367,0.019946997235546382,0.002890867961636909,0.026692946939489426,0.05619438076644245,0.1547324231612872,64.86701675877723,63.84793958002433,61.00120696850288,0.06337267707293726,0.12305831289843566,0.12145015721543503,0.141305217870641,0.014458457406847248,1.6231892616339876,2.5018205275844303,-0.49826594412053415,low_vol_trend,True,False,1.0
2023-04-04,67.73174967605361,0.012862599072924308,0.015809831380929618,0.012780578429145557,0.0453215201361743,0.06203676087483423,0.16603703752292653,65.06483751758157,63.96130147462436,61.10627583067671,0.06478158966640168,0.12416400037685647,0.12573866715534665,0.14290829431906313,0.014808364004788218,1.9590776831418573,2.899973736196921,-0.4918123401185245,low_vol_trend,True,False,1.0
2023-04-05,66.52190024989758,-0.017862367825170256,-0.0006621239745953078,-0.01802382548427547,0.024252166860786017,0.03626741499553421,0.13515660085983217,65.18124460168663,64.00559146914573,61.19682503570279,0.06510827258863983,0.16766342462971323,0.14507720583447759,0.14830344082298422,0.016889731618263785,0.9698856333025465,1.8653168241456877,-0.5008897750235399,mid_vol_neutral,True,False,0.6
2023-04-06,66.54493402971646,0.00034625859652748225,-0.0016966866314430673,0.0003461986628542816,0.03023376992183535,0.03490158053339143,0.13611236528027448,65.29345446868336,64.0696508478382,61.28374567944736,0.06542858542311225,0.16244384561113218,0.1451716971803055,0.14824915773696642,0.017917630611134664,0.895165878127701,1.7779666062126125,-0.5007169538175269,mid_vol_neutral,True,False,0.6
2023-04-07,65.98689500694029,-0.008385897903617656,-0.010373260539419782,-0.008421257364761953,0.02228308129325951,0.028578213957407783,0.12511490086292776,65.38512409469254,64.14116503102353,61.35994755532118,0.06559941296791894,0.1717162173311909,0.14898787182898116,0.14981326310641185,0.018727879688633556,0.4362732270843303,1.3211169023260871,-0.5049038904678205,mid_vol_neutral,True,False,0.6
2023-04-10,66.58017354614675,0.008990854004330195,-0.0043581046228517994,0.008950676914463373,0.015501961511830142,0.05410845590731039,0.12449579721163806,65.55600548571232,64.22096178662935,61.43086252461925,0.06715098553988019,0.15983819793189993,0.13699586697494542,0.14969818985889713,0.019139323920798118,0.7885156955361017,1.6608789579235617,-0.5004525536289046,mid_vol_neutral,True,False,0.6
2023-04-11,67.44548301726614,0.012996503689189698,-0.004226476654694777,0.012912773818526612,0.011516534842988868,0.06678528684762308,0.12875992547271453,65.76712416092366,64.33139773811537,61.51360456969327,0.06914762386280349,0.15002347075635006,0.1415843805328409,0.15068311274400598,0.019619689528724713,1.3517720750708107,2.1439507271945164,-0.49396018339921743,mid_vol_neutral,True,False,0.6
2023-04-12,68.56253415168081,0.016562282371507253,0.030676121609835683,0.01642662360276338,0.02999368623967502,0.08082389823249403,0.1477246075453098,66.02347911809566,64.43763114678028,61.608286418364216,0.07166556572843374,0.16723303983689736,0.14923774246560217,0.15349408518683974,0.019942081369421827,2.008853448295093,2.6408252120715496,-0.4855790090654495,mid_vol_neutral,True,False,0.6
2023-04-13,68.85413526264261,0.004253067868184468,0.03470138285650637,0.004244049137511919,0.03294581885267811,0.07754222442997305,0.14984662904043677,66.2712236003266,64.56468115909269,61.70290141766689,0.07403739658426689,0.16707191329548787,0.14871409333660662,0.15354390802074092,0.019704849466652897,1.9710905562507683,2.589051822488673,-0.4833911416781862,mid_vol_neutral,True,False,0.6
2023-04-14,69.15417557913128,0.004357622317732401,0.047998630210708715,0.004348155373880388,0.03712746737457806,0.07774678823789638,0.1424582472161542,66.52065672799604,64.69033048607945,61.80951968597837,0.07622024998661159,0.16627852442147997,0.14872216580073178,0.15258623957229023,0.01899650994323673,1.933213693663752,2.5352369844847202,-0.4811399553876248,mid_vol_neutral,True,False,0.6
2023-04-17,68.91214645220566,-0.003499848344640677,0.03502503495943299,-0.0035059871412818394,0.030514287569809007,0.05802175076829541,0.1286328605716287,66.7096133058478,64.8034513097254,61.91826755778551,0.0773817798372789,0.17019967941579858,0.14458663524865678,0.15243652761059,0.018295467172404142,1.5505391238457507,2.225358092841054,-0.48295588685586155,mid_vol_neutral,True,False,0.6
2023-04-18,68.5230978845227,-0.005645573207515575,0.015977569127656466,-0.005661569690557479,0.01168356365004497,0.057534600651447,0.10407770770325886,66.89601141848438,64.90796568032388,62.028337000388916,0.07847501083359587,0.16565765249153153,0.1449336370093633,0.1502318388772604,0.017367991839522853,1.1617845639825077,1.8964660272100806,-0.4858748972481318,mid_vol_neutral,True,False,0.6
2023-04-19,68.76440721464883,0.0035215764840752506,0.0029443640825967954,0.0035153902528787043,0.03371080736309384,0.058780534349061275,0.06930783478284241,67.08689179780484,65.0139961988499,62.138511860145194,0.0796346708269573,0.1269843181506507,0.14494024495226357,0.1320489888277219,0.01596302828423558,1.2148171922148074,1.903198028503988,-0.48406436637640793,mid_vol_neutral,True,False,0.6
2023-04-20,69.26761631586884,0.0073178715792494575,0.006005173859914281,0.007291225871305293,0.04091494455365341,0.07238572749548866,0.0935501639691827,67.32066900456664,65.11944731762158,62.26571311953077,0.08118361826727849,0.12718983410571705,0.14223587131595894,0.128249185637299,0.01429349514380465,1.462586897333728,2.01931727355617,-0.4802888156663919,mid_vol_neutral,True,False,0.6
2023-04-21,69.18760480304311,-0.0011551070627413562,0.00048340138005964484,-0.0011557747130924987,0.04850523419485331,0.07186916156482526,0.10857699406495058,67.55262152853952,65.22480235980234,62.39450285542745,0.0826694410093114,0.11162660639909351,0.14243506873277378,0.1238628608193063,0.011896715308709418,1.337473836641388,1.8645695879738478,-0.4808891377260013,mid_vol_neutral,True,False,0.6
2023-04-24,68.88845595281438,-0.004323734736595086,-0.00034377828308840286,-0.004333109108922826,0.034669215829961075,0.050708618191232846,0.10062448315532846,67.71885402869302,65.32811387005239,62.513120643369255,0.08327425237690367,0.11739129196529582,0.1373218590498894,0.12446077288204248,0.010447814987290699,1.0062546804917907,1.6363599248767875,-0.4831336353933593,mid_vol_neutral,True,False,0.6
2023-04-25,68.68515056769095,-0.002951225750547848,0.0023649351557535336,-0.0029555892044028065,0.01838029019834364,0.03010850229382589,0.10919028924648799,67.81923214463002,65.42986483395087,62.62439853693823,0.08295223154323272,0.10795281117441224,0.1273190496204331,0.12219554394838382,0.010263445412858523,0.7501451688320361,1.4717470324370387,-0.48465902471817845,low_vol_trend,True,False,1.0
2023-04-26,68.97917807136253,0.004280801617837282,0.003123285219972738,0.0042716650518620945,0.0060768453913908616,0.036252798625062255,0.09056499810701979,67.93989228930039,65.55062791605748,62.74038223210086,0.08287342015170607,0.07302017323649838,0.12709536417669565,0.11525901585026595,0.010074294404913371,0.9096575213017413,1.5320561108798467,-0.4824529522374541,low_vol_trend,True,False,1.0
2023-04-27,68.58931693539054,-0.005651866938290451,-0.009792445829017171,-0.005667899174817165,-0.0038460773088200284,0.02897302937754831,0.09740036917031625,68.03645654501062,65.65309033097036,62.852333997877714,0.08248098705941387,0.07606978849793238,0.12983436546733312,0.11287680895948744,0.009543660174857582,0.4982521953406528,1.3005473399127303,-0.4853780592857131,low_vol_trend,True,False,1.0
2023-04-28,68.77195428682417,0.002662766733858346,-0.00600758643693744,0.002659227851272743,-0.005527089132452145,0.031395171420684376,0.09384578738691673,68.14112580048116,65.76349173655318,62.96594516357507,0.08219015252549355,0.07355150084313782,0.12982611914479897,0.11253799503853106,0.008990968407420651,0.5879681703982899,1.3236897238760257,-0.4840077411014655,low_vol_trend,True,False,1.0
2023-05-01,68.0442737496607,-0.010581065271586754,-0.012254334800766986,-0.010637442784816428,-0.01259390030967722,0.017536093364456606,0.07569496192220626,68.19975913767539,65.86912969505168,63.07893361450414,0.08118123166866265,0.08857430175622176,0.136647183006797,0.11480585524450945,0.008008378613923027,-0.15079652432047955,0.9653949972440683,-0.48946748887250435,mid_vol_neutral,True,False,0.6
2023-05-02,68.05326253637021,0.00013210203025426637,-0.009199776459658526,0.00013209330554942675,-0.006856598178679341,0.004746855970122255,0.07513554637276343,68.21583478069122,65.96622641196473,63.187771994648195,0.079573351414715,0.08523650337577154,0.12913714885626051,0.11482223110598648,0.007723745835297979,-0.15846691274298172,0.9316114042870722,-0.48940004649127355,low_vol_trend,True,False,1.0
2023-05-03,67.95047540845405,-0.00151039236158923,-0.014913234568324718,-0.0015115341539800326,-0.011836527633461214,0.02147526082673301,0.07071210807015249,68.28726353861904,66.0641822682565,63.29392306345663,0.07889130952044532,0.08198078283862421,0.11036840944589006,0.11492152097826061,0.010074135600353161,-0.3550457174148744,0.8507515889765453,-0.490171252760881,low_vol_trend,True,False,1.0
2023-05-04,68.57528391266399,0.00919505714204627,-0.0002045948750265536,0.00915303997456118,-0.009995037219813097,0.03051096094017991,0.0715715167448463,68.38878103276643,66.17047147992537,63.40615182410827,0.07858274103245089,0.08776533441038602,0.11399201758790137,0.1151504697344768,0.011294201172517754,0.21775753795027208,1.0894130599557241,-0.4854833482973595,low_vol_trend,True,False,1.0
2023-05-05,69.2379997426651,0.009664062504577187,0.0067766789627239366,0.009617664144127054,0.0007283810411624625,0.049268945529000296,0.08320023943293475,68.55133626955266,66.29397991526068,63.520851162586034,0.07919423330916575,0.10272610676436614,0.1111412207343109,0.11634062460148613,0.012264035787890584,1.0351271581140862,1.3365167726597897,-0.4805110272156594,low_vol_trend,True,False,1.0
2023-05-08,69.65864363613926,0.006075332838001657,0.023725286457137118,0.006056952410696358,0.011180214052880277,0.04623703913686583,0.09314963722312575,68.70525977405228,66.42701432635477,63.636113482143585,0.07965832629503855,0.10347224983396362,0.10932580497181808,0.11636123855546746,0.013507332231060341,1.8175589141800739,1.4682236488543394,-0.47735495880032297,low_vol_trend,True,False,1.0
2023-05-09,68.65423484873112,-0.01441901155375136,0.008830911112303053,-0.014523975708881812,-0.00045010775552367654,0.01792190933165294,0.07950979733992991,68.76569736562554,66.53892227395917,63.74391996790763,0.07878049232375672,0.12900584569570106,0.11675905654084927,0.12066993832757598,0.0138585069109513,-0.2571328199350383,0.9755609903427542,-0.48489098368789196,low_vol_trend,True,False,1.0
2023-05-10,69.10082350063034,0.006504895916227271,0.016929213302209867,0.006483830384166859,0.0017635094048520372,0.007851071370242435,0.09786621104102777,68.79261183307301,66.65065218718306,63.854930912720626,0.07732654079763068,0.13153793748005524,0.1035978266611613,0.11865519707288638,0.014645586810242993,0.7054487140188804,1.1379477961425541,-0.48154025315127147,low_vol_trend,True,False,1.0
2023-05-11,69.61888452787623,0.007497175880127882,0.01521832000785217,0.007469211738125049,0.015010611542545682,0.011106802261280357,0.09694433741916764,68.8308492963347,66.77779824604698,63.97443601738445,0.07591177947439154,0.13170021853763939,0.10580978088828345,0.11846172148684975,0.014892075206006633,1.6610373356125396,1.3297382506983702,-0.47765326924238005,low_vol_trend,True,False,1.0
2023-05-12,69.19602887452665,-0.006073864242686522,-0.0006061825629630757,-0.006092385190001891,0.006166388495138619,0.0006052171838486498,0.09397577574323557,68.83294196110447,66.89389772020203,64.08605512175023,0.07407051082074134,0.13678579926407572,0.1073299109865511,0.11907022349995507,0.01470668499981265,0.7627645051244422,1.0929785891058927,-0.48082593237261295,low_vol_trend,True,False,1.0
2023-05-15,68.28837840841456,-0.013117088955464928,-0.019671144257161544,-0.013203877746440263,0.003587438667534748,-0.00905164148708848,0.08804642130041618,68.80175355891491,66.99339066651046,64.1867570470154,0.07189951205229339,0.14306365492224454,0.11658135221489883,0.12134592444643691,0.014139265571510354,-1.046085931872908,0.6315538287760041,-0.48763598480105197,low_vol_trend,True,False,1.0
2023-05-16,68.4638793431711,0.0025699971041472924,-0.002772669537129624,0.002566700308884418,0.006033756376947252,-0.0008642128447169384,0.08331619833229187,68.79879263184732,67.08716156337456,64.28937463114138,0.07014250840949376,0.14346119188125733,0.11534636979824951,0.12082720926213382,0.013398695545825772,-0.6797473303712799,0.6859387401185757,-0.4863192107657214,low_vol_trend,True,False,1.0
2023-05-17,69.69273283549731,0.017948931671935453,0.008565879607231652,0.017789751518274312,0.025640106512433425,0.013500089049713004,0.10530955969632916,68.84520891288976,67.1971410487286,64.40682856086578,0.06891164261922356,0.1666783023120076,0.131461409134384,0.12524957764241948,0.012540730773168012,1.5946086490709392,1.2503567952815453,-0.47709918937856943,low_vol_trend,True,False,1.0
2023-05-18,69.25567601097686,-0.006271196532816159,-0.0052170976217514875,-0.0062909430854230656,0.009921826924980781,-0.00017237932423619373,0.09476406354304956,68.84461189764515,67.29623983515249,64.51452251824054,0.06711805668530424,0.16758339361777108,0.1312421643100002,0.12625940001839436,0.011836456029227331,0.7741314683900984,0.9936160752775237,-0.48037840312914526,low_vol_trend,True,False,1.0
2023-05-19,69.06729310502733,-0.002720107820760709,-0.001860450254056456,-0.0027238140364354907,-0.0024655050445163695,-0.0017389198304851305,0.09521835804782253,68.83859631274437,67.3945156475179,64.62285223300992,0.06523611902077286,0.16114190953839655,0.13154583969133285,0.12619680963883692,0.011053566480943227,0.43348212731658214,0.8648021583481061,-0.4817918298986299,low_vol_trend,True,False,1.0
2023-05-22,69.77717102225004,0.010278061949571926,0.021801551721310597,0.010225601823600163,0.0017015459952092193,0.01290078369653691,0.10745244506012153,68.88303206621615,67.52680815344787,64.73648248363861,0.06405274774738534,0.16699956407985028,0.1354147109884335,0.12734618810543843,0.010913451590612385,1.5744996792213375,1.2073671194923696,-0.4764656542235537,mid_vol_neutral,True,False,0.6
2023-05-23,69.79445046831182,0.0002476375268389841,0.019434644047430005,0.00024760686972776435,0.016608088664785026,0.016150505479748833,0.10681473478107217,68.9384970612472,67.65823497255333,64.855595773908,0.0629537241716589,0.14589835125088327,0.13475280934747494,0.1273692557123103,0.011261435373047418,1.4247747418084535,1.1973102399906748,-0.47633600747295024,mid_vol_neutral,True,False,0.6
2023-05-24,69.94729817665615,0.0021899693645945906,0.0036526812883017623,0.002187574876951465,0.012249849323692663,0.014034961453035066,0.1012837662941366,68.98690306651187,67.78847223592163,64.97781283962313,0.06169937170375217,0.14349636424914408,0.1342472499848944,0.12685780936788194,0.01156264767432304,1.496374753871135,1.2657433170422447,-0.4751891993719747,mid_vol_neutral,True,False,0.6
2023-05-25,69.89385558243151,-0.0007640408653049047,0.009214834194290589,-0.000764332893283847,0.003949661882979072,0.01901956026577456,0.10483889007539626,69.05212999886393,67.90836443520979,65.10336273262288,0.0606538141886539,0.13936721296417687,0.13227154868967175,0.1264197934070849,0.011665077050487464,1.2654730410495774,1.2137150476445395,-0.47559017627020783,low_vol_trend,True,False,1.0
2023-05-26,70.67062860861978,0.011113609625844179,0.02321410658376788,0.011052307242059124,0.021310467639219954,0.0276082647568352,0.11483597208934415,69.1470637149537,68.03846674686733,65.23279042740194,0.06000468877547083,0.14355730470700687,0.13701772301051832,0.12788488639044787,0.012029365679298574,2.023926882173702,1.655268226508183,-0.46976209020531723,mid_vol_neutral,True,False,0.6
2023-05-29,70.61722845854865,-0.0007556201370000348,0.01203914437905107,-0.0007559057617873791,0.03410316812922187,0.037812949820788866,0.11535408258959179,69.2757114503981,68.1481510181349,65.35985359835657,0.05991228003821614,0.11786671168443703,0.12987730210132364,0.12784089912284133,0.011691941347964696,1.7333349312505357,1.567926414292543,-0.47016274864735896,low_vol_trend,True,False,1.0
2023-05-30,70.85844562116544,0.003415840126866243,0.015244695612822268,0.0034100193963371044,0.03497561489309886,0.041220405609444954,0.11106348836480873,69.41597060463786,68.26941721792238,65.48756671432383,0.05998701871839107,0.1177796548337544,0.1298110902853848,0.12738275390059922,0.011714964033691095,1.8152085958580915,1.6763623614731036,-0.46835290930348006,low_vol_trend,True,False,1.0
2023-05-31,70.71617776540857,-0.0020077755659146934,0.01099227002035974,-0.002009793849235346,0.014685102567680852,0.04070173667409582,0.10160519251609079,69.55425572248559,68.38480478066576,65.6087133095836,0.060137475860628564,0.08789348100445489,0.13000406479683801,0.12722189961536085,0.011519312227970719,1.5161712209028406,1.547877627394464,-0.46942033734187016,low_vol_trend,True,False,1.0
2023-06-01,71.75194864213543,0.014646873027596152,0.026584497939343477,0.01454064361240509,0.03604430387428348,0.046323756143936246,0.11588066227455673,69.71308895895916,68.52800230989583,65.74050786189336,0.06042820821237549,0.09839054003489575,0.1353216440963576,0.12998223628022737,0.011640216265204544,2.3318356578228925,2.1808081668460786,-0.4616490043918917,mid_vol_neutral,True,False,0.6
2023-06-02,71.42240016770015,-0.004592885359517074,0.010637680375587877,-0.004603465064155986,0.034098731205398636,0.03154915556708393,0.11330476745901774,69.82230898021092,68.66547922677812,65.86824158638774,0.06002995219839491,0.10211845120051308,0.1344935144163064,0.13038152425295943,0.011458304268849756,1.692444156394426,1.942674298579504,-0.46412158879790166,mid_vol_neutral,True,False,0.6
2023-06-05,72.28069929899948,0.012017226098311573,0.02355616153113771,0.011945592556680248,0.035878901939878416,0.03764149753699608,0.14436013413453264,69.95341176335393,68.79981709376321,65.99895945186616,0.059916888755978004,0.10571896946356649,0.13871044306909425,0.12694697770805724,0.01120898971364231,2.1312476579293214,2.421761469174927,-0.4576818167692821,mid_vol_neutral,True,False,0.6
2023-06-06,72.25362004921402,-0.000374640118981695,0.019689599677470637,-0.000374710314123562,0.03523445724411456,0.052427722898865436,0.1428355961250598,70.13338102337806,68.91133772976848,66.1239772474679,0.0606346433292273,0.10630792856449384,0.12510683570477568,0.12703569704830497,0.010977071957036785,1.8261838477574577,2.2509276852308124,-0.45788499091797363,low_vol_trend,True,False,1.0
2023-06-07,72.32720120496779,0.0010183732760193909,0.022781540101100672,0.0010178550857323227,0.03402423096173135,0.04669087198805988,0.14017033532712286,70.29469990859495,69.02656225030871,66.2498713371402,0.0610541347449709,0.10686994554669461,0.12434186555171999,0.1270397290845627,0.009535063511772385,1.649786279367688,2.1683373301757523,-0.4573329154801955,low_vol_trend,True,False,1.0
2023-06-08,72.1964811593142,-0.0018073427904826689,0.006195406892653077,-0.0018089780050229952,0.032944606613767524,0.03702438855373891,0.1298487245199964,70.42357974016684,69.1373312370713,66.37302467663204,0.061027127862094854,0.10812143624334664,0.12358107622980181,0.12685319629782055,0.00807054226812274,1.3733089027730367,1.9766720981530221,-0.4583137009230347,low_vol_trend,True,False,1.0
2023-06-09,74.61229927646004,0.033461715562215666,0.0446624462531362,0.03291405597239391,0.05577523145675656,0.07827429536100583,0.16280998558409365,70.69439326026352,69.29600583905223,66.51383735939065,0.06285242389917012,0.18464995270589293,0.1632753478696831,0.14220170600234952,0.009719413916136647,2.5115111392306084,3.1447897761308035,-0.440187948059372,mid_vol_neutral,True,False,0.6
2023-06-12,74.10067308898392,-0.006857129353169844,0.025179249891535527,-0.0068807474950114515,0.04932853790035119,0.08511396545115746,0.13768222165435895,70.98500799429198,69.44058716071638,66.64426337037035,0.06513305728654051,0.19280029375187202,0.1560106441536736,0.1410526605369569,0.010457883497825662,1.9137120211227987,2.6101072166778962,-0.4440266517129924,mid_vol_neutral,True,False,0.6
2023-06-13,74.45621261294481,0.004798060653699254,0.030484182830293305,0.004786586648026978,0.05077400386418729,0.08752547076302086,0.14910188684616998,71.28462465778067,69.5750764194542,66.76818894703929,0.06764352578626665,0.1926287505782654,0.15591409701594577,0.14030419974738112,0.010644933039609759,1.8767872932210368,2.5644055318155785,-0.441359057866071,mid_vol_neutral,True,False,0.6
2023-06-14,74.07891743725594,-0.005067343106077815,0.024219328317764743,-0.005080225627687322,0.04755262201815835,0.06293603971753803,0.14060920416847944,71.5039338878686,69.72621676320138,66.86590411617355,0.0693631505174428,0.19633541904918783,0.15039912490610743,0.14112691387501577,0.011079578256749099,1.4665856734042118,2.226039197204692,-0.44418988319296615,mid_vol_neutral,True,False,0.6
2023-06-15,72.72871040464818,-0.018226603186410895,0.007371955485746318,-0.01839475406509255,0.013613034642228072,0.05014801087380705,0.1259696112746056,71.67758560755217,69.8498922907,66.95977156926911,0.0704574392611621,0.21797646348479152,0.1655060857889964,0.1464250298083248,0.01272368355393677,0.621120401222128,1.4796772689447242,-0.45432041363900066,mid_vol_neutral,True,False,0.6
2023-06-16,73.15765486333905,0.00589786971753381,-0.019496040562040795,0.005880545368393157,0.024295664827344243,0.059222847377147,0.13337402564580625,71.88210369546775,69.99330748782799,67.06723625942577,0.07179164827095863,0.21620529812381165,0.1647257376379538,0.146527798905551,0.013894882039455558,0.7946552379873892,1.6488565534910467,-0.4511020665311257,mid_vol_neutral,True,False,0.6
2023-06-19,71.33139078463564,-0.02496340379027906,-0.0373718913595128,-0.025280274114621616,-0.013133637659437758,0.02227404378274378,0.08796903644233,71.95981468358704,70.08833183259776,67.15464680961355,0.07155376585623863,0.24792961900174432,0.1895141258492914,0.15394206099059776,0.017693796284179747,-0.4096809015123247,0.6670602256520892,-0.464804427283959,high_vol_trend,False,True,0.3
2023-06-20,70.3418133243776,-0.013872959006866803,-0.05525931475934209,-0.013970087858660718,-0.026459666983249197,0.007842498255850483,0.054954373300756254,71.98718282639031,70.14625843873999,67.23882808842768,0.07061923702355322,0.25578829817819704,0.19690921906175002,0.15363157877162553,0.021306243822832086,-1.0985804521870814,0.1071967044155358,-0.47222917352490523,high_vol_trend,False,False,0.3
2023-06-21,71.00883695129609,0.00948260494568931,-0.04144337676856813,0.00943792726586895,-0.01822777919935814,0.015176265592974802,0.0667437344899322,72.04025976512231,70.19518449473229,67.31640782075628,0.07017385652758312,0.2625454055768991,0.19944252897082984,0.15452024109239101,0.02422474382727971,-0.716615040609217,0.4486161148584274,-0.46722453127558194,high_vol_trend,False,False,0.3
2023-06-22,74.82608303380384,0.053757338472195215,0.028838303573462065,0.05236219445885554,0.036422853749436435,0.07056739695172998,0.1225366394634837,72.28687113769094,70.31462345015552,67.4396523046241,0.0718749084169652,0.3826845902941291,0.2737319374680264,0.18844976487984874,0.036559962711260385,1.7223215421711524,2.3530767927014606,-0.43858394007368096,high_vol_trend,False,True,0.3
2023-06-23,74.7595884237209,-0.0008886554980153116,0.021897005356094512,-0.0008890505863947036,0.001974059889444213,0.05785939499344406,0.12119365106360047,72.491319128446,70.42673170704731,67.55853109656339,0.0730150278849615,0.34525814996908377,0.27264908203766003,0.18851152052207068,0.04452838660597941,1.4911628745472825,2.1559978979224406,-0.4390828455420086,high_vol_trend,False,True,0.3
2023-06-26,75.6009144724535,0.011253754420959883,0.059854765774978835,0.011190902037279318,0.02024598861157445,0.07057323152848172,0.13053832347596095,72.74050342914123,70.56050706745226,67.68197918858884,0.07473960278935299,0.3465581932668581,0.27381194308129064,0.18946133756924793,0.05017274694224239,1.7833798680524253,2.3707844358751755,-0.4327704216352346,high_vol_trend,False,True,0.3
2023-06-27,75.40820805209658,-0.002548995891142658,0.07202536426457429,-0.002552250112343096,0.012785977230679979,0.06420917635218526,0.11333618890339947,72.9679915506878,70.69820927080374,67.80308747556381,0.07617505732294871,0.3469883951216834,0.27466930243864973,0.18835708182084457,0.05432498495611181,1.4833556282613394,2.1287115702882615,-0.434216287499821,high_vol_trend,False,True,0.3
2023-06-28,76.38736036359192,0.012984691412092575,0.07574442341570653,0.012901113022142304,0.03116194196940336,0.08019639603538442,0.14830394316207962,73.25155068059695,70.85066833378261,67.93233226631624,0.0783017193260449,0.3492732933574446,0.2760106541734016,0.18514333167373992,0.05734610257143252,1.8195516088694748,2.3703264795423205,-0.4268697605870182,high_vol_trend,False,True,0.3
2023-06-29,76.47772987356322,0.0011830427120553821,0.022073143117931515,0.001182343468461798,0.05154799869344906,0.06586275802762853,0.14926449306285505,73.48783974216835,70.9948706049365,68.05715896127904,0.07979587840243352,0.3287870533520437,0.2732500203216915,0.1851121375682376,0.05935303803103347,1.6358066851505226,2.2327995833598755,-0.42619172303422204,high_vol_trend,False,True,0.3
2023-06-30,76.63228810634945,0.0020209573825185068,0.0250496253673107,0.002018917995361636,0.04749514250424136,0.07294473339479568,0.16132586778464897,73.74833413910082,71.14376427100262,68.18428331540247,0.08160312836259531,0.3291418768597995,0.2717098753401168,0.18374884022073618,0.06032681563506143,1.5273753407442578,2.138144420794392,-0.42503208096073786,high_vol_trend,False,True,0.3
2023-07-03,77.42904650697224,0.010397163132034537,0.024181348165899008,0.010343484381986777,0.08548348287147078,0.07122713612213238,0.16294449808404488,74.00575149949944,71.31457608208578,68.32134497606908,0.08320103366556131,0.2842983972670218,0.2711094386609007,0.18398148729692676,0.06068802864885215,1.6916505801087736,2.268994477639771,-0.4190540457108002,high_vol_trend,False,True,0.3
2023-07-04,77.0736821550423,-0.004589548340853455,0.02208611165770069,-0.0046001126538496775,0.09570223615960893,0.06671031987802412,0.14275528481738853,74.24675460479087,71.4823467138328,68.45610577389184,0.08458922349491149,0.2672644841548616,0.2723354475294961,0.18325917906083958,0.05939185642610712,1.3526450855020549,2.0060131165840263,-0.42172032525143366,high_vol_trend,False,True,0.3
2023-07-05,76.83936524139207,-0.0030401676304874226,0.005917273167297177,-0.0030447983278773234,0.0821098970272538,0.062385436754800905,0.12071944527896883,74.47236280661207,71.6395504572334,68.59508918664544,0.0856806761191713,0.2743315135363981,0.27318032991894076,0.18113002764977648,0.057050056306366365,1.1190468839805054,1.8156828915250496,-0.4234783923999731,high_vol_trend,False,True,0.3
2023-07-06,76.85042649281922,0.00014395292559221673,0.00487326990317527,0.0001439425653640683,0.02705398140513182,0.06446221836262733,0.11613378339114888,74.70506007328733,71.80477264838197,68.72893148967617,0.0869521532501758,0.10233283020136467,0.27279644744771125,0.18110403126378594,0.0534350793033846,1.017907314833433,1.7267932116019926,-0.4233954004278919,high_vol_trend,False,True,0.3
2023-07-07,77.24379573604973,0.0051186344849663,0.007979764728565097,0.0051055788080112885,0.03322928021284577,0.0352689366915131,0.11697948951270076,74.83663489626682,71.97420947736647,68.86885060695982,0.08665433264402256,0.10088101889026194,0.24867213251826628,0.18115492041496475,0.051419688614832655,1.103016250944836,1.7639245369319336,-0.4204439722403319,high_vol_trend,False,True,0.3
2023-07-10,77.4158045360812,0.0022268299789309776,-0.00017102071494390358,0.0022243542676975555,0.024006191939503374,0.04473820963969244,0.12339853743742091,75.00239146862167,72.16164009309489,69.01538489407329,0.08674886887521382,0.09058619433606178,0.24653530666118798,0.18080448417100967,0.048303932646420834,1.0733907727119838,1.7343259390072407,-0.4191533995032465,high_vol_trend,False,True,0.3
2023-07-11,77.95764771406363,0.006999128682178668,0.01146909728852874,0.0069747484750565325,0.03380851670955676,0.04702676886508805,0.13768422795829127,75.17746322367762,72.35972779664876,69.16297710430673,0.08696106459240838,0.08867122785190934,0.24695415919177757,0.18037601088546773,0.04448406045074281,1.1890467334664447,1.8182123347104093,-0.4150879794017637,high_vol_trend,False,True,0.3
2023-07-12,76.96506958758582,-0.012732273940825323,0.001635936811799965,-0.01281402399133063,0.007562890264097177,0.03896050658103123,0.11925737027498151,75.32177083119412,72.5400196802314,69.30210097424396,0.08686128951829852,0.10317727047984404,0.25149080866957685,0.1829307566817023,0.0391016883811463,0.697556973160717,1.4370422076581653,-0.42253523947930205,high_vol_trend,False,True,0.3
2023-07-13,77.88405144200992,0.011940245871905564,0.013449827103916956,0.011869523540893871,0.018388641644720538,0.07088453801364603,0.1243934118773351,75.5795378830622,72.7261950308183,69.44833325537185,0.08828440281129568,0.11751075109359156,0.24187669569872294,0.18375416851916265,0.034285302104394406,0.9852072942997391,1.6553538066253262,-0.41564016825632377,high_vol_trend,False,True,0.3
2023-07-14,78.06504151877914,0.002323840034233138,0.010631867257477667,0.002321144093795848,0.018696471785382807,0.06707960588139761,0.1283096407370583,75.8249072158342,72.90273586634059,69.59835789080064,0.08946402636112438,0.11753303226162942,0.2417469821131736,0.18363561203281697,0.02800412101681271,0.9618192654985395,1.631633649582947,-0.41428220948492,high_vol_trend,False,True,0.3
2023-07-17,78.6361592212478,0.007315921331205288,0.015763637573485756,0.007289289789372157,0.015589920949973912,0.10240608456193945,0.14149980767619708,76.19014563766481,73.08228617804276,69.75465025219876,0.09225901588207308,0.11217584744586843,0.21752801829106264,0.18345145305782037,0.025199655132378936,1.1358598846798638,1.7194265246865093,-0.40999714420722444,high_vol_trend,False,True,0.3
2023-07-18,78.58582524387158,-0.0006400869253366803,0.008057933355198443,-0.0006402918684316039,0.019619447865322437,0.11719930905785936,0.14414578106549047,76.60234623363951,73.28091798594558,69.90992012995238,0.0957292769215996,0.10776847895860504,0.20714546248744098,0.18323135579216385,0.024038765980660893,1.1527977685480724,1.628537086265968,-0.4103747973211287,high_vol_trend,False,True,0.3
2023-07-19,78.96075022846159,0.004770898357643105,0.025929693191593994,0.004759553690599962,0.02760804934300487,0.11198484045893609,0.14470413298883633,76.99994189749779,73.4781165205022,70.06438435384263,0.0989883463276986,0.10469930260995024,0.20665944775496795,0.18325660477146008,0.023195006901644732,1.6339922620193161,1.6626873257626313,-0.40756175541004314,high_vol_trend,False,True,0.3
2023-07-20,78.25777370684214,-0.008902860213276687,0.004798444070548635,-0.0089427274714053,0.0183128094175824,0.04586222522817329,0.14096155499782936,77.1715264311497,73.65089430408152,70.21434627506426,0.0990848811556364,0.11976245635451603,0.10863869680477826,0.18398030348855315,0.03984112667710856,0.9740711626374492,1.3887101294483826,-0.41283615028662646,low_vol_trend,True,False,1.0
2023-07-21,77.66153530182144,-0.007618903231955465,-0.005168846504239988,-0.0076480753426371225,0.005408066263330458,0.03881705262544988,0.12926171878033155,77.31662377505472,73.82020443262742,70.35705107641473,0.09891791358738455,0.12686373047303795,0.11373848297423031,0.18508877049086858,0.04927713695080496,0.35806469792183543,1.1635582306727703,-0.41730969483889513,low_vol_trend,True,False,1.0
2023-07-24,77.59158479945191,-0.0009007097541618991,-0.013283639894681398,-0.0009011156369325364,0.0022705991938478665,0.0263312995734164,0.14031027922961425,77.41615729140464,74.00626856044816,70.49982961347932,0.09810417579509934,0.1266902397367301,0.10859029591292572,0.18331197277657707,0.05653564362199194,0.20037376449364816,1.1049043879983125,-0.41783452968040924,low_vol_trend,True,False,1.0
2023-07-25,77.01247340353368,-0.007463585096438519,-0.02002080954746488,-0.007491577014700919,-0.012124202541317075,0.021274412864031644,0.1316499831639273,77.49637055897651,74.17724044165541,70.63220100251499,0.09718187256003974,0.12593559354770492,0.11225375369829865,0.18434579255987113,0.061421474008506595,-0.6488961914324168,0.8940282072906837,-0.4221795712083477,low_vol_trend,True,False,1.0
2023-07-26,77.33891168542493,0.004238771558222387,-0.020539806655130555,0.004229813271892067,0.004857295651681026,0.012456921109772257,0.13816586595658786,77.54394812506816,74.33016401865397,70.76365253369127,0.09581607716120533,0.11022237140414606,0.10393320633160488,0.18423751916015907,0.06553578165781408,-0.29282137983843437,0.9597943469224395,-0.41973032240902575,low_vol_trend,True,False,1.0
2023-07-27,78.78567714848275,0.018706824695730262,0.0067456997130810326,0.01853400400808174,0.011576512646419568,0.030178030633690955,0.14889319669201062,77.65934548881413,74.52076404140408,70.90850193827829,0.09520499469036947,0.13279841874188847,0.1221637770281446,0.186788159242716,0.06709737083567029,1.596716664951507,1.3715451019713243,-0.4088753192740835,low_vol_trend,True,False,1.0
2023-07-28,79.46119033085074,0.008574060753389068,0.02317305500123279,0.008537512258573986,0.017884430532657092,0.0369152780688915,0.14765288752104166,77.80079060003919,74.72864198592055,71.06157881671923,0.09483622367442202,0.13791000248202132,0.12471123459608421,0.18661996976411724,0.0676791553030665,2.1581948933842545,1.534110376052949,-0.40380698034871165,low_vol_trend,True,False,1.0
2023-07-31,79.28127895335246,-0.0022641414852859754,0.021776770744763585,-0.0022667085291175966,0.008203856069439741,0.023921674487021205,0.1381398605387274,77.89340222235822,74.91872414454261,71.22276614899523,0.09365876157362774,0.13556206389134767,0.12124328996446004,0.18669438624993376,0.06764184912638842,1.6696549837888917,1.4227370584416053,-0.40515684569774213,low_vol_trend,True,False,1.0
2023-08-01,79.76768029920149,0.006135134955822519,0.035776112282888795,0.006116391638148579,0.015039036005059625,0.03495354145322782,0.16187559988043132,78.02810212956616,75.1181887411604,71.38821185685686,0.0930110182059638,0.13772609409152609,0.12041255417834892,0.18359362130708412,0.06668198557994662,1.9194296753056457,1.52416702891066,-0.40150740266855056,low_vol_trend,True,False,1.0
2023-08-02,81.12236229501124,0.016982843060353137,0.04892040147882404,0.016840246776974974,0.027375779235827125,0.055739620442777804,0.1739709917389225,78.24225198224713,75.34169002352749,71.56508112972456,0.09330207899043663,0.15793865543125873,0.1304161498784202,0.18579570990757246,0.06428919376925087,2.6262710493064843,1.8809804933226164,-0.39134329681528746,low_vol_trend,True,False,1.0
2023-08-03,80.5277255442297,-0.00733012123856891,0.022111232127431046,-0.007357118587386255,0.029006087572730044,0.04785007994398138,0.1566937058864457,78.42611693481766,75.55436742276345,71.73136592898662,0.09333087303061793,0.1548572088227968,0.13501279138461925,0.18665818778183574,0.060814251561796574,1.8154980129885179,1.6271818829556115,-0.3958048242422991,mid_vol_neutral,True,False,0.6
2023-08-04,81.22011447928931,0.008598143439172645,0.022135638053180084,0.008561389928249055,0.04582164341250672,0.05147751615970653,0.173768434407789,78.62493287197961,75.76535714017685,71.9019119435221,0.09350267255394207,0.145085883062581,0.13650760244285584,0.18620228855969753,0.05834630875872419,2.029154616996791,1.773057296565367,-0.3906098674558782,mid_vol_neutral,True,False,0.6
2023-08-07,81.14194379354666,-0.0009624547594374588,0.02346915772245528,-0.0009629182164142189,0.045757010934513564,0.048131505960502086,0.18822478560346467,78.8112398348529,75.97585144687682,72.06200123250585,0.09365877281940649,0.14515088541457757,0.13707537234121392,0.1834264892864014,0.05533987123990544,1.7109518582483405,1.6788851765365538,-0.3911963778892996,mid_vol_neutral,True,False,0.6
2023-08-08,80.77255403488732,-0.004552389817024771,0.012597504802905668,-0.004562783499606891,0.04882430683210748,0.03610814850581856,0.1797834830541769,78.95198515089409,76.17413361515123,72.22177541653681,0.0931880959107001,0.13902680152467664,0.1380514262330666,0.18406804752443628,0.051496367749335414,1.2876838399312227,1.502758224960917,-0.39396788929916415,mid_vol_neutral,True,False,0.6
2023-08-09,81.29647606683757,0.006486386845263814,0.002146310424160802,0.006465440765570411,0.05117171027063305,0.05627756204810086,0.16649861125018206,79.16855547485666,76.38573958117983,72.3852721809228,0.0937108211319484,0.13922471784491777,0.1276634249515276,0.18152670534968401,0.04633867498097861,1.4931153925709855,1.6150451982861176,-0.39003693058850686,low_vol_trend,True,False,1.0
2023-08-10,81.2428773730665,-0.0006592991032846607,0.008880814949181914,-0.0006595165365127308,0.03118841283743512,0.043125978539489074,0.17308619383326374,79.3364967714095,76.57555815579845,72.55178023284714,0.09351550736298342,0.1183646910114452,0.12342584212596207,0.1807134059632224,0.040931810835733135,1.3028700350576092,1.534451194988696,-0.3904390786932065,low_vol_trend,True,False,1.0
2023-08-11,80.78672699201118,-0.005614650733758331,-0.005335962526728966,-0.005630472134072721,0.01668156059129422,0.03486433133552258,0.16968138405486188,79.47258104507111,76.76284469228466,72.7141619595314,0.09294501790863063,0.1213861122935924,0.1264502908578224,0.1811828134499192,0.03358021008436021,0.8968415831899248,1.3386164748455387,-0.3938615503672921,low_vol_trend,True,False,1.0
2023-08-14,80.88178562110281,0.001176661471890439,-0.0032062107497176084,0.0011759697483438478,0.02018769990696123,0.028557172960810506,0.1591439497498659,79.58486236506386,76.93486641872673,72.86734175624497,0.0921883582811387,0.11946791471524898,0.12472906379906769,0.180511209257754,0.027615458525444787,0.8740787844235353,1.3198928461508936,-0.39314833060697796,low_vol_trend,True,False,1.0
2023-08-15,81.10571739451441,0.0027686304362843916,0.004124709978629459,0.002764804838522233,0.016774175835301497,0.03206547927470349,0.16206541996255353,79.71085697259599,77.11190836563274,73.01162304770061,0.09175571840826735,0.11740322110710907,0.124562589696571,0.18044916292134267,0.021107276958012164,0.9290731045645334,1.3449453646199951,-0.39146818260478644,low_vol_trend,True,False,1.0
2023-08-16,80.13725456533489,-0.011940746722807871,-0.014259185115842343,-0.012012610079951249,-0.012143479329335793,0.014899862697216548,0.1456804859416212,79.76968218943965,77.26810943284009,73.1473358415744,0.0905343478566083,0.10046905201737409,0.13278875058417317,0.18288332897243043,0.010068067772549814,0.24612515917914712,0.9833810254277744,-0.39873450690907275,low_vol_trend,True,False,1.0
2023-08-17,79.55921341570709,-0.007213138917262607,-0.020723834652335626,-0.0072392793828404516,-0.012027064243738672,0.016630165250294704,0.138286230638349,79.8347541748829,77.41536407796794,73.27634765751962,0.08950236641182063,0.10027081496961165,0.1312826739356478,0.18382503960443822,0.009555005681280255,-0.1897836946740626,0.754546554821604,-0.4030715184368939,low_vol_trend,True,False,1.0
2023-08-18,79.78621393258747,0.002853227264757896,-0.012384621789698791,0.0028491645379330123,-0.017654500438650245,0.027358184750130743,0.12898690026447368,79.9409881064212,77.5188423710905,73.40742410507136,0.08900413113526584,0.0879575436038465,0.1275238342329325,0.18289641277711424,0.009209794726806381,-0.11386640607834177,0.8008318704820793,-0.4013683458181876,low_vol_trend,True,False,1.0
2023-08-21,79.53141430020011,-0.0031935295564048394,-0.016695617072904567,-0.003198639754531491,-0.019848298155689892,0.02500051398308223,0.12623245114871606,80.03797958145861,77.62745719531482,73.5340221780156,0.08844827483661688,0.08809994382421177,0.12832512937719676,0.18312643021420297,0.008324119732202723,-0.406096890733253,0.6796263377898015,-0.4032800936992168,low_vol_trend,True,False,1.0
2023-08-22,78.209747001246,-0.016618179251350007,-0.03570611895560749,-0.0167578102961264,-0.03172868636213222,0.015546489351650816,0.10374629750394515,80.09784326134422,77.70252788308083,73.63880215126751,0.0877124684457613,0.11472758354170504,0.14015439471823957,0.1870478268937571,0.008160194754559645,-1.6912158509752386,0.1834550411493179,-0.413196492064972,mid_vol_neutral,True,False,0.6
2023-08-23,77.27341774550618,-0.01197202767738026,-0.03573664752258088,-0.012044269567619366,-0.0494862571659791,-0.000846843309421641,0.09272616517609822,80.0945685643483,77.76641788924584,73.7463173262236,0.08608228137064278,0.10835376031853097,0.14655849210753324,0.18899914503771303,0.007088726605318588,-2.507700521805813,-0.18152727383396974,-0.42022171990315393,mid_vol_neutral,False,False,0.6
2023-08-24,77.68078313288103,0.005271740260233804,-0.023610468256027417,0.005257893281346259,-0.04384500346816089,-0.014024046699749548,0.08262959547364779,80.03932386356821,77.86545934381051,73.85767581725526,0.08369675836548263,0.11866943659469742,0.13071426804857977,0.18719182986004296,0.006847988438372841,-1.939440115138846,-0.0705712916838473,-0.41716527940195824,low_vol_trend,True,False,1.0
2023-08-25,77.35489915167788,-0.004195168586878073,-0.030472868194545977,-0.0042039929951819726,-0.04248009503680805,-0.026507168724794306,0.08306216215148465,79.93400930460956,77.94940422957728,73.97135585870264,0.08060759974842924,0.11849257013809682,0.12652385459882445,0.18713928920049858,0.006780672924279658,-1.907112815594034,-0.23511182177870232,-0.419610369313153,low_vol_trend,True,False,1.0
2023-08-28,77.16625157259611,-0.002438728266090484,-0.02973872335120853,-0.0024417068074224484,-0.0459378340868043,-0.02667751338876334,0.06759138083856708,79.82825793557174,78.06610144533649,74.07721663896712,0.07763576383591309,0.11515119870186835,0.12654279366514504,0.1859771124857526,0.006498777070574591,-1.7955917627724325,-0.3837451278654807,-0.4210257819108548,low_vol_trend,True,False,1.0
2023-08-29,77.64809071254773,0.006244169311480974,-0.007181410377012587,0.006224755260785664,-0.04263110903942935,-0.026572034923209142,0.07466021300606629,79.72227845623907,78.21222699309989,74.17924271591994,0.07472488983942549,0.12252163455199006,0.12662856436961523,0.18623873537323218,0.00611646919123839,-1.328945932952205,-0.2732364069282426,-0.41741056886612393,low_vol_trend,True,False,1.0
2023-08-30,78.28647705142147,0.008221532983174518,0.013110062107667186,0.008187920287132052,-0.02309509508345453,-0.03495811960303541,0.08239328699538229,79.58048419405957,78.3577797951024,74.27648214491734,0.07140890219859686,0.12904096390088732,0.11291306693840107,0.1867818239847178,0.007341058518603578,-0.8317864785989869,-0.03997014535566622,-0.41262079064240786,low_vol_trend,True,False,1.0
2023-08-31,77.82231418211167,-0.005929029977998934,0.0018219570339363944,-0.00594667646183243,-0.021831528480804607,-0.033596023528965624,0.07792392277932603,79.44521362595367,78.41770441806855,74.36616393411204,0.06829785783144127,0.12782843036290367,0.1121018981281112,0.18727331227473823,0.00827414585964036,-1.0230619881019745,-0.34783437152567137,-0.41610337958314236,low_vol_trend,True,False,1.0
2023-09-01,78.03872727816494,0.002780861740333762,0.008840139848753426,0.00277700229771956,-0.021902112762224868,-0.03916994234150706,0.045923098938541074,79.28614426589745,78.48328719515743,74.45500945110237,0.06488663221469171,0.12774920903792347,0.10680199845278818,0.1749302984303567,0.009443987031559686,-0.8005354667051181,-0.272814093010014,-0.4144796438111149,low_vol_trend,True,False,1.0
